competitionCode,teamShortName,playerName,profileUrl,seasonMatches,seasonStarts,seasonMinutes,seasonTries,seasonYellowCards,seasonRedCards,contractEndDate,careerHistory
TOP14,TOU,Benjamin BERTRAND,https://www.allrugby.com/joueurs/benjamin-bertrand-15364.html,1,0,31,,,,2023-06-30,Stade Toulousain (2023 - 2023) | Blagnac (2024 - 2024) | Stade Toulousain (2024 - 2027)
TOP14,TOU,Cyril BAILLE,https://www.allrugby.com/joueurs/cyril-baille-1089.html,1,1,53,1,,,2027-06-30,Stade Toulousain (2009 - 2027)
TOP14,TOU,David AINU'U,https://www.allrugby.com/joueurs/david-ainu-u-7053.html,16,7,631,1,,,2027-06-30,Stade Toulousain (2017 - 2027)
TOP14,TOU,Dorian ALDEGHERI,https://www.allrugby.com/joueurs/dorian-aldegheri-1196.html,1,1,62,,,,2027-06-30,Stade Toulousain (2004 - 2027)
TOP14,TOU,Georges-Henri COLOMBE,https://www.allrugby.com/joueurs/georges-henri-colombe-5276.html,2,0,39,1,,,2027-06-30,Racing 92 (2018 - 2022) | Stade Rochelais (2022 - 2025) | Stade Toulousain (2025 - 2027)
TOP14,TOU,Joël MERKLER,https://www.allrugby.com/joueurs/joel-merkler-8864.html,17,12,752,1,,,2027-06-30,Stade Toulousain (2017 - 2027)
TOP14,TOU,Luke TAGI,https://www.allrugby.com/joueurs/luke-tagi-8934.html,12,7,466,,,,,Provence Rugby (2021 - 2023) | Aviron Bayonnais (2023 - 2027)
TOP14,TOU,Malachi HAWKES,https://www.allrugby.com/joueurs/malachi-hawkes-11727.html,16,8,724,,,,2026-06-30,Stade Toulousain (2026 - 2026) | Provence Rugby (2026 - 2026) | Stade Toulousain (2026 - 2027)
TOP14,TOU,Martin VILLAR,https://www.allrugby.com/joueurs/martin-villar-15092.html,6,1,168,1,,,,Stade Montois Rugby Pro (2025 - 2025) | Aviron Bayonnais (2025 - 2025) | Oyonnax Rugby (2025 - 2027)
TOP14,TOU,Paul MALLEZ,https://www.allrugby.com/joueurs/paul-mallez-7696.html,1,1,52,,,,2024-06-30,Stade Toulousain (2024 - 2024) | Provence Rugby (2024 - 2025) | Stade Toulousain (2025 - 2027)
TOP14,TOU,Matis PERCHAUD,https://www.allrugby.com/joueurs/matis-perchaud-10981.html,2,1,121,,,,,Aviron Bayonnais (2017 - 2024) | Union Bordeaux-Bègles (2024 - 2027)
TOP14,TOU,Rodrigue NETI,https://www.allrugby.com/joueurs/rodrigue-neti-2375.html,2,1,83,,,,2027-06-30,Stade Toulousain (2012 - 2027)
TOP14,TOU,Pascal COTET,https://www.allrugby.com/joueurs/pascal-cotet-1906.html,2,2,102,,,,,Racing Club Narbonnais (2018 - 2022) | Aviron Bayonnais (2022 - 2026) | Provence Rugby (2026 - 2027)
TOP14,TOU,Julien MARCHAND,https://www.allrugby.com/joueurs/julien-marchand-2523.html,2,2,102,2,,,2027-06-30,Stade Toulousain (2010 - 2027)
TOP14,TOU,Pierre CASTILLON,https://www.allrugby.com/joueurs/pierre-castillon-17309.html,6,0,147,,,,,Aviron Bayonnais (2018 - 2027)
TOP14,TOU,Pieter SCHOLTZ,https://www.allrugby.com/joueurs/pieter-scholtz-6324.html,17,10,742,1,,,,Wasps (2021 - 2022) | Aviron Bayonnais (2022 - 2025) | Mitsubishi Sagamihara Dynaboars (2025 - 2026)
TOP14,TOU,Péato MAUVAKA,https://www.allrugby.com/joueurs/peato-mauvaka-4763.html,2,0,58,,,,2027-06-30,Stade Toulousain (2013 - 2027)
TOP14,TOU,Quentin BÉTHUNE,https://www.allrugby.com/joueurs/quentin-bethune-3326.html,8,2,201,,,,,Stade Français Paris Rugby (2019 - 2022) | Aviron Bayonnais (2022 - 2025)
TOP14,TOU,Clément VERGÉ,https://www.allrugby.com/joueurs/clement-verge-9776.html,23,13,1131,2,,,2027-06-30,Stade Toulousain (2018 - 2027)
TOP14,TOU,Swan CORMENIER,https://www.allrugby.com/joueurs/swan-cormenier-5203.html,1,0,35,,,,,Sporting Club Albigeois (2017 - 2019) | Aviron Bayonnais (2019 - 2027)
TOP14,TOU,Emmanuel MEAFOU,https://www.allrugby.com/joueurs/emmanuel-meafou-7337.html,2,2,99,1,,,2027-06-30,Stade Toulousain (2018 - 2027)
TOP14,TOU,Tevita TATAFU,https://www.allrugby.com/joueurs/tevita-tatafu-11206.html,2,1,75,1,,,,Aviron Bayonnais (2019 - 2027)
TOP14,TOU,Joshua BRENNAN,https://www.allrugby.com/joueurs/joshua-brennan-8294.html,2,1,111,,,,2027-06-30,Stade Toulousain (2012 - 2027)
TOP14,TOU,Facundo BOSCH,https://www.allrugby.com/joueurs/facundo-bosch-5142.html,20,15,867,2,,,,Stade Rochelais (2019 - 2022) | Aviron Bayonnais (2022 - 2027)
TOP14,TOU,Roméo MARTIN-BONNARD,https://www.allrugby.com/joueurs/romeo-martin-bonnard-18173.html,2,1,88,,,,2027-06-30,US Tyrosse (2021 - 2022) | Stade Toulousain (2022 - 2027)
TOP14,TOU,Thibaud FLAMENT,https://www.allrugby.com/joueurs/thibaud-flament-8962.html,2,1,110,,,,2027-06-30,Loughborough University (2018 - 2019) | Wasps (2019 - 2020) | Stade Toulousain (2020 - 2027)
TOP14,TOU,Louis ORTOLAN,https://www.allrugby.com/joueurs/louis-ortolan-12322.html,2,0,16,,,,,Aviron Bayonnais (2017 - 2024)
TOP14,TOU,Alexandre ROUMAT,https://www.allrugby.com/joueurs/alexandre-roumat-3699.html,2,2,144,,,,2027-06-30,Union Bordeaux-Bègles (2017 - 2022) | Stade Toulousain (2022 - 2027)
TOP14,TOU,Anthony JELONCH,https://www.allrugby.com/joueurs/anthony-jelonch-4142.html,10,9,639,3,,,2027-06-30,Castres Olympique (2014 - 2021) | Stade Toulousain (2021 - 2027)
TOP14,TOU,Thomas ACQUIER,https://www.allrugby.com/joueurs/thomas-acquier-1418.html,13,2,394,2,,,,CA Brive Corrèze Limousin (2014 - 2022) | Aviron Bayonnais (2022 - 2024) | US Tyrosse (2024 - 2026)
TOP14,TOU,François CROS,https://www.allrugby.com/joueurs/francois-cros-3419.html,2,2,152,,,,2027-06-30,Stade Toulousain (2009 - 2027)
TOP14,TOU,Vincent GIUDICELLI,https://www.allrugby.com/joueurs/vincent-giudicelli-4847.html,2,1,88,2,,,,Montpellier Hérault Rugby (2017 - 2023) | Aviron Bayonnais (2023 - 2026) | Provence Rugby (2026 - 2027)
TOP14,TOU,Jack WILLIS,https://www.allrugby.com/joueurs/jack-willis-4797.html,1,1,60,,,,2027-06-30,Wasps (2023 - 2023) | Stade Toulousain (2023 - 2027)
TOP14,TOU,Léo BANOS,https://www.allrugby.com/joueurs/leo-banos-10745.html,18,13,984,2,,,2024-06-30,Stade Toulousain (2024 - 2024) | Stade Montois Rugby Pro (2024 - 2024) | Stade Toulousain (2024 - 2027)
TOP14,TOU,Denis MARCHOIS,https://www.allrugby.com/joueurs/denis-marchois-3589.html,14,7,654,1,,,,Section Paloise Béarn Pyrénées (2019 - 2021) | Aviron Bayonnais (2021 - 2025) | Sporting Union Agenais (2025 - 2027)
TOP14,TOU,Théo NTAMACK,https://www.allrugby.com/joueurs/theo-ntamack-8340.html,2,0,36,,,,2027-06-30,Stade Toulousain (2014 - 2027)
TOP14,TOU,Antoine DUPONT,https://www.allrugby.com/joueurs/antoine-dupont-2558.html,2,2,148,,,,2027-06-30,Castres Olympique (2014 - 2017) | Stade Toulousain (2017 - 2027)
TOP14,TOU,Paul GRAOU,https://www.allrugby.com/joueurs/paul-graou-5286.html,2,0,12,,,,2027-06-30,Sporting Union Agenais (2021 - 2022) | Stade Toulousain (2022 - 2027)
TOP14,TOU,Romain NTAMACK,https://www.allrugby.com/joueurs/romain-ntamack-5082.html,2,2,160,1,,,2027-06-30,Stade Toulousain (2013 - 2027)
TOP14,TOU,Konstantine MIKAUTADZE,https://www.allrugby.com/joueurs/konstantine-mikautadze-1279.html,2,1,84,,,,,Montpellier Hérault Rugby (2016 - 2020) | Aviron Bayonnais (2020 - 2024) | CA Brive Corrèze Limousin (2024 - 2027)
TOP14,TOU,Lucas PAULOS,https://www.allrugby.com/joueurs/lucas-paulos-7501.html,2,2,102,,,,,Jaguares (2018 - 2020) | CA Brive Corrèze Limousin (2020 - 2023) | Aviron Bayonnais (2023 - 2027)
TOP14,TOU,Célian POUZELGUES,https://www.allrugby.com/joueurs/celian-pouzelgues-14148.html,9,2,379,3,,,2027-06-30,Avenir Valencien (2018 - 2022) | Stade Toulousain (2022 - 2027)
TOP14,TOU,Manuel LEINDEKAR,https://www.allrugby.com/joueurs/manuel-leindekar-5612.html,2,2,160,,,,,Oyonnax Rugby (2024 - 2026) | FC Grenoble Rugby (2026 - 2027)
TOP14,TOU,Kalvin GOURGUES,https://www.allrugby.com/joueurs/kalvin-gourgues-15353.html,2,1,154,1,,,2027-06-30,Stade Toulousain (2019 - 2027)
TOP14,TOU,Thomas CEYTE,https://www.allrugby.com/joueurs/thomas-ceyte-3465.html,1,1,80,,,,,USON Nevers Rugby (2017 - 2022) | Aviron Bayonnais (2022 - 2024) | ASM Clermont Auvergne (2024 - 2027)
TOP14,TOU,Pierre-Louis BARASSI,https://www.allrugby.com/joueurs/pierre-louis-barassi-4845.html,1,1,6,,,,2027-06-30,Lyon Olympique Universitaire Rugby (2016 - 2022) | Stade Toulousain (2022 - 2027)
TOP14,TOU,Santiago CHOCOBARES,https://www.allrugby.com/joueurs/santiago-chocobares-7504.html,1,1,80,1,,,2027-06-30,Stade Toulousain (2020 - 2027)
TOP14,TOU,Tommaso MENONCELLO,https://www.allrugby.com/joueurs/tommaso-menoncello-11071.html,1,1,80,1,,,2027-06-30,Stade Toulousain (2026 - 2027)
TOP14,TOU,Arthur ITURRIA,https://www.allrugby.com/joueurs/arthur-iturria-3366.html,19,17,1114,2,,,,ASM Clermont Auvergne (2012 - 2023) | Aviron Bayonnais (2023 - 2027)
TOP14,TOU,Matthis LEBEL,https://www.allrugby.com/joueurs/matthis-lebel-6346.html,1,1,80,,,,2027-06-30,Stade Toulousain (2013 - 2027)
TOP14,TOU,Nelson ÉPÉE,https://www.allrugby.com/joueurs/nelson-epee-8287.html,1,0,14,,,,2027-06-30,Stade Toulousain (2017 - 2027)
TOP14,TOU,Baptiste HÉGUY,https://www.allrugby.com/joueurs/baptiste-heguy-5427.html,15,8,769,,,,,Aviron Bayonnais (2012 - 2027)
TOP14,TOU,Teddy THOMAS,https://www.allrugby.com/joueurs/teddy-thomas-1038.html,2,1,86,1,,,2027-06-30,Stade Rochelais (2022 - 2025) | Stade Toulousain (2025 - 2027)
TOP14,TOU,Ange CAPUOZZO,https://www.allrugby.com/joueurs/ange-capuozzo-7827.html,2,2,144,1,,,2027-06-30,FC Grenoble Rugby (2010 - 2022) | Stade Toulousain (2022 - 2027)
TOP14,TOU,Blair KINGHORN,https://www.allrugby.com/joueurs/blair-kinghorn-4243.html,1,0,15,,,,2027-06-30,Edimbourg Rugby (2024 - 2024) | Stade Toulousain (2024 - 2027)
TOP14,TOU,Juan Cruz MALLÍA,https://www.allrugby.com/joueurs/juan-cruz-mallia-6408.html,2,2,155,3,,,2027-06-30,Stade Toulousain (2020 - 2027)
TOP14,TOU,Matias REMUE,https://www.allrugby.com/joueurs/matias-remue-12512.html,7,6,496,3,,,2027-06-30,Stade Toulousain (2022 - 2027)
TOP14,TOU,Thomas RAMOS,https://www.allrugby.com/joueurs/thomas-ramos-2182.html,2,2,145,,,,2027-06-30,US Colomiers (2016 - 2017) | Stade Toulousain (2017 - 2027)
TOP14,TOU,Badri TSIKHISTAVI,https://www.allrugby.com/joueurs/badri-tsikhistavi-13791.html,4,1,91,,,,,Black Lion (2025 - 2026) | Stade Olympique Chambéry (2026 - 2027)
TOP14,TOU,Benjamin LAHET,https://www.allrugby.com/joueurs/benjamin-lahet-13667.html,,,,,,,,Aviron Bayonnais (2018 - 2025) | Capbreton Hossegor Rugby (2025 - 2026)
TOP14,TOU,Dylane GIGAN,https://www.allrugby.com/joueurs/dylane-gigan-23601.html,,,,,,,2027-06-30,Stade Toulousain (2023 - 2027)
TOP14,TOU,Gaëtan GRANIÉ,https://www.allrugby.com/joueurs/gaetan-granie-21408.html,,,,,,,2027-06-30,Union Sportive Montalbanaise (2014 - 2021) | Stade Toulousain (2021 - 2027)
TOP14,TOU,Imanol THICOÏPE,https://www.allrugby.com/joueurs/imanol-thicoipe-17615.html,,,,,,,,Aviron Bayonnais (2011 - 2024)
TOP14,TOU,Herman MEKENESE,https://www.allrugby.com/joueurs/herman-mekenese-18283.html,,,,,,,2027-06-30,Stade Toulousain (2020 - 2027)
TOP14,TOU,Lucas OFFICIAL,https://www.allrugby.com/joueurs/lucas-official-22806.html,2,0,44,,,,,AS Urruñarrak (2015 - 2016) | Aviron Bayonnais (2016 - 2027)
TOP14,TOU,Joe LAFARGE,https://www.allrugby.com/joueurs/joe-lafarge-21406.html,,,,,,,2027-06-30,Stade Toulousain (2024 - 2027)
TOP14,TOU,Melvin WEVERS,https://www.allrugby.com/joueurs/melvin-wevers-21375.html,,,,,,,2027-06-30,Stade Toulousain (2025 - 2027)
TOP14,TOU,Naïme SANS-NAHORT,https://www.allrugby.com/joueurs/naime-sans-nahort-23602.html,,,,,,,2027-06-30,Blagnac (2021 - 2023) | Stade Toulousain (2023 - 2027)
TOP14,TOU,Noa TINNIRELLO,https://www.allrugby.com/joueurs/noa-tinnirello-21405.html,,,,,,,2027-06-30,Stade Lavelanétien (2020 - 2022) | Stade Toulousain (2022 - 2027)
TOP14,TOU,Matéo GUÉRIN,https://www.allrugby.com/joueurs/mateo-guerin-17618.html,,,,,,,,Stade Bordelais (2021 - 2023) | Aviron Bayonnais (2023 - 2024) | US Dax Rugby Landes (2024 - 2026)
TOP14,TOU,Rafaël GALLARDO,https://www.allrugby.com/joueurs/rafael-gallardo-21409.html,,,,,,,2027-06-30,Union Athlétique Gaillacoise (2020 - 2022) | Stade Toulousain (2022 - 2027)
TOP14,TOU,Tomás RAPETTI,https://www.allrugby.com/joueurs/tomas-rapetti-15496.html,1,0,15,,,,2027-06-30,Pampas XV (2024 - 2025) | Stade Toulousain (2025 - 2027)
TOP14,TOU,Enzo FLUXA,https://www.allrugby.com/joueurs/enzo-fluxa-21410.html,,,,,,,2027-06-30,Racing Club Narbonnais (2016 - 2024) | Stade Toulousain (2024 - 2027)
TOP14,TOU,Guilhem LACAND,https://www.allrugby.com/joueurs/guilhem-lacand-23603.html,,,,,,,2027-06-30,Stade Toulousain (2023 - 2027)
TOP14,TOU,Peïo DOSPITAL,https://www.allrugby.com/joueurs/peio-dospital-21295.html,,,,,,,,Aviron Bayonnais (2022 - 2025) | Biarritz Olympique Pays Basque (2025 - 2026)
TOP14,TOU,Jules LUSCAN,https://www.allrugby.com/joueurs/jules-luscan-23604.html,,,,,,,2027-06-30,Stade Toulousain (2022 - 2027)
TOP14,TOU,Mathis CAUBLOT,https://www.allrugby.com/joueurs/mathis-caublot-18285.html,,,,,,,2027-06-30,Stade Toulousain (2019 - 2027)
TOP14,TOU,Maxime GARDELLE,https://www.allrugby.com/joueurs/maxime-gardelle-18287.html,,,,,,,2024-06-30,Toulouse Electrogaz Club (2018 - 2024) | Stade Toulousain (2024 - 2027)
TOP14,TOU,Sacha SÉGARD,https://www.allrugby.com/joueurs/sacha-segard-18289.html,,,,,,,2027-06-30,Stade Toulousain (2012 - 2027)
TOP14,TOU,Thomas LACOMBRE,https://www.allrugby.com/joueurs/thomas-lacombre-14299.html,16,7,643,1,,,2027-06-30,Saint-Girons SC Couserans (2018 - 2019) | Stade Toulousain (2019 - 2027)
TOP14,TOU,Alban PORTAT,https://www.allrugby.com/joueurs/alban-portat-21412.html,3,0,66,,,,2024-06-30,Toulouse Electrogaz Club (2021 - 2024) | Stade Toulousain (2024 - 2027)
TOP14,TOU,Aleix RIBERA,https://www.allrugby.com/joueurs/aleix-ribera-20263.html,,,,,,,2027-06-30,Stade Toulousain (2024 - 2027)
TOP14,TOU,Rafaël CAYUELA,https://www.allrugby.com/joueurs/rafael-cayuela-21054.html,,,,,,,,Aviron Bayonnais (2019 - 2024) | Stado Tarbes Pyrénées Rugby (2024 - 2026)
TOP14,TOU,Efraín ELÍAS,https://www.allrugby.com/joueurs/efrain-elias-15483.html,21,10,967,3,,,2027-06-30,Jockey Club Cordoba (2024 - 2024) | Dogos XV (2024 - 2024) | Stade Toulousain (2024 - 2027)
TOP14,TOU,Eliot BARRIÉ,https://www.allrugby.com/joueurs/eliot-barrie-21415.html,,,,,,,2027-06-30,Stade Toulousain (2024 - 2027)
TOP14,TOU,Jules MARTIN-BONNARD,https://www.allrugby.com/joueurs/jules-martin-bonnard-20849.html,,,,,,,2027-06-30,Aviron Bayonnais (2023 - 2026) | Stade Toulousain (2026 - 2027)
TOP14,TOU,Yonn RAMOND,https://www.allrugby.com/joueurs/yonn-ramond-21382.html,,,,,,,,Aviron Bayonnais (2023 - 2025) | Rugby Club de Saint-Médard en Jalles (2025 - 2026)
TOP14,TOU,Mathis THOMAS,https://www.allrugby.com/joueurs/mathis-thomas-21411.html,,,,,,,2027-06-30,Stade Toulousain (2022 - 2027)
TOP14,TOU,Matteo ROSI,https://www.allrugby.com/joueurs/matteo-rosi-23606.html,,,,,,,2027-06-30,Stade Toulousain (2025 - 2027)
TOP14,TOU,Preston TEKORI,https://www.allrugby.com/joueurs/preston-tekori-23656.html,,,,,,,2027-06-30,Stade Toulousain (2016 - 2027)
TOP14,TOU,Rayane BENHERROU,https://www.allrugby.com/joueurs/rayane-benherrou-21414.html,,,,,,,2027-06-30,Sporting Union Agenais (2023 - 2024) | Stade Toulousain (2024 - 2027)
TOP14,TOU,Hugo AFONSO,https://www.allrugby.com/joueurs/hugo-afonso-17608.html,,,,,,,,Aviron Bayonnais (2015 - 2024) | Saint Jean-de-Luz Olympique Rugby (2024 - 2025)
TOP14,TOU,Jokin DUHALT,https://www.allrugby.com/joueurs/jokin-duhalt-22601.html,,,,,,,,Aviron Bayonnais (2022 - 2026)
TOP14,TOU,Thomas WARMÉ,https://www.allrugby.com/joueurs/thomas-warme-23607.html,,,,,,,2027-06-30,US Colomiers (2017 - 2022) | Stade Toulousain (2022 - 2027)
TOP14,TOU,Tsiaro Yohan RANDRIANARY,https://www.allrugby.com/joueurs/tsiaro-yohan-randrianary-23600.html,,,,,,,2027-06-30,Stade Toulousain (2016 - 2027)
TOP14,TOU,Mathéo FUTHAZAR,https://www.allrugby.com/joueurs/matheo-futhazar-23117.html,,,,,,,,Aviron Bayonnais (2022 - 2026) | Association Sportive Béziers Hérault (2026 - 2027)
TOP14,TOU,Azur HOT-SIMON,https://www.allrugby.com/joueurs/azur-hot-simon-21416.html,,,,,,,2027-06-30,Stade Toulousain (2022 - 2027)
TOP14,TOU,Baptiste VIALAS,https://www.allrugby.com/joueurs/baptiste-vialas-23605.html,,,,,,,2027-06-30,Stade Toulousain (2014 - 2027)
TOP14,TOU,Max BRU,https://www.allrugby.com/joueurs/max-bru-18004.html,,,,,,,,Aviron Bayonnais (2018 - 2024) | Anglet Olympique Rugby Club (2024 - 2025)
TOP14,TOU,Bobby BRENNAN,https://www.allrugby.com/joueurs/bobby-brennan-21413.html,,,,,,,2027-06-30,Entente de la vallée du Girou XV (2017 - 2021) | Stade Toulousain (2021 - 2027)
TOP14,TOU,Élias LIBOUREL,https://www.allrugby.com/joueurs/elias-libourel-23608.html,,,,,,,2027-06-30,US Ramonville-Saint-Agne (2024 - 2026) | Stade Toulousain (2026 - 2027)
TOP14,TOU,Guillaume RAYNAUD,https://www.allrugby.com/joueurs/guillaume-raynaud-18295.html,,,,,,,2027-06-30,Stade Toulousain (2019 - 2027)
TOP14,TOU,Heinz LEMOTO,https://www.allrugby.com/joueurs/heinz-lemoto-20298.html,,,,,,,2027-06-30,Stade Toulousain (2025 - 2027)
TOP14,TOU,Hugo IBRES,https://www.allrugby.com/joueurs/hugo-ibres-21417.html,,,,,,,2027-06-30,Stade Toulousain (2020 - 2027)
TOP14,TOU,Yon CAPÉRAÀ,https://www.allrugby.com/joueurs/yon-caperaa-20327.html,,,,,,,,Aviron Bayonnais (2022 - 2025) | Section Paloise Béarn Pyrénées (2025 - 2027)
TOP14,TOU,Hugo SOUBRE,https://www.allrugby.com/joueurs/hugo-soubre-21420.html,,,,,,,2027-06-30,Stade Toulousain (2018 - 2027)
TOP14,TOU,Aiden STAIT,https://www.allrugby.com/joueurs/aiden-stait-16308.html,,,,,,,,Aviron Bayonnais (2023 - 2026)
TOP14,TOU,Marc-Élie KOUASSI,https://www.allrugby.com/joueurs/marc-elie-kouassi-21418.html,,,,,,,2027-06-30,Stade Toulousain (2014 - 2027)
TOP14,TOU,Marceau MARZULLO,https://www.allrugby.com/joueurs/marceau-marzullo-18170.html,5,5,318,1,,,2027-06-30,Montpellier Hérault Rugby (2020 - 2021) | Stade Toulousain (2021 - 2027)
TOP14,TOU,Martin LABARTHE,https://www.allrugby.com/joueurs/martin-labarthe-21419.html,,,,,,,2027-06-30,Stade Toulousain (2022 - 2027)
TOP14,TOU,Mathis CASTRO-FERREIRA,https://www.allrugby.com/joueurs/mathis-castro-ferreira-14784.html,9,4,382,1,,,2027-06-30,Stade Toulousain (2018 - 2027)
TOP14,TOU,Dylan INDABURU,https://www.allrugby.com/joueurs/dylan-indaburu-17616.html,,,,,,,,Section Paloise Béarn Pyrénées (2017 - 2019) | Avenir Bizanos (2021 - 2023) | Aviron Bayonnais (2023 - 2024)
TOP14,TOU,Lorenzo FERRARI,https://www.allrugby.com/joueurs/lorenzo-ferrari-21422.html,,,,,,,2027-06-30,Stade Toulousain (2025 - 2027)
TOP14,TOU,Hugo LECLERQ,https://www.allrugby.com/joueurs/hugo-leclerq-23766.html,,,,,,,,AS Sain-Martin-de-Seignanx (2018 - 2022) | Aviron Bayonnais (2022 - 2027)
TOP14,TOU,Nathan LLAVERIA,https://www.allrugby.com/joueurs/nathan-llaveria-18168.html,2,0,52,,,,2027-06-30,Stade Toulousain (2017 - 2027)
TOP14,TOU,Ignacio VALDES-LEIVA,https://www.allrugby.com/joueurs/ignacio-valdes-leiva-20319.html,,,,,,,,Nissa Rugby (2017 - 2019) | Aviron Bayonnais (2019 - 2027)
TOP14,TOU,Simon DAROQUE,https://www.allrugby.com/joueurs/simon-daroque-18167.html,5,2,134,1,,,2027-06-30,Stade Toulousain (2021 - 2027)
TOP14,TOU,Victor BLANC,https://www.allrugby.com/joueurs/victor-blanc-23609.html,,,,,,,2027-06-30,Stade Toulousain (2022 - 2027)
TOP14,TOU,Jules DERRE,https://www.allrugby.com/joueurs/jules-derre-22752.html,,,,,,,,US Vicquoise (2018 - 2020) | Stado Tarbes Pyrénées Rugby (2020 - 2022) | Aviron Bayonnais (2022 - 2026)
TOP14,TOU,Zénon RENDU,https://www.allrugby.com/joueurs/zenon-rendu-21421.html,,,,,,,2027-06-30,Stade Toulousain (2021 - 2027)
TOP14,TOU,Bixintxo DAGUERRE,https://www.allrugby.com/joueurs/bixintxo-daguerre-22378.html,,,,,,,2027-06-30,Aviron Bayonnais (2022 - 2026) | Stade Toulousain (2026 - 2027)
TOP14,TOU,Jack VAS,https://www.allrugby.com/joueurs/jack-vas-21725.html,,,,,,,2027-06-30,Stade Toulousain (2025 - 2027)
TOP14,TOU,Jules MARTIN-BONNARD,https://www.allrugby.com/joueurs/jules-martin-bonnard-20849.html,,,,,,,2027-06-30,Aviron Bayonnais (2023 - 2026) | Stade Toulousain (2026 - 2027)
TOP14,TOU,Louis COMPANYO,https://www.allrugby.com/joueurs/louis-companyo-18303.html,,,,,,,2027-06-30,Stade Toulousain (2020 - 2027)
TOP14,TOU,Valentin DELPY,https://www.allrugby.com/joueurs/valentin-delpy-15037.html,20,18,1448,2,,,2026-06-30,Stade Toulousain (2026 - 2026) | US Colomiers (2026 - 2026) | Stade Toulousain (2026 - 2027)
TOP14,TOU,Axel MIRANDE,https://www.allrugby.com/joueurs/axel-mirande-21424.html,,,,,,,2027-06-30,Football Club Villefranchois (2017 - 2023) | Stade Toulousain (2023 - 2027)
TOP14,TOU,Bernardo PUCCIARIELLO,https://www.allrugby.com/joueurs/bernardo-pucciariello-23612.html,,,,,,,2027-06-30,Stade Toulousain (2026 - 2027)
TOP14,TOU,Hugo PICHARDIE,https://www.allrugby.com/joueurs/hugo-pichardie-16810.html,4,4,313,,,,2027-06-30,Stade Toulousain (2021 - 2027)
TOP14,TOU,Jérémy ABOUT,https://www.allrugby.com/joueurs/jeremy-about-23610.html,,,,,,,2027-06-30,Stade Toulousain (2014 - 2027)
TOP14,TOU,Lukas AMATI,https://www.allrugby.com/joueurs/lukas-amati-21580.html,,,,,,,2027-06-30,Biarritz Olympique Pays Basque (2021 - 2024) | Stade Toulousain (2024 - 2027)
TOP14,TOU,Mathis GIL,https://www.allrugby.com/joueurs/mathis-gil-18298.html,1,0,21,,,,2027-06-30,Stado Tarbes Pyrénées Rugby (2019 - 2020) | Stade Toulousain (2020 - 2027)
TOP14,TOU,Txomin ITHURBIDE,https://www.allrugby.com/joueurs/txomin-ithurbide-20709.html,,,,,,,,Saint Jean-de-Luz Olympique Rugby (2025 - 2026)
TOP14,TOU,Maxence BAUX,https://www.allrugby.com/joueurs/maxence-baux-23611.html,,,,,,,2022-06-30,Toulouse Montaudran Rugby (2021 - 2022) | Stade Toulousain (2022 - 2027)
TOP14,TOU,Oriol MARSINYAC,https://www.allrugby.com/joueurs/oriol-marsinyac-20898.html,1,1,80,1,,,2027-06-30,Stade Toulousain (2023 - 2027)
TOP14,TOU,Ander ETCHEBARNE-SANCHEZ,https://www.allrugby.com/joueurs/ander-etchebarne-sanchez-20708.html,,,,,,,,Saint Jean-de-Luz Olympique Rugby (2025 - 2026)
TOP14,TOU,Jérémy NEMOR,https://www.allrugby.com/joueurs/jeremy-nemor-18171.html,1,0,5,,,,2027-06-30,Stade Toulousain (2020 - 2027)
TOP14,TOU,Louis JACQUOT,https://www.allrugby.com/joueurs/louis-jacquot-21426.html,,,,,,,2027-06-30,Stade Toulousain (2024 - 2027)
TOP14,TOU,Martin THIBAUT,https://www.allrugby.com/joueurs/martin-thibaut-21425.html,,,,,,,2027-06-30,Stade Toulousain (2024 - 2027)
TOP14,TOU,Matt BERGÈS,https://www.allrugby.com/joueurs/matt-berges-18300.html,,,,,,,2027-06-30,FC Oloron (2014 - 2017) | Tournefeuille (2017 - 2020) | Stade Toulousain (2020 - 2027)
TOP14,TOU,Aymeric ROUSERÉ,https://www.allrugby.com/joueurs/aymeric-rousere-15894.html,2,0,52,,,,2023-06-30,Stade Toulousain (2020 - 2023) | Aviron Bayonnais (2023 - 2026) | Olympique Marcquois Rugby (2026 - 2027)
TOP14,TOU,Pablo MONTERO,https://www.allrugby.com/joueurs/pablo-montero-17707.html,,,,,,,2027-06-30,Stade Toulousain (2024 - 2027)
TOP14,TOU,Bixente LAHITÈTE,https://www.allrugby.com/joueurs/bixente-lahitete-22302.html,,,,,,,,Stade Caennais RC (2018 - 2021) | Aviron Bayonnais (2021 - 2027)
TOP14,TOU,Théo CASTET,https://www.allrugby.com/joueurs/theo-castet-23613.html,,,,,,,2027-06-30,Stade Toulousain (2020 - 2027)
TOP14,TOU,Diego PITARCH,https://www.allrugby.com/joueurs/diego-pitarch-17613.html,,,,,,,,Aviron Bayonnais (2020 - 2024) | Anglet Olympique Rugby Club (2024 - 2025)
TOP14,TOU,Enzo TRAILLE,https://www.allrugby.com/joueurs/enzo-traille-23414.html,,,,,,,2027-06-30,Stade Toulousain (2023 - 2027)
TOP14,TOU,Esteban CAPILLA,https://www.allrugby.com/joueurs/esteban-capilla-12571.html,2,0,78,,,,,AS Sain-Martin-de-Seignanx (2015 - 2016) | Aviron Bayonnais (2016 - 2027)
TOP14,TOU,Mathis CAPUS,https://www.allrugby.com/joueurs/mathis-capus-21429.html,,,,,,,2027-06-30,Stade Toulousain (2024 - 2027)
TOP14,TOU,Iban CALLEJA,https://www.allrugby.com/joueurs/iban-calleja-17609.html,,,,,,,,Aviron Bayonnais (2019 - 2024) | Boucau Tarnos Stade (2024 - 2025)
TOP14,TOU,Roméo MOLA,https://www.allrugby.com/joueurs/romeo-mola-21428.html,,,,,,,2027-06-30,Stade Toulousain (2015 - 2027)
TOP14,TOU,Juan HARINORDOQUY,https://www.allrugby.com/joueurs/juan-harinordoquy-22577.html,,,,,,,,Biarritz Olympique Pays Basque (2017 - 2023) | Aviron Bayonnais (2023 - 2027)
TOP14,TOU,Apisalome RATUNIYARAWA,https://www.allrugby.com/joueurs/apisalome-ratuniyarawa-1787.html,1,0,13,,,,,Northampton Saints (2017 - 2022) | London Irish (2022 - 2023) | Aviron Bayonnais (2023 - 2024)
TOP14,TOU,Aitor HOURCADE,https://www.allrugby.com/joueurs/aitor-hourcade-11224.html,1,1,80,,,,,Biarritz Olympique Pays Basque (2024 - 2024) | Aviron Bayonnais (2025 - 2025) | Biarritz Olympique Pays Basque (2025 - 2027)
TOP14,UBB,Amir HATTOUMA,https://www.allrugby.com/joueurs/amir-hattouma-21355.html,1,0,15,,,,2024-06-30,Club Athlétique Bordeaux Bègles Gironde (2020 - 2024) | Union Bordeaux-Bègles (2024 - 2027)
TOP14,UBB,Ben TAMEIFUNA,https://www.allrugby.com/joueurs/ben-tameifuna-3391.html,13,5,511,3,,,2027-06-30,Racing 92 (2015 - 2020) | Union Bordeaux-Bègles (2020 - 2027)
TOP14,UBB,Carlü SADIE,https://www.allrugby.com/joueurs/carlu-sadie-6597.html,23,17,1067,2,,,2027-06-30,Lions Rugby (2020 - 2022) | Sharks Rugby Club (2022 - 2023) | Union Bordeaux-Bègles (2023 - 2027)
TOP14,UBB,Jefferson POIROT,https://www.allrugby.com/joueurs/jefferson-poirot-1374.html,20,14,914,2,,,2027-06-30,CA Brive Corrèze Limousin (2008 - 2012) | Union Bordeaux-Bègles (2012 - 2027)
TOP14,UBB,Lasha PKHAKADZE,https://www.allrugby.com/joueurs/lasha-pkhakadze-15173.html,1,1,18,,,,2027-06-30,Union Bordeaux-Bègles (2026 - 2027)
TOP14,UBB,Matis PERCHAUD,https://www.allrugby.com/joueurs/matis-perchaud-10981.html,2,1,121,,,,2027-06-30,Aviron Bayonnais (2017 - 2024) | Union Bordeaux-Bègles (2024 - 2027)
TOP14,UBB,Luke TAGI,https://www.allrugby.com/joueurs/luke-tagi-8934.html,12,7,466,,,,,Provence Rugby (2021 - 2023) | Aviron Bayonnais (2023 - 2027)
TOP14,UBB,Martin VILLAR,https://www.allrugby.com/joueurs/martin-villar-15092.html,6,1,168,1,,,,Stade Montois Rugby Pro (2025 - 2025) | Aviron Bayonnais (2025 - 2025) | Oyonnax Rugby (2025 - 2027)
TOP14,UBB,Sipili FALATEA,https://www.allrugby.com/joueurs/sipili-falatea-5435.html,2,2,87,1,,,2027-06-30,ASM Clermont Auvergne (2017 - 2022) | Union Bordeaux-Bègles (2022 - 2027)
TOP14,UBB,Toma'Akino TAUFA,https://www.allrugby.com/joueurs/toma-akino-taufa-3605.html,2,0,73,2,,,2023-06-30,Union Bordeaux-Bègles (2023 - 2023) | Stado Tarbes Pyrénées Rugby (2024 - 2024) | Union Bordeaux-Bègles (2024 - 2027)
TOP14,UBB,Zaccharie AFFANE,https://www.allrugby.com/joueurs/zaccharie-affane-13842.html,16,9,626,1,,,2025-06-30,Union Bordeaux-Bègles (2022 - 2025) | CA Brive Corrèze Limousin (2025 - 2026) | Union Bordeaux-Bègles (2026 - 2027)
TOP14,UBB,Matis PERCHAUD,https://www.allrugby.com/joueurs/matis-perchaud-10981.html,2,1,121,,,,2027-06-30,Aviron Bayonnais (2017 - 2024) | Union Bordeaux-Bègles (2024 - 2027)
TOP14,UBB,Connor SA,https://www.allrugby.com/joueurs/connor-sa-9313.html,13,7,484,2,,,2023-06-30,Union Bordeaux-Bègles (2023 - 2023) | US Carcassonne (2023 - 2023) | Union Bordeaux-Bègles (2023 - 2027)
TOP14,UBB,Gaëtan BARLOT,https://www.allrugby.com/joueurs/gaetan-barlot-5909.html,2,1,69,,,,2027-06-30,Castres Olympique (2020 - 2025) | Union Bordeaux-Bègles (2025 - 2027)
TOP14,UBB,Pascal COTET,https://www.allrugby.com/joueurs/pascal-cotet-1906.html,2,2,102,,,,,Racing Club Narbonnais (2018 - 2022) | Aviron Bayonnais (2022 - 2026) | Provence Rugby (2026 - 2027)
TOP14,UBB,Maxime LAMOTHE,https://www.allrugby.com/joueurs/maxime-lamothe-5169.html,2,1,91,,,,2027-06-30,Aviron Bayonnais (2019 - 2020) | Union Bordeaux-Bègles (2020 - 2027)
TOP14,UBB,Adam COLEMAN,https://www.allrugby.com/joueurs/adam-coleman-5005.html,10,10,543,,,,2027-06-30,London Irish (2019 - 2023) | Union Bordeaux-Bègles (2023 - 2027)
TOP14,UBB,Pierre CASTILLON,https://www.allrugby.com/joueurs/pierre-castillon-17309.html,6,0,147,,,,,Aviron Bayonnais (2018 - 2027)
TOP14,UBB,Alex MOON,https://www.allrugby.com/joueurs/alex-moon-6201.html,2,2,107,,,,2027-06-30,Aviron Bayonnais (2024 - 2026) | Union Bordeaux-Bègles (2026 - 2027)
TOP14,UBB,Pieter SCHOLTZ,https://www.allrugby.com/joueurs/pieter-scholtz-6324.html,17,10,742,1,,,,Wasps (2021 - 2022) | Aviron Bayonnais (2022 - 2025) | Mitsubishi Sagamihara Dynaboars (2025 - 2026)
TOP14,UBB,Boris PALU,https://www.allrugby.com/joueurs/boris-palu-4418.html,2,0,53,,,,2027-06-30,Racing 92 (2010 - 2025) | Union Bordeaux-Bègles (2025 - 2027)
TOP14,UBB,Cyril CAZEAUX,https://www.allrugby.com/joueurs/cyril-cazeaux-2441.html,2,2,150,,,,2027-06-30,Union Bordeaux-Bègles (2015 - 2027)
TOP14,UBB,Quentin BÉTHUNE,https://www.allrugby.com/joueurs/quentin-bethune-3326.html,8,2,201,,,,,Stade Français Paris Rugby (2019 - 2022) | Aviron Bayonnais (2022 - 2025)
TOP14,UBB,Swan CORMENIER,https://www.allrugby.com/joueurs/swan-cormenier-5203.html,1,0,35,,,,,Sporting Club Albigeois (2017 - 2019) | Aviron Bayonnais (2019 - 2027)
TOP14,UBB,Cameron WOKI,https://www.allrugby.com/joueurs/cameron-woki-5191.html,1,1,80,2,,,2022-06-30,Union Bordeaux-Bègles (2017 - 2022) | Racing 92 (2022 - 2025) | Union Bordeaux-Bègles (2025 - 2027)
TOP14,UBB,Tevita TATAFU,https://www.allrugby.com/joueurs/tevita-tatafu-11206.html,2,1,75,1,,,,Aviron Bayonnais (2019 - 2027)
TOP14,UBB,Elyjah IBSAIENE,https://www.allrugby.com/joueurs/elyjah-ibsaiene-18066.html,1,0,19,,,,2027-06-30,Union Bordeaux-Bègles (2018 - 2027)
TOP14,UBB,Jean-Luc DU PREEZ,https://www.allrugby.com/joueurs/jean-luc-du-preez-5103.html,1,0,35,,,,2027-06-30,Sharks Rugby Club (2019 - 2019) | Sale Sharks (2019 - 2025) | Union Bordeaux-Bègles (2025 - 2027)
TOP14,UBB,Facundo BOSCH,https://www.allrugby.com/joueurs/facundo-bosch-5142.html,20,15,867,2,,,,Stade Rochelais (2019 - 2022) | Aviron Bayonnais (2022 - 2027)
TOP14,UBB,Marko GAZZOTTI,https://www.allrugby.com/joueurs/marko-gazzotti-14199.html,2,1,75,,,,2027-06-30,FC Grenoble Rugby (2019 - 2023) | Union Bordeaux-Bègles (2023 - 2027)
TOP14,UBB,Pierre BOCHATON,https://www.allrugby.com/joueurs/pierre-bochaton-9789.html,2,2,141,1,,,2027-06-30,Union Sportive Bressane Pays de l'Ain (2014 - 2021) | Union Bordeaux-Bègles (2021 - 2027)
TOP14,UBB,Louis ORTOLAN,https://www.allrugby.com/joueurs/louis-ortolan-12322.html,2,0,16,,,,,Aviron Bayonnais (2017 - 2024)
TOP14,UBB,Temo MATIU,https://www.allrugby.com/joueurs/temo-matiu-14357.html,1,1,80,,,,2027-06-30,Biarritz Olympique Pays Basque (2011 - 2024) | Union Bordeaux-Bègles (2024 - 2027)
TOP14,UBB,Tom WILLIS,https://www.allrugby.com/joueurs/tom-willis-6195.html,2,1,85,2,,,2023-06-30,Union Bordeaux-Bègles (2023 - 2023) | Saracens (2023 - 2026) | Union Bordeaux-Bègles (2026 - 2027)
TOP14,UBB,Martin PAGE-RELO,https://www.allrugby.com/joueurs/martin-page-relo-7169.html,2,1,75,,,,2027-06-30,Stade Toulousain (2021 - 2023) | Lyon Olympique Universitaire Rugby (2023 - 2025) | Union Bordeaux-Bègles (2025 - 2027)
TOP14,UBB,Maxime LUCU,https://www.allrugby.com/joueurs/maxime-lucu-2453.html,2,1,114,1,,,2027-06-30,Biarritz Olympique Pays Basque (2011 - 2019) | Union Bordeaux-Bègles (2019 - 2027)
TOP14,UBB,Thomas ACQUIER,https://www.allrugby.com/joueurs/thomas-acquier-1418.html,13,2,394,2,,,,CA Brive Corrèze Limousin (2014 - 2022) | Aviron Bayonnais (2022 - 2024) | US Tyrosse (2024 - 2026)
TOP14,UBB,Vincent GIUDICELLI,https://www.allrugby.com/joueurs/vincent-giudicelli-4847.html,2,1,88,2,,,,Montpellier Hérault Rugby (2017 - 2023) | Aviron Bayonnais (2023 - 2026) | Provence Rugby (2026 - 2027)
TOP14,UBB,Hugo REUS,https://www.allrugby.com/joueurs/hugo-reus-14138.html,5,1,111,,,,2027-06-30,Union Sportive Arlequins Perpignanais (2026 - 2026) | Montpellier Hérault Rugby (2026 - 2026) | Union Bordeaux-Bègles (2026 - 2027)
TOP14,UBB,Matthieu JALIBERT,https://www.allrugby.com/joueurs/matthieu-jalibert-5167.html,2,2,131,,,,2027-06-30,Union Bordeaux-Bègles (2007 - 2027)
TOP14,UBB,Dan DU PLESSIS,https://www.allrugby.com/joueurs/dan-du-plessis-7523.html,1,1,60,,,,2027-06-30,Union Bordeaux-Bègles (2026 - 2027)
TOP14,UBB,Denis MARCHOIS,https://www.allrugby.com/joueurs/denis-marchois-3589.html,14,7,654,1,,,,Section Paloise Béarn Pyrénées (2019 - 2021) | Aviron Bayonnais (2021 - 2025) | Sporting Union Agenais (2025 - 2027)
TOP14,UBB,Nicolas DEPOORTÈRE,https://www.allrugby.com/joueurs/nicolas-depoortere-11299.html,2,1,100,,,,2027-06-30,Union Bordeaux-Bègles (2016 - 2027)
TOP14,UBB,Pablo UBERTI,https://www.allrugby.com/joueurs/pablo-uberti-4664.html,2,1,109,1,,,2018-06-30,Union Bordeaux-Bègles (2016 - 2018) | FC Grenoble Rugby (2018 - 2020) | Union Bordeaux-Bègles (2020 - 2027)
TOP14,UBB,Rohan JANSE VAN RENSBURG,https://www.allrugby.com/joueurs/rohan-janse-van-rensburg-5102.html,14,10,785,,,,2027-06-30,Sharks Rugby Club (2024 - 2024) | Yokohama Canon Eagles (2024 - 2024) | Union Bordeaux-Bègles (2024 - 2027)
TOP14,UBB,Yoram MOEFANA,https://www.allrugby.com/joueurs/yoram-moefana-7026.html,2,2,111,,,,2027-06-30,US Colomiers (2013 - 2019) | Union Bordeaux-Bègles (2019 - 2027)
TOP14,UBB,Arthur RETIÈRE,https://www.allrugby.com/joueurs/arthur-retiere-3527.html,1,0,20,,,,2027-06-30,Stade Toulousain (2022 - 2024) | Union Bordeaux-Bègles (2024 - 2027)
TOP14,UBB,Damian PENAUD,https://www.allrugby.com/joueurs/damian-penaud-3565.html,1,1,66,,,,2027-06-30,CA Brive Corrèze Limousin (2010 - 2014) | ASM Clermont Auvergne (2014 - 2023) | Union Bordeaux-Bègles (2023 - 2027)
TOP14,UBB,Konstantine MIKAUTADZE,https://www.allrugby.com/joueurs/konstantine-mikautadze-1279.html,2,1,84,,,,,Montpellier Hérault Rugby (2016 - 2020) | Aviron Bayonnais (2020 - 2024) | CA Brive Corrèze Limousin (2024 - 2027)
TOP14,UBB,Louis BIELLE-BIARREY,https://www.allrugby.com/joueurs/louis-bielle-biarrey-11774.html,2,2,160,2,,,2027-06-30,FC Grenoble Rugby (2016 - 2021) | Union Bordeaux-Bègles (2021 - 2027)
TOP14,UBB,Lucas PAULOS,https://www.allrugby.com/joueurs/lucas-paulos-7501.html,2,2,102,,,,,Jaguares (2018 - 2020) | CA Brive Corrèze Limousin (2020 - 2023) | Aviron Bayonnais (2023 - 2027)
TOP14,UBB,Salesi RAYASI,https://www.allrugby.com/joueurs/salesi-rayasi-7471.html,20,14,1097,8,,,2027-06-30,Hurricanes (2023 - 2024) | Rugby Club Vannes (2024 - 2025) | Union Bordeaux-Bègles (2025 - 2027)
TOP14,UBB,Manuel LEINDEKAR,https://www.allrugby.com/joueurs/manuel-leindekar-5612.html,2,2,160,,,,,Oyonnax Rugby (2024 - 2026) | FC Grenoble Rugby (2026 - 2027)
TOP14,UBB,Thomas CEYTE,https://www.allrugby.com/joueurs/thomas-ceyte-3465.html,1,1,80,,,,,USON Nevers Rugby (2017 - 2022) | Aviron Bayonnais (2022 - 2024) | ASM Clermont Auvergne (2024 - 2027)
TOP14,UBB,Romain BUROS,https://www.allrugby.com/joueurs/romain-buros-4151.html,2,2,160,,,,2027-06-30,Section Paloise Béarn Pyrénées (2013 - 2018) | Union Bordeaux-Bègles (2018 - 2027)
TOP14,UBB,Badri TSIKHISTAVI,https://www.allrugby.com/joueurs/badri-tsikhistavi-13791.html,4,1,91,,,,,Black Lion (2025 - 2026) | Stade Olympique Chambéry (2026 - 2027)
TOP14,UBB,Benjamin LAHET,https://www.allrugby.com/joueurs/benjamin-lahet-13667.html,,,,,,,,Aviron Bayonnais (2018 - 2025) | Capbreton Hossegor Rugby (2025 - 2026)
TOP14,UBB,Lenny ALIFANETY,https://www.allrugby.com/joueurs/lenny-alifanety-18064.html,4,1,126,,,,2027-06-30,Niort RC (2020 - 2021) | Union Bordeaux-Bègles (2021 - 2027)
TOP14,UBB,Imanol THICOÏPE,https://www.allrugby.com/joueurs/imanol-thicoipe-17615.html,,,,,,,,Aviron Bayonnais (2011 - 2024)
TOP14,UBB,Mell-Ronn POUYE-TOKOTU'U,https://www.allrugby.com/joueurs/mell-ronn-pouye-tokotu-u-21357.html,,,,,,,2025-06-30,Club Athlétique Bordeaux Bègles Gironde (2024 - 2025) | Union Bordeaux-Bègles (2025 - 2027)
TOP14,UBB,Lucas OFFICIAL,https://www.allrugby.com/joueurs/lucas-official-22806.html,2,0,44,,,,,AS Urruñarrak (2015 - 2016) | Aviron Bayonnais (2016 - 2027)
TOP14,UBB,Noé THIBEAU,https://www.allrugby.com/joueurs/noe-thibeau-21358.html,,,,,,,2025-06-30,Club Athlétique Bordeaux Bègles Gironde (2021 - 2025) | Union Bordeaux-Bègles (2025 - 2027)
TOP14,UBB,Paolo POUYPOUDAT,https://www.allrugby.com/joueurs/paolo-pouypoudat-23652.html,,,,,,,2026-06-30,Rugby Club Nord Landes (2021 - 2022) | Club Athlétique Bordeaux Bègles Gironde (2022 - 2026) | Union Bordeaux-Bègles (2026 - 2027)
TOP14,UBB,Prince TAMBO-FANTCHO,https://www.allrugby.com/joueurs/prince-tambo-fantcho-23646.html,,,,,,,2026-06-30,Club Athlétique Bordeaux Bègles Gironde (2022 - 2026) | Union Bordeaux-Bègles (2026 - 2027)
TOP14,UBB,Ruben PARGADE,https://www.allrugby.com/joueurs/ruben-pargade-18065.html,4,2,148,1,,,2027-06-30,Rugby Club de Saint-Médard en Jalles (2015 - 2019) | Union Bordeaux-Bègles (2019 - 2027)
TOP14,UBB,Matéo GUÉRIN,https://www.allrugby.com/joueurs/mateo-guerin-17618.html,,,,,,,,Stade Bordelais (2021 - 2023) | Aviron Bayonnais (2023 - 2024) | US Dax Rugby Landes (2024 - 2026)
TOP14,UBB,Christian EVERITT,https://www.allrugby.com/joueurs/christian-everitt-18730.html,1,0,,,,,2027-06-30,Union Bordeaux-Bègles (2024 - 2027)
TOP14,UBB,Clément MALINOWSKI,https://www.allrugby.com/joueurs/clement-malinowski-21356.html,,,,,,,2024-06-30,Club Athlétique Bordeaux Bègles Gironde (2020 - 2024) | Union Bordeaux-Bègles (2024 - 2027)
TOP14,UBB,Jules FREYNET,https://www.allrugby.com/joueurs/jules-freynet-23528.html,,,,,,,2025-06-30,Club Athlétique Bordeaux Bègles Gironde (2021 - 2025) | Union Bordeaux-Bègles (2025 - 2027)
TOP14,UBB,Peïo DOSPITAL,https://www.allrugby.com/joueurs/peio-dospital-21295.html,,,,,,,,Aviron Bayonnais (2022 - 2025) | Biarritz Olympique Pays Basque (2025 - 2026)
TOP14,UBB,Adam ZAPĘDOWSKI,https://www.allrugby.com/joueurs/adam-zapĘdowski-16811.html,4,1,73,,,,2027-06-30,Union Bordeaux-Bègles (2023 - 2027)
TOP14,UBB,Baptiste GIROU,https://www.allrugby.com/joueurs/baptiste-girou-23649.html,,,,,,,2026-06-30,Club Athlétique Bordeaux Bègles Gironde (2024 - 2026) | Union Bordeaux-Bègles (2026 - 2027)
TOP14,UBB,Diaan AUGUSTYN,https://www.allrugby.com/joueurs/diaan-augustyn-22501.html,,,,,,,2027-06-30,Union Bordeaux-Bègles (2026 - 2027)
TOP14,UBB,Donovan NIUHINA,https://www.allrugby.com/joueurs/donovan-niuhina-21359.html,,,,,,,2025-06-30,Club Athlétique Bordeaux Bègles Gironde (2024 - 2025) | Union Bordeaux-Bègles (2025 - 2027)
TOP14,UBB,Rafaël CAYUELA,https://www.allrugby.com/joueurs/rafael-cayuela-21054.html,,,,,,,,Aviron Bayonnais (2019 - 2024) | Stado Tarbes Pyrénées Rugby (2024 - 2026)
TOP14,UBB,Francis PETERS,https://www.allrugby.com/joueurs/francis-peters-21368.html,3,3,188,1,,,2024-06-30,Suva Grammar School (2022 - 2023) | Club Athlétique Bordeaux Bègles Gironde (2023 - 2024) | Union Bordeaux-Bègles (2024 - 2027)
TOP14,UBB,Lionel FUKWAMOKO,https://www.allrugby.com/joueurs/lionel-fukwamoko-23529.html,,,,,,,2026-06-30,Club Athlétique Bordeaux Bègles Gironde (2024 - 2026) | Union Bordeaux-Bègles (2026 - 2027)
TOP14,UBB,Robbie COMBRINCK,https://www.allrugby.com/joueurs/robbie-combrinck-22482.html,,,,,,,2027-06-30,Union Bordeaux-Bègles (2026 - 2027)
TOP14,UBB,Ben COETZEE,https://www.allrugby.com/joueurs/benjamin-coetzee-22641.html,,,,,,,2027-06-30,Union Bordeaux-Bègles (2025 - 2027)
TOP14,UBB,Colin SCHUSTER,https://www.allrugby.com/joueurs/colin-schuster-21362.html,,,,,,,2025-06-30,Club Athlétique Bordeaux Bègles Gironde (2024 - 2025) | Union Bordeaux-Bègles (2025 - 2027)
TOP14,UBB,Yonn RAMOND,https://www.allrugby.com/joueurs/yonn-ramond-21382.html,,,,,,,,Aviron Bayonnais (2023 - 2025) | Rugby Club de Saint-Médard en Jalles (2025 - 2026)
TOP14,UBB,Léo CAMARA,https://www.allrugby.com/joueurs/leo-camara-23648.html,,,,,,,2027-06-30,Stade Français Paris Rugby (2023 - 2026) | Union Bordeaux-Bègles (2026 - 2027)
TOP14,UBB,Mathys ARGENTON,https://www.allrugby.com/joueurs/mathys-argenton-20255.html,,,,,,,2024-06-30,Club Athlétique Bordeaux Bègles Gironde (2016 - 2024) | Union Bordeaux-Bègles (2024 - 2027)
TOP14,UBB,Hugo AFONSO,https://www.allrugby.com/joueurs/hugo-afonso-17608.html,,,,,,,,Aviron Bayonnais (2015 - 2024) | Saint Jean-de-Luz Olympique Rugby (2024 - 2025)
TOP14,UBB,Mauricio Lorenzo FUKWAMOKO,https://www.allrugby.com/joueurs/mauricio-lorenzo-fukwamoko-21360.html,,,,,,,2025-06-30,Club Athlétique Bordeaux Bègles Gironde (2024 - 2025) | Union Bordeaux-Bègles (2025 - 2027)
TOP14,UBB,Maxime HÉRAUD,https://www.allrugby.com/joueurs/maxime-heraud-21361.html,,,,,,,2027-06-30,Rugby Club de Saint-Médard en Jalles (2018 - 2025) | Union Bordeaux-Bègles (2025 - 2027)
TOP14,UBB,Jokin DUHALT,https://www.allrugby.com/joueurs/jokin-duhalt-22601.html,,,,,,,,Aviron Bayonnais (2022 - 2026)
TOP14,UBB,Romain GARDRAT,https://www.allrugby.com/joueurs/romain-gardrat-17989.html,4,1,114,1,,,2027-06-30,Sporting Union Agenais (2018 - 2021) | Union Bordeaux-Bègles (2021 - 2027)
TOP14,UBB,Tiaan JACOBS,https://www.allrugby.com/joueurs/tiaan-jacobs-14107.html,18,8,678,,,,2027-06-30,Biarritz Olympique Pays Basque (2022 - 2024) | Union Bordeaux-Bègles (2024 - 2027)
TOP14,UBB,Mathéo FUTHAZAR,https://www.allrugby.com/joueurs/matheo-futhazar-23117.html,,,,,,,,Aviron Bayonnais (2022 - 2026) | Association Sportive Béziers Hérault (2026 - 2027)
TOP14,UBB,César MÉMET,https://www.allrugby.com/joueurs/cesar-memet-23645.html,,,,,,,2026-06-30,Club Athlétique Bordeaux Bègles Gironde (2023 - 2026) | Union Bordeaux-Bègles (2026 - 2027)
TOP14,UBB,Max BRU,https://www.allrugby.com/joueurs/max-bru-18004.html,,,,,,,,Aviron Bayonnais (2018 - 2024) | Anglet Olympique Rugby Club (2024 - 2025)
TOP14,UBB,Natan POIGNEAU,https://www.allrugby.com/joueurs/natan-poigneau-23653.html,,,,,,,2027-06-30,RC Villenavais (2019 - 2023) | Stade Bordelais (2023 - 2026) | Union Bordeaux-Bègles (2026 - 2027)
TOP14,UBB,Sacha LAUSSUCQ,https://www.allrugby.com/joueurs/sacha-laussucq-21354.html,,,,,,,2027-06-30,Rugby Club de Saint-Médard en Jalles (2020 - 2024) | Union Bordeaux-Bègles (2024 - 2027)
TOP14,UBB,Valentin HUTTEAU,https://www.allrugby.com/joueurs/valentin-hutteau-20054.html,11,3,348,1,,,2027-06-30,Rugby Club Massy Essonne (2020 - 2025) | Union Bordeaux-Bègles (2025 - 2027)
TOP14,UBB,Manoa VAILLIER,https://www.allrugby.com/joueurs/manoa-vaillier-21363.html,,,,,,,2025-06-30,Club Athlétique Bordeaux Bègles Gironde (2017 - 2025) | Union Bordeaux-Bègles (2025 - 2027)
TOP14,UBB,Yon CAPÉRAÀ,https://www.allrugby.com/joueurs/yon-caperaa-20327.html,,,,,,,,Aviron Bayonnais (2022 - 2025) | Section Paloise Béarn Pyrénées (2025 - 2027)
TOP14,UBB,Owen ERASMUS,https://www.allrugby.com/joueurs/owen-erasmus-21681.html,,,,,,,2027-06-30,Ospreys (2026 - 2026) | Western Province (2026 - 2026) | Union Bordeaux-Bègles (2026 - 2027)
TOP14,UBB,Aiden STAIT,https://www.allrugby.com/joueurs/aiden-stait-16308.html,,,,,,,,Aviron Bayonnais (2023 - 2026)
TOP14,UBB,Adrien DRAULT,https://www.allrugby.com/joueurs/adrien-drault-18068.html,6,4,268,1,,,2027-06-30,Rugby Club de la Pimpine (2017 - 2020) | Union Bordeaux-Bègles (2020 - 2027)
TOP14,UBB,Edwin LEE,https://www.allrugby.com/joueurs/edwin-lee-21364.html,,,,,,,2027-06-30,Rhinos Rugby Academy (2020 - 2024) | Saint Mary's College (2024 - 2025) | Union Bordeaux-Bègles (2025 - 2027)
TOP14,UBB,Gabriel BOHN,https://www.allrugby.com/joueurs/gabriel-bohn-18412.html,1,0,26,,,,2024-06-30,Club Athlétique Bordeaux Bègles Gironde (2022 - 2024) | Union Bordeaux-Bègles (2024 - 2027)
TOP14,UBB,Jules SAÏD,https://www.allrugby.com/joueurs/jules-said-23650.html,,,,,,,2026-06-30,Club Athlétique Bordeaux Bègles Gironde (2022 - 2026) | Union Bordeaux-Bègles (2026 - 2027)
TOP14,UBB,Louis FAVRAU,https://www.allrugby.com/joueurs/louis-favrau-23530.html,,,,,,,2025-06-30,Club Athlétique Bordeaux Bègles Gironde (2021 - 2025) | Union Bordeaux-Bègles (2025 - 2027)
TOP14,UBB,Dylan INDABURU,https://www.allrugby.com/joueurs/dylan-indaburu-17616.html,,,,,,,,Section Paloise Béarn Pyrénées (2017 - 2019) | Avenir Bizanos (2021 - 2023) | Aviron Bayonnais (2023 - 2024)
TOP14,UBB,Hugo LECLERQ,https://www.allrugby.com/joueurs/hugo-leclerq-23766.html,,,,,,,,AS Sain-Martin-de-Seignanx (2018 - 2022) | Aviron Bayonnais (2022 - 2027)
TOP14,UBB,Ignacio VALDES-LEIVA,https://www.allrugby.com/joueurs/ignacio-valdes-leiva-20319.html,,,,,,,,Nissa Rugby (2017 - 2019) | Aviron Bayonnais (2019 - 2027)
TOP14,UBB,Jules DERRE,https://www.allrugby.com/joueurs/jules-derre-22752.html,,,,,,,,US Vicquoise (2018 - 2020) | Stado Tarbes Pyrénées Rugby (2020 - 2022) | Aviron Bayonnais (2022 - 2026)
TOP14,UBB,Damien KUILAGI,https://www.allrugby.com/joueurs/damien-kuilagi-23651.html,,,,,,,2027-06-30,Union Rugby Club Dumbéa (2026 - 2026) | Union Bordeaux-Bègles (2026 - 2027)
TOP14,UBB,Harley REIHANA,https://www.allrugby.com/joueurs/harley-reihana-23399.html,,,,,,,2027-06-30,Nissa Rugby (2025 - 2026) | Union Bordeaux-Bègles (2026 - 2027)
TOP14,UBB,Jules MARTIN-BONNARD,https://www.allrugby.com/joueurs/jules-martin-bonnard-20849.html,,,,,,,,Aviron Bayonnais (2023 - 2026) | Stade Toulousain (2026 - 2027)
TOP14,UBB,Hugo AVOGADRO,https://www.allrugby.com/joueurs/hugo-avogadro-21849.html,4,3,263,2,,,2027-06-30,FC Grenoble Rugby (2018 - 2026) | Union Bordeaux-Bègles (2026 - 2027)
TOP14,UBB,Ielenimo HOLISI,https://www.allrugby.com/joueurs/ielenimo-holisi-21365.html,,,,,,,2027-06-30,Union Bordeaux-Bègles (2024 - 2027)
TOP14,UBB,Oscar PERDIGON,https://www.allrugby.com/joueurs/oscar-perdigon-23647.html,,,,,,,2027-06-30,Union Bordeaux-Bègles (2026 - 2027)
TOP14,UBB,Thomas DELPEUCH,https://www.allrugby.com/joueurs/thomas-delpeuch-20756.html,10,9,675,4,,,2027-06-30,Stade Aurillacois Cantal Auvergne (2022 - 2026) | Union Bordeaux-Bègles (2026 - 2027)
TOP14,UBB,Félix DUGUAY,https://www.allrugby.com/joueurs/felix-duguay-18413.html,,,,,,,2027-06-30,US Tyrosse (2016 - 2024) | Union Bordeaux-Bègles (2024 - 2027)
TOP14,UBB,Johan JANIEC,https://www.allrugby.com/joueurs/johan-janiec-18416.html,,,,,,,2024-06-30,RC Cubzaguais (2018 - 2021) | Club Athlétique Bordeaux Bègles Gironde (2021 - 2024) | Union Bordeaux-Bègles (2024 - 2027)
TOP14,UBB,Thomas BARONNET,https://www.allrugby.com/joueurs/thomas-baronnet-18237.html,,,,,,,2024-06-30,Club Athlétique Bordeaux Bègles Gironde (2020 - 2024) | Union Bordeaux-Bègles (2024 - 2027)
TOP14,UBB,Txomin ITHURBIDE,https://www.allrugby.com/joueurs/txomin-ithurbide-20709.html,,,,,,,,Saint Jean-de-Luz Olympique Rugby (2025 - 2026)
TOP14,UBB,Xan MOUSQUÈS,https://www.allrugby.com/joueurs/xan-mousques-16787.html,15,9,773,3,,,2027-06-30,Aviron Bayonnais (2022 - 2025) | Union Bordeaux-Bègles (2025 - 2027)
TOP14,UBB,Apisalome RATUNIYARAWA,https://www.allrugby.com/joueurs/apisalome-ratuniyarawa-1787.html,1,0,13,,,,,Northampton Saints (2017 - 2022) | London Irish (2022 - 2023) | Aviron Bayonnais (2023 - 2024)
TOP14,RAC,Demba BAMBA,https://www.allrugby.com/joueurs/demba-bamba-5858.html,2,2,122,1,,,2027-06-30,Lyon Olympique Universitaire Rugby (2019 - 2024) | Racing 92 (2024 - 2027)
TOP14,RAC,Édouard-Junior JABEA NJOCKE,https://www.allrugby.com/joueurs/edouard-junior-jabea-njocke-17301.html,2,0,38,,,,2027-06-30,Rugby Club Massy Essonne (2016 - 2024) | Racing 92 (2024 - 2027)
TOP14,RAC,Archie GRIFFIN,https://www.allrugby.com/joueurs/archie-griffin-9124.html,8,4,302,3,,,,Bath Rugby (2023 - 2023) | Richmond FC (2023 - 2023) | Bath Rugby (2023 - 2027)
TOP14,RAC,Gia KHARAISHVILI,https://www.allrugby.com/joueurs/kharaishvili-gia-7168.html,19,13,793,,,,2022-06-30,Racing 92 (2022 - 2022) | USON Nevers Rugby (2022 - 2022) | Racing 92 (2022 - 2027)
TOP14,RAC,Guram GOGICHASHVILI,https://www.allrugby.com/joueurs/guram-gogichashvili-7031.html,2,2,82,,,,2027-06-30,Racing 92 (2018 - 2027)
TOP14,RAC,Hassane KOLINGAR,https://www.allrugby.com/joueurs/hassane-kolingar-5277.html,2,0,78,,,,2019-06-30,Racing 92 (2019 - 2019) | Rugby Club Vannes (2019 - 2019) | Racing 92 (2019 - 2027)
TOP14,RAC,Arthur CORDWELL,https://www.allrugby.com/joueurs/arthur-cordwell-8947.html,9,9,492,,,,,Bath Rugby (2024 - 2024) | Coventry Rugby (2024 - 2024) | Bath Rugby (2024 - 2025)
TOP14,RAC,Beno OBANO,https://www.allrugby.com/joueurs/beno--obano--3438.html,17,13,905,4,,,,Bath Rugby (2014 - 2027)
TOP14,RAC,Taniela TUPOU,https://www.allrugby.com/joueurs/taniela-tupou-5848.html,12,1,353,5,,,2027-06-30,New South Wales Waratahs (2024 - 2025) | Racing 92 (2025 - 2027)
TOP14,RAC,Benjamin BOUDOU,https://www.allrugby.com/joueurs/benjamin-boudou-8044.html,1,0,24,,,,2027-06-30,ASM Clermont Auvergne (2024 - 2024) | CA Brive Corrèze Limousin (2024 - 2026) | Racing 92 (2026 - 2027)
TOP14,RAC,Johannes JONKER,https://www.allrugby.com/joueurs/johannes-jonker-5801.html,17,9,673,,,,,Ealing Trailfinders (2020 - 2021) | Bath Rugby (2021 - 2024) | FC Grenoble Rugby (2024 - 2027)
TOP14,RAC,Diego ESCOBAR,https://www.allrugby.com/joueurs/diego-escobar-14227.html,1,0,33,,,,2027-06-30,Racing 92 (2024 - 2027)
TOP14,RAC,Juan SCHOEMAN,https://www.allrugby.com/joueurs/juan-schoeman-5309.html,16,15,884,,,,,Southern Kings (2020 - 2020) | Bath Rugby (2020 - 2024) | Lions Rugby (2024 - 2026)
TOP14,RAC,Janick TARRIT,https://www.allrugby.com/joueurs/janick-tarrit-6997.html,2,2,103,,,,2027-06-30,Belleville RC (2014 - 2016) | USON Nevers Rugby (2016 - 2022) | Racing 92 (2022 - 2027)
TOP14,RAC,Kieran VERDEN,https://www.allrugby.com/joueurs/kieran-verden-10914.html,1,1,66,,,,,Bath Rugby (2024 - 2024) | Cambridge RUFC (2024 - 2024) | Bath Rugby (2024 - 2027)
TOP14,RAC,Gagui MARGVELASHVILI,https://www.allrugby.com/joueurs/gagui-margvelashvili-20958.html,1,0,15,,,,2027-06-30,Racing 92 (2017 - 2027)
TOP14,RAC,Jonny HILL,https://www.allrugby.com/joueurs/jonny-hill-4008.html,2,2,127,,,,2027-06-30,Sale Sharks (2022 - 2025) | Racing 92 (2025 - 2027)
TOP14,RAC,Mikey SUMMERFIELD,https://www.allrugby.com/joueurs/mikey-summerfield-13135.html,7,0,94,,,,,Coventry Rugby (2026 - 2026) | Worcester Warriors (2026 - 2026) | Bath Rugby (2026 - 2026)
TOP14,RAC,Romain TAOFIFENUA,https://www.allrugby.com/joueurs/romain-taofifenua-1147.html,2,1,98,,,,2027-06-30,Rugby Club Toulonnais (2014 - 2021) | Lyon Olympique Universitaire Rugby (2021 - 2024) | Racing 92 (2024 - 2027)
TOP14,RAC,Scott KIRK,https://www.allrugby.com/joueurs/scott-kirk-14626.html,1,1,66,,,,,Bath Rugby (2022 - 2027)
TOP14,RAC,Seru URU,https://www.allrugby.com/joueurs/seru-uru-9119.html,2,2,160,1,,,2027-06-30,Queensland Reds (2019 - 2026) | Racing 92 (2026 - 2027)
TOP14,RAC,Thomas DU TOIT,https://www.allrugby.com/joueurs/thomas-du-toit-4783.html,16,7,713,8,,,,Stade Toulousain (2020 - 2020) | Sharks Rugby Club (2020 - 2023) | Bath Rugby (2023 - 2026)
TOP14,RAC,Thomas LAINAULT,https://www.allrugby.com/joueurs/thomas-lainaut-4525.html,1,1,80,,,,2027-06-30,Rouen Normandie Rugby (2019 - 2021) | FC Grenoble Rugby (2021 - 2025) | Racing 92 (2025 - 2027)
TOP14,RAC,Will STUART,https://www.allrugby.com/joueurs/will-stuart-5879.html,4,2,141,,,,,Bath Rugby (2019 - 2027)
TOP14,RAC,Fabien SANCONNIE,https://www.allrugby.com/joueurs/fabien-sanconnie-2532.html,2,1,81,,,,2027-06-30,Racing 92 (2018 - 2027)
TOP14,RAC,Hame FAIVA,https://www.allrugby.com/joueurs/hame-faiva-5870.html,3,0,53,,,,,Hurricanes (2023 - 2023) | Bath Rugby (2023 - 2025) | Newcastle (2025 - 2026)
TOP14,RAC,Ibrahim DIALLO,https://www.allrugby.com/joueurs/ibrahim-diallo-6946.html,1,0,32,,,,2027-06-30,Racing 92 (2014 - 2027)
TOP14,RAC,Jordan JOSEPH,https://www.allrugby.com/joueurs/jordan-joseph-5908.html,12,5,488,4,,,2022-06-30,Racing 92 (2022 - 2022) | Section Paloise Béarn Pyrénées (2022 - 2023) | Racing 92 (2023 - 2027)
TOP14,RAC,Jasper SPANDLER,https://www.allrugby.com/joueurs/jasper-spandler-13137.html,1,0,17,1,,,,Bath Rugby (2026 - 2026) | Worcester Warriors (2026 - 2026) | Bath Rugby (2026 - 2027)
TOP14,RAC,Lekima TAGITAGIVALU,https://www.allrugby.com/joueurs/lekima-tagitagivalu-5609.html,23,10,1060,1,,,2027-06-30,Section Paloise Béarn Pyrénées (2015 - 2025) | Racing 92 (2025 - 2027)
TOP14,RAC,John STEWART,https://www.allrugby.com/joueurs/john-stewart-11903.html,7,2,241,2,,,,Cambridge RUFC (2025 - 2025) | Leicester Tigers (2026 - 2026) | Cambridge RUFC (2026 - 2026)
TOP14,RAC,Maxime BAUDONNE,https://www.allrugby.com/joueurs/maxime-baudonne-11772.html,1,1,47,,,,2027-06-30,Racing 92 (2013 - 2027)
TOP14,RAC,Nathan HUGHES,https://www.allrugby.com/joueurs/nathan-hughes-2897.html,24,15,1064,9,,,2027-06-30,BlackRams Tokyo (2025 - 2025) | Urayasu D-Rocks (2025 - 2025) | Racing 92 (2025 - 2027)
TOP14,RAC,Nicolas MARTINS,https://www.allrugby.com/joueurs/nicolas-martins-14149.html,1,0,33,,,,2027-06-30,Montpellier Hérault Rugby (2024 - 2025) | US Colomiers (2025 - 2026) | Racing 92 (2026 - 2027)
TOP14,RAC,Niall ANNETT,https://www.allrugby.com/joueurs/nial-annett-4247.html,17,4,464,2,,,,Worcester Warriors (2015 - 2022) | Bath Rugby (2022 - 2025)
TOP14,RAC,Noa ZINZEN,https://www.allrugby.com/joueurs/noa-zinzen-15287.html,7,1,155,,,,2026-06-30,Racing 92 (2026 - 2026) | Provence Rugby (2026 - 2026) | Racing 92 (2026 - 2027)
TOP14,RAC,Tom DUNN,https://www.allrugby.com/joueurs/tom-dunn-2568.html,13,11,698,4,,,,Bath Rugby (2013 - 2027)
TOP14,RAC,Shingi MANYARARA,https://www.allrugby.com/joueurs/shingirai-manyarara-15504.html,2,2,127,,,,2027-06-30,Racing 92 (2023 - 2027)
TOP14,RAC,Soumaila CAMARA,https://www.allrugby.com/joueurs/soumaila-camara-18375.html,8,4,275,,,,2027-06-30,Racing 92 (2024 - 2027)
TOP14,RAC,Charlie EWELS,https://www.allrugby.com/joueurs/charlie-ewels-2571.html,12,9,597,,,,,Bath Rugby (2023 - 2023) | Bulls (2023 - 2023) | Bath Rugby (2023 - 2027)
TOP14,RAC,Antoine LATRASSE,https://www.allrugby.com/joueurs/antoine-latrasse-17566.html,2,0,51,,,,2027-06-30,Racing 92 (2015 - 2027)
TOP14,RAC,Maxime MACHENAUD,https://www.allrugby.com/joueurs/maxime-machenaud-1202.html,2,2,109,,,,2022-06-30,Racing 92 (2012 - 2022) | Aviron Bayonnais (2022 - 2026) | Racing 92 (2026 - 2027)
TOP14,RAC,Elliot STOOKE,https://www.allrugby.com/joueurs/elliot-stooke-3147.html,11,11,827,1,,,,Bath Rugby (2024 - 2024) | Red Hurricanes Osaka (2024 - 2026) | Leicester Tigers (2026 - 2027)
TOP14,RAC,Antoine GIBERT,https://www.allrugby.com/joueurs/antoine-gibert-5165.html,2,2,106,,,,2027-06-30,Racing 92 (2011 - 2027)
TOP14,RAC,Geronimo PRISCIANTELLI,https://www.allrugby.com/joueurs/geronimo-prisciantelli-8176.html,11,7,493,2,,,2027-06-30,Jaguares XV (2022 - 2022) | Zebre Parma (2022 - 2025) | Racing 92 (2025 - 2027)
TOP14,RAC,Ugo SEUNES,https://www.allrugby.com/joueurs/ugo-seunes-14965.html,1,0,25,1,,,2025-06-30,Racing 92 (2025 - 2025) | Stade Aurillacois Cantal Auvergne (2026 - 2026) | Racing 92 (2026 - 2027)
TOP14,RAC,Joey MANU,https://www.allrugby.com/joueurs/joseph-manu-17661.html,2,2,160,2,,,2027-06-30,Toyota Verblitz (2024 - 2025) | Racing 92 (2025 - 2027)
TOP14,RAC,Jacques DU PLESSIS,https://www.allrugby.com/joueurs/jacques-du-plessis-3413.html,1,0,16,,,,,Bath Rugby (2023 - 2023) | Bulls (2024 - 2024) | Bath Rugby (2024 - 2025)
TOP14,RAC,Josua TUISOVA,https://www.allrugby.com/joueurs/josua-tuisova-1254.html,2,1,109,,,,2027-06-30,Lyon Olympique Universitaire Rugby (2019 - 2023) | Racing 92 (2023 - 2027)
TOP14,RAC,Josh MCNALLY,https://www.allrugby.com/joueurs/josh-mcnally-3203.html,18,18,1288,1,,,,Bath Rugby (2019 - 2024) | Cardiff Rugby (2024 - 2027)
TOP14,RAC,Paul COSTES,https://www.allrugby.com/joueurs/paul-costes-14642.html,2,2,137,,,,2027-06-30,Stade Toulousain (2018 - 2026) | Racing 92 (2026 - 2027)
TOP14,RAC,Quinn ROUX,https://www.allrugby.com/joueurs/quinn-roux-3021.html,11,10,559,,,,,Rugby Club Toulonnais (2021 - 2022) | Bath Rugby (2022 - 2027)
TOP14,RAC,Sam JAMES,https://www.allrugby.com/joueurs/sam-james-4153.html,2,2,150,,,,2027-06-30,Racing 92 (2024 - 2027)
TOP14,RAC,Akenzua Al-Kareem ABDUL-KHALIK,https://www.allrugby.com/joueurs/akenzua-al-kareem-abdul-khalik-14768.html,15,10,833,3,,,,Bristol Bears (2025 - 2025) | Worcester Warriors (2026 - 2026) | Bristol Bears (2026 - 2027)
TOP14,RAC,Selestino RAVUTAUMADA,https://www.allrugby.com/joueurs/selestino-ravutaumada-13099.html,2,2,150,,,,2027-06-30,Fijian Drua (2021 - 2025) | Racing 92 (2025 - 2027)
TOP14,RAC,Alfie BARBEARY,https://www.allrugby.com/joueurs/alfie-barbeary-7125.html,1,1,50,,,,,Wasps (2023 - 2023) | Bath Rugby (2023 - 2026) | Saracens (2026 - 2027)
TOP14,RAC,Vinaya HABOSI,https://www.allrugby.com/joueurs/vinaya-habosi-13097.html,1,0,23,,,,2022-06-30,Racing 92 (2022 - 2022) | Fijian Drua (2023 - 2023) | Racing 92 (2023 - 2027)
TOP14,RAC,Wame NAITUVI,https://www.allrugby.com/joueurs/wame-naituvi-5192.html,10,8,621,5,,,2027-06-30,Stade Montois Rugby Pro (2017 - 2023) | Racing 92 (2023 - 2027)
TOP14,RAC,Arthur GREEN,https://www.allrugby.com/joueurs/arthur-green-14769.html,8,7,453,6,,,,Bath Rugby (2025 - 2025) | Doncaster Knights (2025 - 2025) | Bath Rugby (2025 - 2027)
TOP14,RAC,Wilfried HULLEU,https://www.allrugby.com/joueurs/wilfried-hulleu-11631.html,17,16,1136,10,,,2027-06-30,FC Grenoble Rugby (2016 - 2025) | Racing 92 (2025 - 2027)
TOP14,RAC,Chris CLOETE,https://www.allrugby.com/joueurs/chris-cloete-5653.html,3,2,144,1,,,,Munster Rugby (2017 - 2022) | Bath Rugby (2022 - 2024)
TOP14,RAC,Max SPRING,https://www.allrugby.com/joueurs/max-spring-7727.html,1,1,80,,,,2027-06-30,Aviron Bayonnais (2016 - 2019) | Racing 92 (2019 - 2027)
TOP14,RAC,Archie STANLEY,https://www.allrugby.com/joueurs/archie-stanley-13534.html,5,0,51,,,,,Bath Rugby (2024 - 2024) | London Scottish (2025 - 2025) | Bath Rugby (2025 - 2025)
TOP14,RAC,Lehopa LEOTA,https://www.allrugby.com/joueurs/lehopa-leota-18371.html,1,1,42,,,,2027-06-30,Racing 92 (2024 - 2027)
TOP14,RAC,Liam COUTURIER,https://www.allrugby.com/joueurs/liam-couturier-18221.html,3,1,112,,,,2027-06-30,ABCD XV (2022 - 2024) | Aviron Bayonnais (2024 - 2026) | Racing 92 (2026 - 2027)
TOP14,RAC,Luca EMERY,https://www.allrugby.com/joueurs/luca-emery-20271.html,,,,,,,2027-06-30,Racing 92 (2020 - 2027)
TOP14,RAC,Mathis BOUREAU D'ARGONNE,https://www.allrugby.com/joueurs/mathis-boureau-d-argonne-18488.html,,,,,,,2027-06-30,Racing 92 (2016 - 2027)
TOP14,RAC,Maxence COCHARD,https://www.allrugby.com/joueurs/maxence-cochard-23729.html,,,,,,,2027-06-30,Racing 92 (2019 - 2027)
TOP14,RAC,Billy SELA,https://www.allrugby.com/joueurs/billy-sela-17087.html,9,5,314,1,,,,Bath Rugby (2023 - 2027)
TOP14,RAC,Nikoloz TORADZE,https://www.allrugby.com/joueurs/nikoloz-toradze-22582.html,,,,,,,2027-06-30,Racing 92 (2026 - 2027)
TOP14,RAC,Ioan EMANUEL,https://www.allrugby.com/joueurs/ioan-emanuel-17160.html,1,0,14,,,,,Bath Rugby (2026 - 2026) | Cardiff Rugby (2026 - 2026) | Bath Rugby (2026 - 2027)
TOP14,RAC,Tyméo BOHNENSTENGEL,https://www.allrugby.com/joueurs/tymeo-bohnenstengel-22596.html,,,,,,,2027-06-30,Association Sportive Béziers Hérault (2020 - 2026) | Racing 92 (2026 - 2027)
TOP14,RAC,Baptiste MAURET,https://www.allrugby.com/joueurs/baptiste-mauret-23732.html,,,,,,,2027-06-30,Racing 92 (2014 - 2027)
TOP14,RAC,Elia MASI,https://www.allrugby.com/joueurs/elia-masi-18815.html,1,1,46,,,,2027-06-30,Racing 92 (2023 - 2027)
TOP14,RAC,Yanis BASSE,https://www.allrugby.com/joueurs/yanis-basse-20184.html,12,1,207,1,,,2027-06-30,Racing 92 (2020 - 2027)
TOP14,RAC,Maximillien BRACKENBURY,https://www.allrugby.com/joueurs/maximillien-brackenbury-23728.html,,,,,,,2027-06-30,Racing 92 (2024 - 2027)
TOP14,RAC,Ruan SWART,https://www.allrugby.com/joueurs/ruan-swart-21181.html,,,,,,,2027-06-30,Racing 92 (2025 - 2027)
TOP14,RAC,Anicet BATBEDAT,https://www.allrugby.com/joueurs/anicet-batbedat-18177.html,,,,,,,2027-06-30,Provence Rugby (2022 - 2025) | Racing 92 (2025 - 2027)
TOP14,RAC,Auguste ALBUISSON,https://www.allrugby.com/joueurs/auguste-albuisson-17567.html,4,1,93,1,,,2027-06-30,Racing 92 (2021 - 2027)
TOP14,RAC,Gaston LAGNEAU,https://www.allrugby.com/joueurs/gaston-lagneau-21097.html,,,,,,,2027-06-30,Antony Métro 92 (2016 - 2019) | Racing 92 (2019 - 2027)
TOP14,RAC,Matis JULIEN,https://www.allrugby.com/joueurs/matis-julien-22089.html,1,0,16,,,,2027-06-30,Racing 92 (2024 - 2027)
TOP14,RAC,Max PEARCE,https://www.allrugby.com/joueurs/max-pearce-16333.html,2,0,20,,,,,Bath Rugby (2026 - 2026) | Cardiff Rugby (2026 - 2026) | Bath Rugby (2026 - 2027)
TOP14,RAC,Nicolas MARTINY,https://www.allrugby.com/joueurs/nicolas-martiny-23731.html,,,,,,,2027-06-30,Évreux AC Rugby (2015 - 2017) | Racing 92 (2017 - 2027)
TOP14,RAC,Noam ZEBUS-DELAGE,https://www.allrugby.com/joueurs/noam-zebus-delage-21100.html,,,,,,,2027-06-30,Stade Français Paris Rugby (2020 - 2025) | Racing 92 (2025 - 2027)
TOP14,RAC,Yanis NAMA,https://www.allrugby.com/joueurs/yanis-nama-21099.html,,,,,,,2027-06-30,Racing 92 (2025 - 2027)
TOP14,RAC,Léo CARBONNEAU,https://www.allrugby.com/joueurs/leo-carbonneau-10864.html,26,24,1838,7,,,2027-06-30,CA Brive Corrèze Limousin (2013 - 2025) | Racing 92 (2025 - 2027)
TOP14,RAC,Daniel MARAIS,https://www.allrugby.com/joueurs/daniel-marais-16332.html,,,,,,,,Bath Rugby (2023 - 2024)
TOP14,RAC,Matěj SEHNAL,https://www.allrugby.com/joueurs/matěj-sehnal-23735.html,,,,,,,2027-06-30,Racing 92 (2026 - 2027)
TOP14,RAC,Maxent GEORGELIN,https://www.allrugby.com/joueurs/maxent-georgelin-22671.html,,,,,,,2027-06-30,RC Montesson Chatou (2014 - 2020) | Racing 92 (2020 - 2027)
TOP14,RAC,Eddie ERSKINE,https://www.allrugby.com/joueurs/eddie-erskine-14867.html,1,0,5,,,,,Hartpury RFC (2024 - 2025)
TOP14,RAC,Simon MOREAU,https://www.allrugby.com/joueurs/simon-moreau-23733.html,,,,,,,2027-06-30,Aviron Bayonnais (2022 - 2024) | Racing 92 (2024 - 2027)
TOP14,RAC,Harvey CUCKSON,https://www.allrugby.com/joueurs/harvey-cuckson-13538.html,5,4,242,,,,,Worcester Warriors (2026 - 2026) | Bath Rugby (2026 - 2026) | Scarlets (2026 - 2027)
TOP14,RAC,Milo WHITFORD,https://www.allrugby.com/joueurs/milo-whitford-22670.html,,,,,,,2027-06-30,Montpellier Hérault Rugby (2018 - 2023) | Racing 92 (2023 - 2027)
TOP14,RAC,Jack BENNETT,https://www.allrugby.com/joueurs/jack-bennett-18532.html,1,1,63,,,,,Bath Rugby (2026 - 2026) | London Scottish (2026 - 2026) | Bath Rugby (2026 - 2027)
TOP14,RAC,Gaspard LIEVENS,https://www.allrugby.com/joueurs/gaspard-lievens-21101.html,,,,,,,2027-06-30,Racing 92 (2025 - 2027)
TOP14,RAC,Luigi COZZOLINO,https://www.allrugby.com/joueurs/luigi-cozzolino-23734.html,,,,,,,2027-06-30,RC Vincennes (2017 - 2021) | Racing 92 (2021 - 2027)
TOP14,RAC,Noham VALEU,https://www.allrugby.com/joueurs/noham-valeu-18376.html,1,0,8,,,,2027-06-30,Racing 92 (2016 - 2027)
TOP14,RAC,Sione FINAU-TUPOU,https://www.allrugby.com/joueurs/sione-finau-tupou-23409.html,,,,,,,2027-06-30,Racing 92 (2026 - 2027)
TOP14,RAC,Rory CAMERON,https://www.allrugby.com/joueurs/rory-cameron-18021.html,,,,,,,,Bath Rugby (2023 - 2024)
TOP14,RAC,Vladi ASHVETIA,https://www.allrugby.com/joueurs/vladi-ashvetia-18489.html,4,2,195,2,,,2027-06-30,Racing 92 (2023 - 2027)
TOP14,RAC,Evan DUARTE MONTEIRO,https://www.allrugby.com/joueurs/evan-duarte-monteiro-23730.html,,,,,,,2027-06-30,Racing 92 (2022 - 2027)
TOP14,RAC,Josaia RALULU,https://www.allrugby.com/joueurs/josaia-ralulu-21570.html,,,,,,,2027-06-30,Stade Montois Rugby Pro (2025 - 2026) | Racing 92 (2026 - 2027)
TOP14,RAC,Nolann DONGUY,https://www.allrugby.com/joueurs/nolann-donguy-18875.html,3,3,141,,,,2027-06-30,AC Boulogne-Billancourt (2014 - 2016) | RC Aubergenville Elisabethville (2016 - 2019) | Racing 92 (2019 - 2027)
TOP14,RAC,Alessandro RAGUSI,https://www.allrugby.com/joueurs/alessandro-ragusi-18377.html,2,1,99,,,,2027-06-30,Racing 92 (2022 - 2027)
TOP14,RAC,Arthur ROCHE,https://www.allrugby.com/joueurs/arthur-roche-18720.html,1,0,24,,,,2027-06-30,Lyon Olympique Universitaire Rugby (2019 - 2023) | Racing 92 (2023 - 2027)
TOP14,RAC,Côme NITHARUM,https://www.allrugby.com/joueurs/come-nitharum-21096.html,,,,,,,2027-06-30,Racing 92 (2014 - 2027)
TOP14,RAC,Matanu FERNANDO,https://www.allrugby.com/joueurs/matanu-fernando-21102.html,,,,,,,2027-06-30,Racing 92 (2025 - 2027)
TOP14,RAC,Connor TREACEY,https://www.allrugby.com/joueurs/connor-treacey-18538.html,1,0,11,,,,,Bath Rugby (2023 - 2027)
TOP14,SFP,Giorgi MELIKIDZE,https://www.allrugby.com/joueurs/giorgi-melikidze-3551.html,2,0,73,,,,2027-06-30,Stade Français Paris Rugby (2015 - 2027)
TOP14,SFP,Jack ISCARO,https://www.allrugby.com/joueurs/jack-iscaro-10586.html,1,1,46,,,,2027-06-30,Stade Français Paris Rugby (2025 - 2027)
TOP14,SFP,Moses ALO-EMILE,https://www.allrugby.com/joueurs/moses-alo-emile-6023.html,25,15,1019,1,,,2027-06-30,Stade Français Paris Rugby (2018 - 2027)
TOP14,SFP,Paul ALO-EMILE,https://www.allrugby.com/joueurs/paul-alo-emile-3387.html,2,2,87,,,,2027-06-30,Melbourne Rebels (2011 - 2015) | Stade Français Paris Rugby (2015 - 2027)
TOP14,SFP,Sergo ABRAMISHVILI,https://www.allrugby.com/joueurs/sergo-abramishvili-12124.html,2,1,83,,,,2027-06-30,Stade Français Paris Rugby (2021 - 2027)
TOP14,SFP,Luke TAGI,https://www.allrugby.com/joueurs/luke-tagi-8934.html,12,7,466,,,,,Provence Rugby (2021 - 2023) | Aviron Bayonnais (2023 - 2027)
TOP14,SFP,Thierry PAÏVA,https://www.allrugby.com/joueurs/thierry-paiva-4364.html,14,4,514,,,,2027-06-30,Union Bordeaux-Bègles (2017 - 2022) | Stade Rochelais (2022 - 2025) | Stade Français Paris Rugby (2025 - 2027)
TOP14,SFP,Thomas BUÉ,https://www.allrugby.com/joueurs/thomas-bue-12275.html,1,0,31,,,,2027-06-30,Union Sportive Montalbanaise (2017 - 2026) | Stade Français Paris Rugby (2026 - 2027)
TOP14,SFP,Martin VILLAR,https://www.allrugby.com/joueurs/martin-villar-15092.html,6,1,168,1,,,,Stade Montois Rugby Pro (2025 - 2025) | Aviron Bayonnais (2025 - 2025) | Oyonnax Rugby (2025 - 2027)
TOP14,SFP,Álvaro GARCIA,https://www.allrugby.com/joueurs/alvaro-garcia-15406.html,10,4,366,1,,,2027-06-30,Stade Français Paris Rugby (2023 - 2027)
TOP14,SFP,Giacomo NICOTERA,https://www.allrugby.com/joueurs/giacomo-nicotera-11072.html,2,2,111,,,,2027-06-30,Stade Français Paris Rugby (2024 - 2027)
TOP14,SFP,Matis PERCHAUD,https://www.allrugby.com/joueurs/matis-perchaud-10981.html,2,1,121,,,,,Aviron Bayonnais (2017 - 2024) | Union Bordeaux-Bègles (2024 - 2027)
TOP14,SFP,Lucas PEYRESBLANQUES,https://www.allrugby.com/joueurs/lucas-peyresblanques-4610.html,2,0,49,,,,2027-06-30,Biarritz Olympique Pays Basque (2013 - 2022) | Stade Français Paris Rugby (2022 - 2027)
TOP14,SFP,Tomasi MAKA,https://www.allrugby.com/joueurs/tomasi-maka-16837.html,2,0,21,,,,2027-06-30,Moana Pasifika (2025 - 2025) | Tasman Mako (2025 - 2026) | Stade Français Paris Rugby (2026 - 2027)
TOP14,SFP,Pascal COTET,https://www.allrugby.com/joueurs/pascal-cotet-1906.html,2,2,102,,,,,Racing Club Narbonnais (2018 - 2022) | Aviron Bayonnais (2022 - 2026) | Provence Rugby (2026 - 2027)
TOP14,SFP,Fabrice METZ,https://www.allrugby.com/joueurs/fabrice-metz-1197.html,20,18,1120,,,,2027-06-30,Section Paloise Béarn Pyrénées (2016 - 2024) | Rugby Club Vannes (2024 - 2026) | Stade Français Paris Rugby (2026 - 2027)
TOP14,SFP,Jacques BOTHA,https://www.allrugby.com/joueurs/jacques-botha-17956.html,1,1,54,,,,2027-06-30,Stade Français Paris Rugby (2024 - 2027)
TOP14,SFP,Pierre CASTILLON,https://www.allrugby.com/joueurs/pierre-castillon-17309.html,6,0,147,,,,,Aviron Bayonnais (2018 - 2027)
TOP14,SFP,Paul GABRILLAGUES,https://www.allrugby.com/joueurs/paul-gabrillagues-2374.html,2,2,160,,,,2027-06-30,Stade Français Paris Rugby (2011 - 2027)
TOP14,SFP,Petero MAILULU,https://www.allrugby.com/joueurs/petero-mailulu-12377.html,8,1,256,2,,,2027-06-30,Stade Toulousain (2024 - 2024) | Association Sportive Béziers Hérault (2024 - 2026) | Stade Français Paris Rugby (2026 - 2027)
TOP14,SFP,Pieter SCHOLTZ,https://www.allrugby.com/joueurs/pieter-scholtz-6324.html,17,10,742,1,,,,Wasps (2021 - 2022) | Aviron Bayonnais (2022 - 2025) | Mitsubishi Sagamihara Dynaboars (2025 - 2026)
TOP14,SFP,Pierre-Henri AZAGOH,https://www.allrugby.com/joueurs/pierre-henri-azagoh-5535.html,2,1,88,,,,2027-06-30,Rugby Club Massy Essonne (2013 - 2019) | Stade Français Paris Rugby (2019 - 2027)
TOP14,SFP,Quentin BÉTHUNE,https://www.allrugby.com/joueurs/quentin-bethune-3326.html,8,2,201,,,,2022-06-30,Stade Français Paris Rugby (2019 - 2022) | Aviron Bayonnais (2022 - 2025)
TOP14,SFP,Juan Martin SCELZO,https://www.allrugby.com/joueurs/juan-martin-scelzo-13720.html,9,6,395,2,,,2027-06-30,RC Saint-Gènes-Champanelle (2018 - 2021) | ASM Clermont Auvergne (2021 - 2022) | Stade Français Paris Rugby (2022 - 2027)
TOP14,SFP,Mathieu HIRIGOYEN,https://www.allrugby.com/joueurs/mathieu-hirigoyen-4609.html,2,1,86,,,,2027-06-30,Biarritz Olympique Pays Basque (2012 - 2022) | Stade Français Paris Rugby (2022 - 2027)
TOP14,SFP,Swan CORMENIER,https://www.allrugby.com/joueurs/swan-cormenier-5203.html,1,0,35,,,,,Sporting Club Albigeois (2017 - 2019) | Aviron Bayonnais (2019 - 2027)
TOP14,SFP,Pierre HUGUET,https://www.allrugby.com/joueurs/pierre-huguet-3660.html,1,0,18,,,,2027-06-30,US Carcassonne (2018 - 2022) | Aviron Bayonnais (2022 - 2024) | Stade Français Paris Rugby (2024 - 2027)
TOP14,SFP,Tevita TATAFU,https://www.allrugby.com/joueurs/tevita-tatafu-11206.html,2,1,75,1,,,,Aviron Bayonnais (2019 - 2027)
TOP14,SFP,Romain BRIATTE,https://www.allrugby.com/joueurs/romain-briatte-2492.html,22,19,1374,3,,,2027-06-30,Stade Aurillacois Cantal Auvergne (2014 - 2018) | Sporting Union Agenais (2018 - 2021) | Stade Français Paris Rugby (2021 - 2027)
TOP14,SFP,Ryan CHAPUIS,https://www.allrugby.com/joueurs/ryan-chapuis-6008.html,2,1,74,1,,,2027-06-30,Stade Français Paris Rugby (2012 - 2027)
TOP14,SFP,Sékou MACALOU,https://www.allrugby.com/joueurs/sekou-macalou-2405.html,18,8,737,1,,,2027-06-30,Rugby Club Massy Essonne (2011 - 2015) | Stade Français Paris Rugby (2015 - 2027)
TOP14,SFP,Tanginoa HALAIFONUA,https://www.allrugby.com/joueurs/tanginoa-halaifonua-5216.html,2,2,150,1,,,2027-06-30,Lyon Olympique Universitaire Rugby (2019 - 2020) | FC Grenoble Rugby (2020 - 2023) | Stade Français Paris Rugby (2023 - 2027)
TOP14,SFP,Facundo BOSCH,https://www.allrugby.com/joueurs/facundo-bosch-5142.html,20,15,867,2,,,,Stade Rochelais (2019 - 2022) | Aviron Bayonnais (2022 - 2027)
TOP14,SFP,Yoan TANGA,https://www.allrugby.com/joueurs/yoan-tanga-5266.html,2,2,140,,,,2027-06-30,Racing 92 (2019 - 2022) | Stade Rochelais (2022 - 2024) | Stade Français Paris Rugby (2024 - 2027)
TOP14,SFP,Paul ABADIE,https://www.allrugby.com/joueurs/paul-abadie-1656.html,1,0,26,1,,,2024-06-30,Stade Français Paris Rugby (2024 - 2024) | Union Bordeaux-Bègles (2025 - 2025) | Stade Français Paris Rugby (2025 - 2027)
TOP14,SFP,Tawera KERR-BARLOW,https://www.allrugby.com/joueurs/tawera-kerr-barlow-3905.html,2,2,114,,,,2027-06-30,Stade Rochelais (2017 - 2025) | Stade Français Paris Rugby (2025 - 2027)
TOP14,SFP,Thibaut MOTASSI,https://www.allrugby.com/joueurs/thibaut-motassi-15196.html,1,0,20,,,,2027-06-30,Stade Français Paris Rugby (2019 - 2027)
TOP14,SFP,Ihaia WEST,https://www.allrugby.com/joueurs/ihaia-west-5880.html,1,0,18,,,,2027-06-30,Rugby Club Toulonnais (2022 - 2023) | Stade Rochelais (2023 - 2026) | Stade Français Paris Rugby (2026 - 2027)
TOP14,SFP,Louis ORTOLAN,https://www.allrugby.com/joueurs/louis-ortolan-12322.html,2,0,16,,,,,Aviron Bayonnais (2017 - 2024)
TOP14,SFP,Louis CARBONEL,https://www.allrugby.com/joueurs/louis-carbonel-5175.html,2,2,142,,,,2027-06-30,Montpellier Hérault Rugby (2022 - 2024) | Stade Français Paris Rugby (2024 - 2027)
TOP14,SFP,Louis FOURSANS-BOURDETTE,https://www.allrugby.com/joueurs/louis-foursans-bourdette-8654.html,5,3,240,,,,2027-06-30,Montpellier Hérault Rugby (2019 - 2024) | Stade Français Paris Rugby (2024 - 2027)
TOP14,SFP,Alivereti DUGUIVALU,https://www.allrugby.com/joueurs/alifereti-duguivalu-5910.html,2,1,102,,,,2027-06-30,Stade Français Paris Rugby (2026 - 2027)
TOP14,SFP,Jeremy WARD,https://www.allrugby.com/joueurs/jeremy-ward-7508.html,2,2,129,1,,,2027-06-30,Sharks Rugby Club (2016 - 2022) | Stade Français Paris Rugby (2022 - 2027)
TOP14,SFP,Julien DELBOUIS,https://www.allrugby.com/joueurs/julien-delbouis-5538.html,2,1,97,,,,2027-06-30,Rugby Club Massy Essonne (2011 - 2018) | Stade Français Paris Rugby (2018 - 2027)
TOP14,SFP,Thomas ACQUIER,https://www.allrugby.com/joueurs/thomas-acquier-1418.html,13,2,394,2,,,,CA Brive Corrèze Limousin (2014 - 2022) | Aviron Bayonnais (2022 - 2024) | US Tyrosse (2024 - 2026)
TOP14,SFP,Vincent GIUDICELLI,https://www.allrugby.com/joueurs/vincent-giudicelli-4847.html,2,1,88,2,,,,Montpellier Hérault Rugby (2017 - 2023) | Aviron Bayonnais (2023 - 2026) | Provence Rugby (2026 - 2027)
TOP14,SFP,Noah NÉNÉ,https://www.allrugby.com/joueurs/noah-nene-14442.html,2,1,114,,,,2027-06-30,US Dax Rugby Landes (2024 - 2025) | Stade Français Paris Rugby (2025 - 2027)
TOP14,SFP,Tani VILI,https://www.allrugby.com/joueurs/tani-vili-5370.html,2,1,75,,,,2027-06-30,Union Bordeaux-Bègles (2022 - 2024) | Rugby Club Vannes (2024 - 2025) | Stade Français Paris Rugby (2025 - 2027)
TOP14,SFP,Israel LEOTA,https://www.allrugby.com/joueurs/israel-leota-21706.html,6,5,329,3,,,2027-06-30,Moana Pasifika (2026 - 2026) | North Harbour (2026 - 2026) | Stade Français Paris Rugby (2026 - 2027)
TOP14,SFP,Lester ÉTIEN,https://www.allrugby.com/joueurs/lester-etien-2496.html,1,1,80,,,,2027-06-30,Stade Français Paris Rugby (2018 - 2027)
TOP14,SFP,Denis MARCHOIS,https://www.allrugby.com/joueurs/denis-marchois-3589.html,14,7,654,1,,,,Section Paloise Béarn Pyrénées (2019 - 2021) | Aviron Bayonnais (2021 - 2025) | Sporting Union Agenais (2025 - 2027)
TOP14,SFP,Peniasi DAKUWAQA,https://www.allrugby.com/joueurs/peniasi-dakuwaqa-14612.html,21,20,1582,10,,,2027-06-30,Club fidjien (2021 - 2022) | Stade Français Paris Rugby (2022 - 2027)
TOP14,SFP,Rufus MCLEAN,https://www.allrugby.com/joueurs/rufus-mclean-7380.html,1,1,80,,,,2027-06-30,Houston Sabercats (2024 - 2025) | Seattle Seawolves (2025 - 2026) | Stade Français Paris Rugby (2026 - 2027)
TOP14,SFP,Samuel EZEALA,https://www.allrugby.com/joueurs/samuel-ezeala-5179.html,1,1,80,,,,2027-06-30,Section Paloise Béarn Pyrénées (2023 - 2024) | Stade Français Paris Rugby (2024 - 2027)
TOP14,SFP,Léo BARRÉ,https://www.allrugby.com/joueurs/leo-barre-8224.html,2,2,160,1,,,2027-06-30,Rugby Club Massy Essonne (2014 - 2020) | Stade Français Paris Rugby (2020 - 2027)
TOP14,SFP,Léo MONIN,https://www.allrugby.com/joueurs/leo-monin-10322.html,1,1,42,,,,2027-06-30,CS Bourgoin Jallieu Rugby (2017 - 2020) | Stade Français Paris Rugby (2020 - 2027)
TOP14,SFP,Arthur PINET,https://www.allrugby.com/joueurs/arthur-pinet-17073.html,,,,,,,2027-06-30,Stade Français Paris Rugby (2022 - 2027)
TOP14,SFP,Braxton ASI,https://www.allrugby.com/joueurs/braxton-asi-17127.html,2,1,89,,,,2027-06-30,Stade Français Paris Rugby (2023 - 2027)
TOP14,SFP,Badri TSIKHISTAVI,https://www.allrugby.com/joueurs/badri-tsikhistavi-13791.html,4,1,91,,,,,Black Lion (2025 - 2026) | Stade Olympique Chambéry (2026 - 2027)
TOP14,SFP,Benjamin LAHET,https://www.allrugby.com/joueurs/benjamin-lahet-13667.html,,,,,,,,Aviron Bayonnais (2018 - 2025) | Capbreton Hossegor Rugby (2025 - 2026)
TOP14,SFP,Johannes POLOMSKY,https://www.allrugby.com/joueurs/johannes-polomsky-22472.html,,,,,,,2027-06-30,Stade Français Paris Rugby (2022 - 2027)
TOP14,SFP,Losseni MEÏTÉ,https://www.allrugby.com/joueurs/losseni-meite-20801.html,,,,,,,2027-06-30,Stade Français Paris Rugby (2021 - 2027)
TOP14,SFP,Imanol THICOÏPE,https://www.allrugby.com/joueurs/imanol-thicoipe-17615.html,,,,,,,,Aviron Bayonnais (2011 - 2024)
TOP14,SFP,Mehdi BORSALI,https://www.allrugby.com/joueurs/mehdi-borsali-15459.html,,,,,,,2027-06-30,Stade Français Paris Rugby (2018 - 2027)
TOP14,SFP,Lucas OFFICIAL,https://www.allrugby.com/joueurs/lucas-official-22806.html,2,0,44,,,,,AS Urruñarrak (2015 - 2016) | Aviron Bayonnais (2016 - 2027)
TOP14,SFP,Ethan TIA,https://www.allrugby.com/joueurs/ethan-tia-17149.html,1,1,41,,,,2027-06-30,Stade Français Paris Rugby (2020 - 2027)
TOP14,SFP,Matéo GUÉRIN,https://www.allrugby.com/joueurs/mateo-guerin-17618.html,,,,,,,,Stade Bordelais (2021 - 2023) | Aviron Bayonnais (2023 - 2024) | US Dax Rugby Landes (2024 - 2026)
TOP14,SFP,Gaspard VAN PRAAG,https://www.allrugby.com/joueurs/gaspard-van-praag-23764.html,,,,,,,2027-06-30,Stade Français Paris Rugby (2024 - 2027)
TOP14,SFP,Colin WIEDEMANN,https://www.allrugby.com/joueurs/colin-wiedemann-22473.html,,,,,,,2027-06-30,Stade Français Paris Rugby (2024 - 2027)
TOP14,SFP,Peïo DOSPITAL,https://www.allrugby.com/joueurs/peio-dospital-21295.html,,,,,,,,Aviron Bayonnais (2022 - 2025) | Biarritz Olympique Pays Basque (2025 - 2026)
TOP14,SFP,Hippolyte CARNOT,https://www.allrugby.com/joueurs/hippolyte-carnot-23487.html,,,,,,,2027-06-30,Stade Français Paris Rugby (2021 - 2027)
TOP14,SFP,Setareki TURAGACOKE,https://www.allrugby.com/joueurs/setareki-turagacoke-18328.html,5,2,205,,,,2027-06-30,Stade Français Paris Rugby (2023 - 2027)
TOP14,SFP,Karl KASPER,https://www.allrugby.com/joueurs/karl-kasper-22243.html,2,0,62,,,,2027-06-30,Stade Français Paris Rugby (2021 - 2027)
TOP14,SFP,Rafaël CAYUELA,https://www.allrugby.com/joueurs/rafael-cayuela-21054.html,,,,,,,,Aviron Bayonnais (2019 - 2024) | Stado Tarbes Pyrénées Rugby (2024 - 2026)
TOP14,SFP,Mosese TABUAKOTO,https://www.allrugby.com/joueurs/mosese-tabuakoto-18650.html,5,4,270,1,,,2027-06-30,Stade Français Paris Rugby (2024 - 2027)
TOP14,SFP,Pablo GAUDIN,https://www.allrugby.com/joueurs/pablo-gaudin-20799.html,,,,,,,2027-06-30,Barracudas de Saint-Barthélémy (2016 - 2017) | RC Courbevoie (2017 - 2021) | Stade Français Paris Rugby (2021 - 2027)
TOP14,SFP,Yonn RAMOND,https://www.allrugby.com/joueurs/yonn-ramond-21382.html,,,,,,,,Aviron Bayonnais (2023 - 2025) | Rugby Club de Saint-Médard en Jalles (2025 - 2026)
TOP14,SFP,Martin BLUM,https://www.allrugby.com/joueurs/martin-blum-17284.html,1,0,8,,,,2027-06-30,Stade Français Paris Rugby (2020 - 2027)
TOP14,SFP,Hugo AFONSO,https://www.allrugby.com/joueurs/hugo-afonso-17608.html,,,,,,,,Aviron Bayonnais (2015 - 2024) | Saint Jean-de-Luz Olympique Rugby (2024 - 2025)
TOP14,SFP,Jokin DUHALT,https://www.allrugby.com/joueurs/jokin-duhalt-22601.html,,,,,,,,Aviron Bayonnais (2022 - 2026)
TOP14,SFP,Gaspard DE VILLENEUVE,https://www.allrugby.com/joueurs/gaspard-de-villeneuve-17283.html,,,,,,,2027-06-30,Stade Français Paris Rugby (2021 - 2027)
TOP14,SFP,Mathéo FUTHAZAR,https://www.allrugby.com/joueurs/matheo-futhazar-23117.html,,,,,,,,Aviron Bayonnais (2022 - 2026) | Association Sportive Béziers Hérault (2026 - 2027)
TOP14,SFP,Guillaume DIDEY,https://www.allrugby.com/joueurs/guillaume-didey-20800.html,,,,,,,2027-06-30,Stade Français Paris Rugby (2022 - 2027)
TOP14,SFP,Max BRU,https://www.allrugby.com/joueurs/max-bru-18004.html,,,,,,,,Aviron Bayonnais (2018 - 2024) | Anglet Olympique Rugby Club (2024 - 2025)
TOP14,SFP,Luka RUSSELL,https://www.allrugby.com/joueurs/luka-russell-18644.html,,,,,,,2027-06-30,Stade Français Paris Rugby (2024 - 2027)
TOP14,SFP,Malobé MBAYE,https://www.allrugby.com/joueurs/malobe-mbaye-23757.html,,,,,,,2027-06-30,Maison-Laffitte Saint-Germain Poissy Rugby (2019 - 2023) | Stade Français Paris Rugby (2023 - 2027)
TOP14,SFP,Stanislas NOLLET,https://www.allrugby.com/joueurs/stanislas-nollet-23756.html,,,,,,,2027-06-30,RC Suresnes (2018 - 2023) | Stade Français Paris Rugby (2023 - 2027)
TOP14,SFP,Yon CAPÉRAÀ,https://www.allrugby.com/joueurs/yon-caperaa-20327.html,,,,,,,,Aviron Bayonnais (2022 - 2025) | Section Paloise Béarn Pyrénées (2025 - 2027)
TOP14,SFP,Virgile DRAUX,https://www.allrugby.com/joueurs/virgile-draux-20792.html,,,,,,,2027-06-30,Racing 92 (2020 - 2025) | Stade Français Paris Rugby (2025 - 2027)
TOP14,SFP,Aiden STAIT,https://www.allrugby.com/joueurs/aiden-stait-16308.html,,,,,,,,Aviron Bayonnais (2023 - 2026)
TOP14,SFP,Aisake MANNA,https://www.allrugby.com/joueurs/aisake-manna-18649.html,,,,,,,2027-06-30,Canterbury-Bankstown Bulldogs (2024 - 2025) | Stade Français Paris Rugby (2025 - 2027)
TOP14,SFP,Aporosa LALABALAVU,https://www.allrugby.com/joueurs/aporosa-lalabalavu-20804.html,,,,,,,2027-06-30,Stade Français Paris Rugby (2025 - 2027)
TOP14,SFP,Dylan INDABURU,https://www.allrugby.com/joueurs/dylan-indaburu-17616.html,,,,,,,,Section Paloise Béarn Pyrénées (2017 - 2019) | Avenir Bizanos (2021 - 2023) | Aviron Bayonnais (2023 - 2024)
TOP14,SFP,Yannick LODJRO,https://www.allrugby.com/joueurs/yannick-lodjro-17328.html,12,12,881,2,,,2025-06-30,Stade Français Paris Rugby (2025 - 2025) | Stade Montois Rugby Pro (2026 - 2026) | Stade Français Paris Rugby (2026 - 2027)
TOP14,SFP,Hugo LECLERQ,https://www.allrugby.com/joueurs/hugo-leclerq-23766.html,,,,,,,,AS Sain-Martin-de-Seignanx (2018 - 2022) | Aviron Bayonnais (2022 - 2027)
TOP14,SFP,Edward JUMATATE,https://www.allrugby.com/joueurs/edward-jumatate-22474.html,,,,,,,2027-06-30,Stade Français Paris Rugby (2022 - 2027)
TOP14,SFP,Ignacio VALDES-LEIVA,https://www.allrugby.com/joueurs/ignacio-valdes-leiva-20319.html,,,,,,,,Nissa Rugby (2017 - 2019) | Aviron Bayonnais (2019 - 2027)
TOP14,SFP,Mathis IBO,https://www.allrugby.com/joueurs/mathis-ibo-17041.html,4,3,242,,,,2027-06-30,RC Champs-sur-Marne Val Maubuée (2018 - 2019) | Stade Français Paris Rugby (2019 - 2027)
TOP14,SFP,Jules DERRE,https://www.allrugby.com/joueurs/jules-derre-22752.html,,,,,,,,US Vicquoise (2018 - 2020) | Stado Tarbes Pyrénées Rugby (2020 - 2022) | Aviron Bayonnais (2022 - 2026)
TOP14,SFP,Apisalome RATUNIYARAWA,https://www.allrugby.com/joueurs/apisalome-ratuniyarawa-1787.html,1,0,13,,,,,Northampton Saints (2017 - 2022) | London Irish (2022 - 2023) | Aviron Bayonnais (2023 - 2024)
TOP14,TOL,Beka GIGASHVILI,https://www.allrugby.com/joueurs/beka-gigashvili-4412.html,17,11,728,2,,,2027-06-30,FC Grenoble Rugby (2017 - 2019) | Rugby Club Toulonnais (2019 - 2027)
TOP14,TOL,Dany PRISO,https://www.allrugby.com/joueurs/dany-priso-2557.html,17,11,799,4,,,2027-06-30,Stade Français Paris Rugby (2013 - 2016) | Stade Rochelais (2016 - 2022) | Rugby Club Toulonnais (2022 - 2027)
TOP14,TOL,Jean-Baptiste GROS,https://www.allrugby.com/joueurs/jean-baptiste-gros-5378.html,1,0,33,,,,2027-06-30,Provence Rugby (2013 - 2016) | Rugby Club Toulonnais (2016 - 2027)
TOP14,TOL,Kyle SINCKLER,https://www.allrugby.com/joueurs/kyle-sinckler-2663.html,2,2,100,,,,2027-06-30,Harlequins (2020 - 2020) | Bristol Bears (2020 - 2024) | Rugby Club Toulonnais (2024 - 2027)
TOP14,TOL,Léo AMETLLA,https://www.allrugby.com/joueurs/leo-ametlla-13808.html,2,2,100,,,,2027-06-30,Provence Rugby (2019 - 2022) | Rugby Club Toulonnais (2022 - 2027)
TOP14,TOL,Rabah SLIMANI,https://www.allrugby.com/joueurs/rabah-slimani-1115.html,2,0,60,,,,2027-06-30,ASM Clermont Auvergne (2017 - 2024) | Leinster Rugby (2024 - 2026) | Rugby Club Toulonnais (2026 - 2027)
TOP14,TOL,Samuel JEAN-CHRISTOPHE,https://www.allrugby.com/joueurs/samuel-jean-christophe-15457.html,1,0,27,,,,2027-06-30,Rugby Club Toulonnais (2017 - 2027)
TOP14,TOL,Luke TAGI,https://www.allrugby.com/joueurs/luke-tagi-8934.html,12,7,466,,,,,Provence Rugby (2021 - 2023) | Aviron Bayonnais (2023 - 2027)
TOP14,TOL,Gianmarco LUCCHESI,https://www.allrugby.com/joueurs/gianmarco-lucchesi-7388.html,1,0,33,,,,2027-06-30,Rugby Calvisano (2020 - 2020) | Benetton Rugby Trévise (2020 - 2024) | Rugby Club Toulonnais (2024 - 2027)
TOP14,TOL,Martin VILLAR,https://www.allrugby.com/joueurs/martin-villar-15092.html,6,1,168,1,,,,Stade Montois Rugby Pro (2025 - 2025) | Aviron Bayonnais (2025 - 2025) | Oyonnax Rugby (2025 - 2027)
TOP14,TOL,Pierre DAMOND,https://www.allrugby.com/joueurs/pierre-damond-14211.html,2,1,74,,,,2027-06-30,Rugby Club Toulonnais (2015 - 2027)
TOP14,TOL,Teddy BAUBIGNY,https://www.allrugby.com/joueurs/teddy-baubigny-4992.html,1,1,53,,,,2027-06-30,Racing 92 (2013 - 2022) | Rugby Club Toulonnais (2022 - 2027)
TOP14,TOL,Matis PERCHAUD,https://www.allrugby.com/joueurs/matis-perchaud-10981.html,2,1,121,,,,,Aviron Bayonnais (2017 - 2024) | Union Bordeaux-Bègles (2024 - 2027)
TOP14,TOL,Pascal COTET,https://www.allrugby.com/joueurs/pascal-cotet-1906.html,2,2,102,,,,,Racing Club Narbonnais (2018 - 2022) | Aviron Bayonnais (2022 - 2026) | Provence Rugby (2026 - 2027)
TOP14,TOL,David RIBBANS,https://www.allrugby.com/joueurs/david-ribbans-5621.html,14,13,973,2,,,2027-06-30,Rugby Club Toulonnais (2023 - 2027)
TOP14,TOL,Pierre CASTILLON,https://www.allrugby.com/joueurs/pierre-castillon-17309.html,6,0,147,,,,,Aviron Bayonnais (2018 - 2027)
TOP14,TOL,Junior KPOKU,https://www.allrugby.com/joueurs/junior-kpoku-16834.html,1,0,29,,,,2025-06-30,Rugby Club Toulonnais (2025 - 2025) | Racing 92 (2026 - 2026) | Rugby Club Toulonnais (2026 - 2027)
TOP14,TOL,Pieter SCHOLTZ,https://www.allrugby.com/joueurs/pieter-scholtz-6324.html,17,10,742,1,,,,Wasps (2021 - 2022) | Aviron Bayonnais (2022 - 2025) | Mitsubishi Sagamihara Dynaboars (2025 - 2026)
TOP14,TOL,Luciano ASEVEDO,https://www.allrugby.com/joueurs/luciano-asevedo-17400.html,1,0,16,,,,2027-06-30,Liceo RC (2024 - 2024) | Tarucas (2024 - 2026) | Rugby Club Toulonnais (2026 - 2027)
TOP14,TOL,Matthias HALAGAHU,https://www.allrugby.com/joueurs/matthias-halagahu-8432.html,5,2,173,,,,2027-06-30,Rugby Club Toulonnais (2016 - 2027)
TOP14,TOL,Quentin BÉTHUNE,https://www.allrugby.com/joueurs/quentin-bethune-3326.html,8,2,201,,,,,Stade Français Paris Rugby (2019 - 2022) | Aviron Bayonnais (2022 - 2025)
TOP14,TOL,Swan REBBADJ,https://www.allrugby.com/joueurs/swan-rebbadj-4424.html,2,2,139,,,,2027-06-30,Rugby Club Toulonnais (2012 - 2027)
TOP14,TOL,Charles OLLIVON,https://www.allrugby.com/joueurs/charles-ollivon-1109.html,1,1,50,,,,2027-06-30,Aviron Bayonnais (2009 - 2015) | Rugby Club Toulonnais (2015 - 2027)
TOP14,TOL,Esteban ABADIE,https://www.allrugby.com/joueurs/esteban-abadie-6039.html,2,2,160,,,,2027-06-30,CA Brive Corrèze Limousin (2019 - 2023) | Rugby Club Toulonnais (2023 - 2027)
TOP14,TOL,Joé QUERE-KARABA,https://www.allrugby.com/joueurs/joe-quere-karaba-14810.html,1,0,30,,,,2027-06-30,Antony Métro 92 (2019 - 2021) | Rugby Club Toulonnais (2021 - 2027)
TOP14,TOL,Swan CORMENIER,https://www.allrugby.com/joueurs/swan-cormenier-5203.html,1,0,35,,,,,Sporting Club Albigeois (2017 - 2019) | Aviron Bayonnais (2019 - 2027)
TOP14,TOL,Judicaël CANCORIET,https://www.allrugby.com/joueurs/judicael-cancoriet-2512.html,2,2,136,,,,2027-06-30,ASM Clermont Auvergne (2015 - 2023) | Stade Rochelais (2023 - 2026) | Rugby Club Toulonnais (2026 - 2027)
TOP14,TOL,Tevita TATAFU,https://www.allrugby.com/joueurs/tevita-tatafu-11206.html,2,1,75,1,,,,Aviron Bayonnais (2019 - 2027)
TOP14,TOL,Lewis LUDLAM,https://www.allrugby.com/joueurs/lewis-ludlam-5150.html,1,1,70,,,,2027-06-30,Rugby Club Toulonnais (2024 - 2027)
TOP14,TOL,Mikheili SHIOSHVILI,https://www.allrugby.com/joueurs/mikheili-shioshvili-17959.html,1,0,33,,,,2027-06-30,Rugby Club Toulonnais (2024 - 2027)
TOP14,TOL,Facundo BOSCH,https://www.allrugby.com/joueurs/facundo-bosch-5142.html,20,15,867,2,,,,Stade Rochelais (2019 - 2022) | Aviron Bayonnais (2022 - 2027)
TOP14,TOL,Patrick TUIFUA,https://www.allrugby.com/joueurs/patrick-tuifua-16361.html,1,0,10,,,,2027-06-30,Hawke's Bay Magpies (2022 - 2025) | Rugby Club Toulonnais (2025 - 2027)
TOP14,TOL,Zach MERCER,https://www.allrugby.com/joueurs/zach-mercer-4903.html,2,2,127,,,,2027-06-30,Gloucester Rugby (2023 - 2025) | Rugby Club Toulonnais (2025 - 2027)
TOP14,TOL,Baptiste SERIN,https://www.allrugby.com/joueurs/baptiste-serin-1380.html,2,2,117,1,,,2027-06-30,Union Bordeaux-Bègles (2009 - 2019) | Rugby Club Toulonnais (2019 - 2027)
TOP14,TOL,Ben WHITE,https://www.allrugby.com/joueurs/ben-white-4776.html,2,0,43,,,,2027-06-30,London Irish (2021 - 2023) | Rugby Club Toulonnais (2023 - 2027)
TOP14,TOL,Louis ORTOLAN,https://www.allrugby.com/joueurs/louis-ortolan-12322.html,2,0,16,,,,,Aviron Bayonnais (2017 - 2024)
TOP14,TOL,Luka KELETAONA,https://www.allrugby.com/joueurs/luka-keletaona-15392.html,1,0,12,,,,2027-06-30,CA Brive Corrèze Limousin (2019 - 2026) | Rugby Club Toulonnais (2026 - 2027)
TOP14,TOL,Matéo GARCIA,https://www.allrugby.com/joueurs/mateo-garcia-9321.html,2,2,148,1,,,2027-06-30,Union Bordeaux-Bègles (2020 - 2025) | Rugby Club Toulonnais (2025 - 2027)
TOP14,TOL,Tomás ALBORNOZ,https://www.allrugby.com/joueurs/tomas-albornoz-9091.html,2,1,67,,,,2025-06-30,Rugby Club Toulonnais (2025 - 2025) | Benetton Rugby Trévise (2026 - 2026) | Rugby Club Toulonnais (2026 - 2027)
TOP14,TOL,Thomas ACQUIER,https://www.allrugby.com/joueurs/thomas-acquier-1418.html,13,2,394,2,,,,CA Brive Corrèze Limousin (2014 - 2022) | Aviron Bayonnais (2022 - 2024) | US Tyrosse (2024 - 2026)
TOP14,TOL,Antoine FRISCH,https://www.allrugby.com/joueurs/antoine-frisch-6575.html,8,7,487,1,,,2027-06-30,Bristol Bears (2021 - 2022) | Munster Rugby (2022 - 2024) | Rugby Club Toulonnais (2024 - 2027)
TOP14,TOL,Vincent GIUDICELLI,https://www.allrugby.com/joueurs/vincent-giudicelli-4847.html,2,1,88,2,,,,Montpellier Hérault Rugby (2017 - 2023) | Aviron Bayonnais (2023 - 2026) | Provence Rugby (2026 - 2027)
TOP14,TOL,Gaël FICKOU,https://www.allrugby.com/joueurs/gael-fickou-1087.html,2,2,160,,,,2027-06-30,Stade Français Paris Rugby (2021 - 2021) | Racing 92 (2021 - 2026) | Rugby Club Toulonnais (2026 - 2027)
TOP14,TOL,Huw JONES,https://www.allrugby.com/joueurs/huw-jones-5030.html,2,1,108,,,,2027-06-30,Harlequins (2021 - 2022) | Glasgow Warriors (2022 - 2026) | Rugby Club Toulonnais (2026 - 2027)
TOP14,TOL,Ignacio BREX,https://www.allrugby.com/joueurs/ignacio-brex-5665.html,13,12,994,2,,,2027-06-30,Rugby Club Toulonnais (2025 - 2027)
TOP14,TOL,Jérémy SINZELLE,https://www.allrugby.com/joueurs/jeremy-sinzelle-1370.html,1,0,5,,,,2027-06-30,Stade Français Paris Rugby (2012 - 2017) | Stade Rochelais (2017 - 2022) | Rugby Club Toulonnais (2022 - 2027)
TOP14,TOL,Mathieu SMAÏLI,https://www.allrugby.com/joueurs/mathieu-smaili-5380.html,1,1,52,,,,2027-06-30,Stade Montois Rugby Pro (2020 - 2021) | Rugby Club Toulonnais (2021 - 2027)
TOP14,TOL,Denis MARCHOIS,https://www.allrugby.com/joueurs/denis-marchois-3589.html,14,7,654,1,,,,Section Paloise Béarn Pyrénées (2019 - 2021) | Aviron Bayonnais (2021 - 2025) | Sporting Union Agenais (2025 - 2027)
TOP14,TOL,Oliver COWIE,https://www.allrugby.com/joueurs/oliver-cowie-15390.html,12,8,684,3,,,2027-06-30,Rugby Club Toulonnais (2020 - 2027)
TOP14,TOL,Rayan REBBADJ,https://www.allrugby.com/joueurs/rayan-rebbadj-8436.html,2,2,155,2,,,2027-06-30,Rugby Club Toulonnais (2018 - 2027)
TOP14,TOL,Apete NAROGO,https://www.allrugby.com/joueurs/apete-narogo-22529.html,,,,,,,2027-06-30,Rugby Club Toulonnais (2026 - 2027)
TOP14,TOL,Gabin VILLIÈRE,https://www.allrugby.com/joueurs/gabin-villiere-7728.html,6,5,344,3,,,2027-06-30,Rouen Normandie Rugby (2013 - 2019) | Rugby Club Toulonnais (2019 - 2027)
TOP14,TOL,Gaël DRÉAN,https://www.allrugby.com/joueurs/gael-drean-10840.html,15,15,1191,10,,,2027-06-30,Rennes Etudiants Club (2020 - 2022) | Rugby Club Toulonnais (2022 - 2027)
TOP14,TOL,Setariki TUICUVU,https://www.allrugby.com/joueurs/setariki-tuicuvu-4359.html,16,12,960,4,,,2027-06-30,Aviron Bayonnais (2020 - 2020) | CA Brive Corrèze Limousin (2020 - 2023) | Rugby Club Toulonnais (2023 - 2027)
TOP14,TOL,Marius DOMON,https://www.allrugby.com/joueurs/marius-domon-11219.html,14,8,644,2,,,2027-06-30,RC du Levant (2016 - 2017) | Rugby Club Toulonnais (2017 - 2027)
TOP14,TOL,Mathis FERTÉ,https://www.allrugby.com/joueurs/mathis-ferte-13431.html,2,2,160,1,,,2027-06-30,CA Brive Corrèze Limousin (2018 - 2025) | Rugby Club Toulonnais (2025 - 2027)
TOP14,TOL,Melvyn JAMINET,https://www.allrugby.com/joueurs/melvyn-jaminet-7805.html,2,2,160,,,,2023-06-30,Rugby Club Toulonnais (2023 - 2023) | Stade Toulousain (2024 - 2024) | Rugby Club Toulonnais (2024 - 2027)
TOP14,TOL,Anto-Natale GHIPPONI,https://www.allrugby.com/joueurs/anto-natale-ghipponi-21197.html,,,,,,,2027-06-30,Rugby Club Toulonnais (2022 - 2027)
TOP14,TOL,Arthur MAZA,https://www.allrugby.com/joueurs/arthur-maza-21198.html,,,,,,,2027-06-30,Valence Romans Drôme Rugby (2021 - 2025) | Rugby Club Toulonnais (2025 - 2027)
TOP14,TOL,Badri TSIKHISTAVI,https://www.allrugby.com/joueurs/badri-tsikhistavi-13791.html,4,1,91,,,,,Black Lion (2025 - 2026) | Stade Olympique Chambéry (2026 - 2027)
TOP14,TOL,Benjamin LAHET,https://www.allrugby.com/joueurs/benjamin-lahet-13667.html,,,,,,,,Aviron Bayonnais (2018 - 2025) | Capbreton Hossegor Rugby (2025 - 2026)
TOP14,TOL,Imanol THICOÏPE,https://www.allrugby.com/joueurs/imanol-thicoipe-17615.html,,,,,,,,Aviron Bayonnais (2011 - 2024)
TOP14,TOL,Owen SORHAINDO,https://www.allrugby.com/joueurs/owen-sorhaindo-15306.html,5,0,150,,,,2027-06-30,Rugby Club Toulonnais (2023 - 2027)
TOP14,TOL,Lucas OFFICIAL,https://www.allrugby.com/joueurs/lucas-official-22806.html,2,0,44,,,,,AS Urruñarrak (2015 - 2016) | Aviron Bayonnais (2016 - 2027)
TOP14,TOL,Samuel RENAULT,https://www.allrugby.com/joueurs/samuel-renault-21104.html,,,,,,,2027-06-30,Hinckley Rugby Club (2013 - 2022) | Leicester Tigers (2022 - 2023) | Rugby Club Toulonnais (2023 - 2027)
TOP14,TOL,Lohann GIL,https://www.allrugby.com/joueurs/lohann-gil-16362.html,1,0,26,,,,2027-06-30,Nissa Rugby (2021 - 2023) | Rugby Club Toulonnais (2023 - 2027)
TOP14,TOL,Mathias MAZZONI,https://www.allrugby.com/joueurs/mathias-mazzoni-21195.html,,,,,,,2027-06-30,Rugby Club Toulonnais (2022 - 2027)
TOP14,TOL,Matéo GUÉRIN,https://www.allrugby.com/joueurs/mateo-guerin-17618.html,,,,,,,,Stade Bordelais (2021 - 2023) | Aviron Bayonnais (2023 - 2024) | US Dax Rugby Landes (2024 - 2026)
TOP14,TOL,Thomas AMETLLA,https://www.allrugby.com/joueurs/thomas-ametlla-22504.html,,,,,,,2027-06-30,Provence Rugby (2023 - 2026) | Rugby Club Toulonnais (2026 - 2027)
TOP14,TOL,Antonio GÁMEZ,https://www.allrugby.com/joueurs/antonio-gamez-17737.html,3,1,87,,,,2027-06-30,Rugby Club Toulonnais (2024 - 2027)
TOP14,TOL,Christian MENDES,https://www.allrugby.com/joueurs/christian-mendes-20310.html,,,,,,,2027-06-30,RC Six-Fours Le Brusc (2019 - 2020) | Rugby Club Toulonnais (2020 - 2027)
TOP14,TOL,Corentin MÉZOU,https://www.allrugby.com/joueurs/corentin-mezou-15261.html,13,7,560,,,,2027-06-30,Rugby Club Vannes (2020 - 2023) | Rugby Club Toulonnais (2023 - 2027)
TOP14,TOL,Peïo DOSPITAL,https://www.allrugby.com/joueurs/peio-dospital-21295.html,,,,,,,,Aviron Bayonnais (2022 - 2025) | Biarritz Olympique Pays Basque (2025 - 2026)
TOP14,TOL,Davit BARAMIA,https://www.allrugby.com/joueurs/davit-baramia-20959.html,3,3,240,,,,2027-06-30,Rugby Club Toulonnais (2024 - 2027)
TOP14,TOL,Heamani SUTA,https://www.allrugby.com/joueurs/heamani-suta-22511.html,,,,,,,2027-06-30,RC Hyères Carqueiranne La Crau (2019 - 2022) | Rugby Club Toulonnais (2022 - 2027)
TOP14,TOL,Konrad FAUPALA,https://www.allrugby.com/joueurs/konrad-faupala-22508.html,,,,,,,2027-06-30,Rugby Club Toulonnais (2024 - 2027)
TOP14,TOL,Diego GRADOZ,https://www.allrugby.com/joueurs/diego-gradoz-22507.html,,,,,,,2027-06-30,Provence Rugby (2022 - 2023) | Rugby Club Toulonnais (2023 - 2027)
TOP14,TOL,Rafaël CAYUELA,https://www.allrugby.com/joueurs/rafael-cayuela-21054.html,,,,,,,,Aviron Bayonnais (2019 - 2024) | Stado Tarbes Pyrénées Rugby (2024 - 2026)
TOP14,TOL,Yonn RAMOND,https://www.allrugby.com/joueurs/yonn-ramond-21382.html,,,,,,,,Aviron Bayonnais (2023 - 2025) | Rugby Club de Saint-Médard en Jalles (2025 - 2026)
TOP14,TOL,Noam MOREAU,https://www.allrugby.com/joueurs/noam-moreau-21199.html,1,1,54,,,,2027-06-30,Montpellier Hérault Rugby (2018 - 2025) | Rugby Club Toulonnais (2025 - 2027)
TOP14,TOL,Noé SOKO,https://www.allrugby.com/joueurs/noe-soko-21196.html,,,,,,,2027-06-30,US Colomiers (2021 - 2024) | Rugby Club Toulonnais (2024 - 2027)
TOP14,TOL,Tana KELETAONA,https://www.allrugby.com/joueurs/tana-keletaona-20295.html,4,4,221,1,,,2027-06-30,ASM Clermont Auvergne (2022 - 2023) | CA Brive Corrèze Limousin (2023 - 2026) | Rugby Club Toulonnais (2026 - 2027)
TOP14,TOL,Hugo AFONSO,https://www.allrugby.com/joueurs/hugo-afonso-17608.html,,,,,,,,Aviron Bayonnais (2015 - 2024) | Saint Jean-de-Luz Olympique Rugby (2024 - 2025)
TOP14,TOL,Jokin DUHALT,https://www.allrugby.com/joueurs/jokin-duhalt-22601.html,,,,,,,,Aviron Bayonnais (2022 - 2026)
TOP14,TOL,Giani CALLEYA,https://www.allrugby.com/joueurs/giani-calleya-21522.html,,,,,,,2027-06-30,RC Hyères Carqueiranne La Crau (2018 - 2021) | Rugby Club Toulonnais (2021 - 2027)
TOP14,TOL,Antoine DULAU,https://www.allrugby.com/joueurs/antoine-dulau-21204.html,,,,,,,2027-06-30,Rugby Club Toulonnais (2025 - 2027)
TOP14,TOL,Caylen UMAGA,https://www.allrugby.com/joueurs/caylen-umaga-22509.html,,,,,,,2027-06-30,Rugby Club Toulonnais (2026 - 2027)
TOP14,TOL,Lorenzo SIRIGNANO,https://www.allrugby.com/joueurs/lorenzo-sirignano-23615.html,,,,,,,2027-06-30,RC Hyères Carqueiranne La Crau (2023 - 2024) | Rugby Club Toulonnais (2024 - 2027)
TOP14,TOL,Lucas BONNEAU,https://www.allrugby.com/joueurs/lucas-bonneau-21201.html,,,,,,,2027-06-30,Provence Rugby (2023 - 2025) | Rugby Club Toulonnais (2025 - 2027)
TOP14,TOL,Mathéo FUTHAZAR,https://www.allrugby.com/joueurs/matheo-futhazar-23117.html,,,,,,,,Aviron Bayonnais (2022 - 2026) | Association Sportive Béziers Hérault (2026 - 2027)
TOP14,TOL,Lucas GUES,https://www.allrugby.com/joueurs/lucas-gues-22510.html,,,,,,,2027-06-30,RC Hyères Carqueiranne La Crau (2018 - 2021) | Rugby Club Toulonnais (2021 - 2027)
TOP14,TOL,Max BRU,https://www.allrugby.com/joueurs/max-bru-18004.html,,,,,,,,Aviron Bayonnais (2018 - 2024) | Anglet Olympique Rugby Club (2024 - 2025)
TOP14,TOL,Andrea AZZOLIN,https://www.allrugby.com/joueurs/andrea-azzolin-20238.html,,,,,,,2027-06-30,Rugby Club Toulonnais (2025 - 2027)
TOP14,TOL,Yon CAPÉRAÀ,https://www.allrugby.com/joueurs/yon-caperaa-20327.html,,,,,,,,Aviron Bayonnais (2022 - 2025) | Section Paloise Béarn Pyrénées (2025 - 2027)
TOP14,TOL,Aiden STAIT,https://www.allrugby.com/joueurs/aiden-stait-16308.html,,,,,,,,Aviron Bayonnais (2023 - 2026)
TOP14,TOL,Kyllian BÉAL,https://www.allrugby.com/joueurs/kyllian-beal-17957.html,,,,,,,2027-06-30,Lyon Olympique Universitaire Rugby (2023 - 2024) | Rugby Club Toulonnais (2024 - 2027)
TOP14,TOL,Léandre TRUMEAU,https://www.allrugby.com/joueurs/leandre-trumeau-22481.html,,,,,,,2027-06-30,Rugby Club Massy Essonne (2022 - 2026) | Rugby Club Toulonnais (2026 - 2027)
TOP14,TOL,Noud ROBBERTSEN,https://www.allrugby.com/joueurs/noud-robbertsen-22506.html,,,,,,,2027-06-30,Rugby Club Toulonnais (2026 - 2027)
TOP14,TOL,Dylan INDABURU,https://www.allrugby.com/joueurs/dylan-indaburu-17616.html,,,,,,,,Section Paloise Béarn Pyrénées (2017 - 2019) | Avenir Bizanos (2021 - 2023) | Aviron Bayonnais (2023 - 2024)
TOP14,TOL,Ewen TANGUY,https://www.allrugby.com/joueurs/ewen-tanguy-18641.html,,,,,,,2027-06-30,Stade Français Paris Rugby (2020 - 2025) | Rugby Club Toulonnais (2025 - 2027)
TOP14,TOL,Hugo LECLERQ,https://www.allrugby.com/joueurs/hugo-leclerq-23766.html,,,,,,,,AS Sain-Martin-de-Seignanx (2018 - 2022) | Aviron Bayonnais (2022 - 2027)
TOP14,TOL,Ignacio VALDES-LEIVA,https://www.allrugby.com/joueurs/ignacio-valdes-leiva-20319.html,,,,,,,,Nissa Rugby (2017 - 2019) | Aviron Bayonnais (2019 - 2027)
TOP14,TOL,Matéo GRACIEUX,https://www.allrugby.com/joueurs/mateo-gracieux-18001.html,3,2,162,1,,,2027-06-30,Castres Olympique (2020 - 2023) | Rugby Club Toulonnais (2023 - 2027)
TOP14,TOL,Noé LEBRUN,https://www.allrugby.com/joueurs/noe-lebrun-22505.html,,,,,,,2027-06-30,Amicale Rugby de Marans (2014 - 2017) | Stade Rochelais (2017 - 2026) | Rugby Club Toulonnais (2026 - 2027)
TOP14,TOL,Jules DERRE,https://www.allrugby.com/joueurs/jules-derre-22752.html,,,,,,,,US Vicquoise (2018 - 2020) | Stado Tarbes Pyrénées Rugby (2020 - 2022) | Aviron Bayonnais (2022 - 2026)
TOP14,TOL,Jules MARTIN-BONNARD,https://www.allrugby.com/joueurs/jules-martin-bonnard-20849.html,,,,,,,,Aviron Bayonnais (2023 - 2026) | Stade Toulousain (2026 - 2027)
TOP14,TOL,Jules COULON,https://www.allrugby.com/joueurs/jules-coulon-12344.html,17,7,832,,,,2027-06-30,Union Sportive Arlequins Perpignanais (2026 - 2026) | Rugby Club Toulonnais (2027 - 2027) | Union Sportive Arlequins Perpignanais (2027 - 2027)
TOP14,TOL,Apisalome RATUNIYARAWA,https://www.allrugby.com/joueurs/apisalome-ratuniyarawa-1787.html,1,0,13,,,,,Northampton Saints (2017 - 2022) | London Irish (2022 - 2023) | Aviron Bayonnais (2023 - 2024)
TOP14,LAR,Aleksandre KUNTELIA,https://www.allrugby.com/joueurs/aleksandre-kuntelia-11766.html,2,0,87,,,,,Stade Rochelais (2021 - 2027)
TOP14,LAR,Alexandre KADDOURI,https://www.allrugby.com/joueurs/alexandre-kaddouri-13460.html,2,2,85,,,,,S.A Rochefort Rugby (2012 - 2013) | Stade Rochelais (2013 - 2027)
TOP14,LAR,Archie GRIFFIN,https://www.allrugby.com/joueurs/archie-griffin-9124.html,8,4,302,3,,,,Bath Rugby (2023 - 2023) | Richmond FC (2023 - 2023) | Bath Rugby (2023 - 2027)
TOP14,LAR,Karl SORIN,https://www.allrugby.com/joueurs/karl-sorin-14166.html,2,2,73,,,,,Stade Rochelais (2024 - 2024) | Soyaux-Angoulême XV Charente (2025 - 2025) | Stade Rochelais (2025 - 2027)
TOP14,LAR,Louis PENVERNE,https://www.allrugby.com/joueurs/louis-penverne-12229.html,2,0,75,,,,,Rugby Club Vannes (2020 - 2021) | Stade Rochelais (2021 - 2027)
TOP14,LAR,Arthur CORDWELL,https://www.allrugby.com/joueurs/arthur-cordwell-8947.html,9,9,492,,,,,Bath Rugby (2024 - 2024) | Coventry Rugby (2024 - 2024) | Bath Rugby (2024 - 2025)
TOP14,LAR,Nathan FRAISSENON,https://www.allrugby.com/joueurs/nathan-fraissenon-9993.html,23,9,783,2,,,,Castres Olympique (2017 - 2020) | CA Brive Corrèze Limousin (2020 - 2026) | Stade Rochelais (2026 - 2027)
TOP14,LAR,Beno OBANO,https://www.allrugby.com/joueurs/beno--obano--3438.html,17,13,905,4,,,,Bath Rugby (2014 - 2027)
TOP14,LAR,Sione AHIO,https://www.allrugby.com/joueurs/sione-ahio-16099.html,8,5,259,,,,,Auckland (2024 - 2024) | Chiefs (2024 - 2026) | Stade Rochelais (2026 - 2027)
TOP14,LAR,Pierre BOURGARIT,https://www.allrugby.com/joueurs/pierre-bourgarit-5178.html,2,2,96,,,,,Rugby Club Auch (2015 - 2017) | Stade Rochelais (2017 - 2027)
TOP14,LAR,Johannes JONKER,https://www.allrugby.com/joueurs/johannes-jonker-5801.html,17,9,673,,,,,Ealing Trailfinders (2020 - 2021) | Bath Rugby (2021 - 2024) | FC Grenoble Rugby (2024 - 2027)
TOP14,LAR,Quentin LESPIAUCQ,https://www.allrugby.com/joueurs/quentin-lespiaucq-2443.html,1,0,32,,,,,Section Paloise Béarn Pyrénées (2015 - 2022) | Stade Rochelais (2022 - 2027)
TOP14,LAR,Juan SCHOEMAN,https://www.allrugby.com/joueurs/juan-schoeman-5309.html,16,15,884,,,,,Southern Kings (2020 - 2020) | Bath Rugby (2020 - 2024) | Lions Rugby (2024 - 2026)
TOP14,LAR,Tolu LATU,https://www.allrugby.com/joueurs/tolu-latu-5010.html,1,0,28,,,,,Stade Rochelais (2023 - 2023) | Montpellier Hérault Rugby (2024 - 2024) | Stade Rochelais (2024 - 2027)
TOP14,LAR,Charles KANTÉ-SAMBA,https://www.allrugby.com/joueurs/charles-kante-samba-16880.html,2,2,79,1,,,,Stade Rochelais (2021 - 2027)
TOP14,LAR,Kieran VERDEN,https://www.allrugby.com/joueurs/kieran-verden-10914.html,1,1,66,,,,,Bath Rugby (2024 - 2024) | Cambridge RUFC (2024 - 2024) | Bath Rugby (2024 - 2027)
TOP14,LAR,Salmaan MOERAT,https://www.allrugby.com/joueurs/salmaan-moerat-6800.html,8,4,251,,,,,Stade Rochelais (2026 - 2027)
TOP14,LAR,Mikey SUMMERFIELD,https://www.allrugby.com/joueurs/mikey-summerfield-13135.html,7,0,94,,,,,Coventry Rugby (2026 - 2026) | Worcester Warriors (2026 - 2026) | Bath Rugby (2026 - 2026)
TOP14,LAR,Thomas ADÉLAÏDE,https://www.allrugby.com/joueurs/thomas-adelaide-14464.html,2,2,73,,,,,CS Bourgoin Jallieu Rugby (2024 - 2025) | US Colomiers (2025 - 2026) | Stade Rochelais (2026 - 2027)
TOP14,LAR,Thomas LAVAULT,https://www.allrugby.com/joueurs/thomas-lavault-6951.html,1,0,33,,,,,Stade Rochelais (2016 - 2027)
TOP14,LAR,Scott KIRK,https://www.allrugby.com/joueurs/scott-kirk-14626.html,1,1,66,,,,,Bath Rugby (2022 - 2027)
TOP14,LAR,Watisoni WAQANISARAVI,https://www.allrugby.com/joueurs/watisoni-waqanisaravi-22281.html,1,0,39,1,,,,Stade Rochelais (2025 - 2025) | RC Kazbegi (2026 - 2026) | Stade Rochelais (2026 - 2027)
TOP14,LAR,Will SKELTON,https://www.allrugby.com/joueurs/will-skelton-3888.html,6,3,281,1,,,,New South Wales Waratahs (2017 - 2017) | Saracens (2017 - 2020) | Stade Rochelais (2020 - 2027)
TOP14,LAR,Thomas DU TOIT,https://www.allrugby.com/joueurs/thomas-du-toit-4783.html,16,7,713,8,,,,Stade Toulousain (2020 - 2020) | Sharks Rugby Club (2020 - 2023) | Bath Rugby (2023 - 2026)
TOP14,LAR,Andy TIMO,https://www.allrugby.com/joueurs/andy-timo-13856.html,2,0,21,,,,,Stade Rochelais (2025 - 2025) | Stade Français Paris Rugby (2026 - 2026) | Stade Rochelais (2026 - 2027)
TOP14,LAR,Will STUART,https://www.allrugby.com/joueurs/will-stuart-5879.html,4,2,141,,,,,Bath Rugby (2019 - 2027)
TOP14,LAR,Greg ALLDRITT,https://www.allrugby.com/joueurs/greg-alldritt-5177.html,2,1,112,,,,,Rugby Club Auch (2008 - 2017) | Stade Rochelais (2017 - 2027)
TOP14,LAR,Hame FAIVA,https://www.allrugby.com/joueurs/hame-faiva-5870.html,3,0,53,,,,,Hurricanes (2023 - 2023) | Bath Rugby (2023 - 2025) | Newcastle (2025 - 2026)
TOP14,LAR,Levani BOTIA,https://www.allrugby.com/joueurs/levani-botia-2213.html,1,1,38,,,,,Stade Rochelais (2013 - 2027)
TOP14,LAR,Jasper SPANDLER,https://www.allrugby.com/joueurs/jasper-spandler-13137.html,1,0,17,1,,,,Bath Rugby (2026 - 2026) | Worcester Warriors (2026 - 2026) | Bath Rugby (2026 - 2027)
TOP14,LAR,Matthias HADDAD,https://www.allrugby.com/joueurs/matthias-haddad-7892.html,2,1,113,,,,,Rugby Club Vannes (2013 - 2016) | Stade Rochelais (2016 - 2027)
TOP14,LAR,John STEWART,https://www.allrugby.com/joueurs/john-stewart-11903.html,7,2,241,2,,,,Cambridge RUFC (2025 - 2025) | Leicester Tigers (2026 - 2026) | Cambridge RUFC (2026 - 2026)
TOP14,LAR,Oscar JÉGOU,https://www.allrugby.com/joueurs/oscar-jegou-14697.html,1,1,72,,,,,Stade Rochelais (2009 - 2027)
TOP14,LAR,Paul BOUDEHENT,https://www.allrugby.com/joueurs/paul-boudehent-7071.html,2,1,128,,,,,Stade Nantais (2014 - 2017) | Stade Rochelais (2017 - 2027)
TOP14,LAR,Sam TUIFUA,https://www.allrugby.com/joueurs/sam-tuifua-15961.html,1,0,15,,,,,Houston Sabercats (2024 - 2025) | Stade Montois Rugby Pro (2025 - 2026) | Stade Rochelais (2026 - 2027)
TOP14,LAR,Theo MCFARLAND,https://www.allrugby.com/joueurs/theo-mcfarland-10592.html,1,1,80,,,,,Saracens (2021 - 2026) | Stade Rochelais (2026 - 2027)
TOP14,LAR,Niall ANNETT,https://www.allrugby.com/joueurs/nial-annett-4247.html,17,4,464,2,,,,Worcester Warriors (2015 - 2022) | Bath Rugby (2022 - 2025)
TOP14,LAR,Christophe LOUSTALOT,https://www.allrugby.com/joueurs/christophe-loustalot-1112.html,21,11,894,2,,,,Stade Montois Rugby Pro (2016 - 2026) | Stade Rochelais (2026 - 2027)
TOP14,LAR,Nolann LE GARREC,https://www.allrugby.com/joueurs/nolann-le-garrec-8930.html,1,1,80,1,,,,Racing 92 (2017 - 2025) | Stade Rochelais (2025 - 2027)
TOP14,LAR,Tom DUNN,https://www.allrugby.com/joueurs/tom-dunn-2568.html,13,11,698,4,,,,Bath Rugby (2013 - 2027)
TOP14,LAR,Charlie EWELS,https://www.allrugby.com/joueurs/charlie-ewels-2571.html,12,9,597,,,,,Bath Rugby (2023 - 2023) | Bulls (2023 - 2023) | Bath Rugby (2023 - 2027)
TOP14,LAR,Thomas BERJON,https://www.allrugby.com/joueurs/thomas-berjon-7091.html,22,7,816,2,,,,Stade Rochelais (2010 - 2027)
TOP14,LAR,Valentin BOUJU,https://www.allrugby.com/joueurs/valentin-bouju-22531.html,1,1,80,,,,,Stade Rochelais (2015 - 2027)
TOP14,LAR,Antoine HASTOY,https://www.allrugby.com/joueurs/antoine-hastoy-4448.html,2,2,160,1,,,,Section Paloise Béarn Pyrénées (2011 - 2022) | Stade Rochelais (2022 - 2027)
TOP14,LAR,Ben HEALY,https://www.allrugby.com/joueurs/ben-healy-7634.html,2,2,160,,,,,Edimbourg Rugby (2026 - 2026) | Newcastle (2026 - 2026) | Stade Rochelais (2026 - 2027)
TOP14,LAR,Elliot STOOKE,https://www.allrugby.com/joueurs/elliot-stooke-3147.html,11,11,827,1,,,,Bath Rugby (2024 - 2024) | Red Hurricanes Osaka (2024 - 2026) | Leicester Tigers (2026 - 2027)
TOP14,LAR,Sacha ELISSALDE,https://www.allrugby.com/joueurs/sacha-elissalde-21845.html,2,0,14,,,,,Montpellier Hérault Rugby (2022 - 2024) | Stade Rochelais (2024 - 2027)
TOP14,LAR,David KRIEL,https://www.allrugby.com/joueurs/david-kriel-8056.html,16,13,1014,3,,,,Stormers (2020 - 2020) | Bulls (2020 - 2026) | Stade Rochelais (2026 - 2027)
TOP14,LAR,George MOALA,https://www.allrugby.com/joueurs/george-moala-4998.html,3,2,153,1,,,,ASM Clermont Auvergne (2018 - 2026) | Stade Rochelais (2026 - 2027)
TOP14,LAR,Jonathan DANTY,https://www.allrugby.com/joueurs/jonathan-danty-1118.html,2,2,141,,,,,Stade Français Paris Rugby (2008 - 2021) | Stade Rochelais (2021 - 2027)
TOP14,LAR,Jules FAVRE,https://www.allrugby.com/joueurs/jules-favre-7001.html,21,20,1447,9,,,,Stade Rochelais (2017 - 2027)
TOP14,LAR,Semi LAGIVALA,https://www.allrugby.com/joueurs/semi-lagivala-15874.html,18,12,1021,4,,,,Stade Rochelais (2025 - 2027)
TOP14,LAR,Jacques DU PLESSIS,https://www.allrugby.com/joueurs/jacques-du-plessis-3413.html,1,0,16,,,,,Bath Rugby (2023 - 2023) | Bulls (2024 - 2024) | Bath Rugby (2024 - 2025)
TOP14,LAR,Simeli DAUNIVUCU,https://www.allrugby.com/joueurs/simeli-daunivucu-16339.html,2,2,160,,,,,Stade Rochelais (2019 - 2019) | Union Cognac-Saint-Jean d'Angély (2020 - 2020) | Stade Rochelais (2020 - 2027)
TOP14,LAR,Ulupano SEUTENI,https://www.allrugby.com/joueurs/ulupano-seuteni-3495.html,2,2,160,,,,,Oyonnax Rugby (2016 - 2018) | Union Bordeaux-Bègles (2018 - 2022) | Stade Rochelais (2022 - 2027)
TOP14,LAR,Josh MCNALLY,https://www.allrugby.com/joueurs/josh-mcnally-3203.html,18,18,1288,1,,,,Bath Rugby (2019 - 2024) | Cardiff Rugby (2024 - 2027)
TOP14,LAR,Dillyn LEYDS,https://www.allrugby.com/joueurs/dillyn-leyds-5332.html,2,2,154,,,,,Stormers (2014 - 2020) | Stade Rochelais (2020 - 2027)
TOP14,LAR,Hoani BOSMORIN,https://www.allrugby.com/joueurs/hoani-bosmorin-14765.html,7,1,233,1,,,,Stade Rochelais (2010 - 2027)
TOP14,LAR,Quinn ROUX,https://www.allrugby.com/joueurs/quinn-roux-3021.html,11,10,559,,,,,Rugby Club Toulonnais (2021 - 2022) | Bath Rugby (2022 - 2027)
TOP14,LAR,Jack NOWELL,https://www.allrugby.com/joueurs/jack-nowell-2118.html,2,2,156,1,,,,Stade Rochelais (2023 - 2027)
TOP14,LAR,Akenzua Al-Kareem ABDUL-KHALIK,https://www.allrugby.com/joueurs/akenzua-al-kareem-abdul-khalik-14768.html,15,10,833,3,,,,Bristol Bears (2025 - 2025) | Worcester Warriors (2026 - 2026) | Bristol Bears (2026 - 2027)
TOP14,LAR,Nathan BOLLENGIER,https://www.allrugby.com/joueurs/nathan-bollengier-16338.html,1,1,67,,,,,Stade Rochelais (2010 - 2027)
TOP14,LAR,Alfie BARBEARY,https://www.allrugby.com/joueurs/alfie-barbeary-7125.html,1,1,50,,,,,Wasps (2023 - 2023) | Bath Rugby (2023 - 2026) | Saracens (2026 - 2027)
TOP14,LAR,Davit NINIASHVILI,https://www.allrugby.com/joueurs/davit-niniashvili-11059.html,1,1,72,,,,,Lyon Olympique Universitaire Rugby (2021 - 2025) | Stade Rochelais (2025 - 2027)
TOP14,LAR,Arthur GREEN,https://www.allrugby.com/joueurs/arthur-green-14769.html,8,7,453,6,,,,Bath Rugby (2025 - 2025) | Doncaster Knights (2025 - 2025) | Bath Rugby (2025 - 2027)
TOP14,LAR,Chris CLOETE,https://www.allrugby.com/joueurs/chris-cloete-5653.html,3,2,144,1,,,,Munster Rugby (2017 - 2022) | Bath Rugby (2022 - 2024)
TOP14,LAR,Ugo PACOME,https://www.allrugby.com/joueurs/ugo-pacome-16417.html,8,7,378,,,,,Stade Rochelais (2025 - 2027)
TOP14,LAR,Christian LUAKI,https://www.allrugby.com/joueurs/christian-luaki-18103.html,4,0,50,,,,,Stade Rochelais (2025 - 2025) | Soyaux-Angoulême XV Charente (2026 - 2026) | Stade Rochelais (2026 - 2027)
TOP14,LAR,Archie STANLEY,https://www.allrugby.com/joueurs/archie-stanley-13534.html,5,0,51,,,,,Bath Rugby (2024 - 2024) | London Scottish (2025 - 2025) | Bath Rugby (2025 - 2025)
TOP14,LAR,Maxence LIGERON-BORG,https://www.allrugby.com/joueurs/maxence-ligeron-borg-20648.html,,,,,,,,Rugby Club Massy Essonne (2018 - 2025) | Stade Rochelais (2025 - 2027)
TOP14,LAR,Sio KITE,https://www.allrugby.com/joueurs/sio-kite-20227.html,,,,,,,,Stade Rochelais (2024 - 2027)
TOP14,LAR,Toine OBIANG NGUEMA,https://www.allrugby.com/joueurs/toine-obiang-nguema-18555.html,2,1,66,,,,,Stade Rochelais (2024 - 2027)
TOP14,LAR,Billy SELA,https://www.allrugby.com/joueurs/billy-sela-17087.html,9,5,314,1,,,,Bath Rugby (2023 - 2027)
TOP14,LAR,Upaleto FEAO,https://www.allrugby.com/joueurs/upaleto-feao-17173.html,6,6,241,,,,,Stade Rochelais (2020 - 2027)
TOP14,LAR,Valentino PANI,https://www.allrugby.com/joueurs/valentino-pani-17981.html,,,,,,,,Soyaux-Angoulême XV Charente (2024 - 2025) | Niort RC (2025 - 2026) | Stade Rochelais (2026 - 2027)
TOP14,LAR,Ioan EMANUEL,https://www.allrugby.com/joueurs/ioan-emanuel-17160.html,1,0,14,,,,,Bath Rugby (2026 - 2026) | Cardiff Rugby (2026 - 2026) | Bath Rugby (2026 - 2027)
TOP14,LAR,Zak PRICE,https://www.allrugby.com/joueurs/zak-price-22741.html,1,1,29,,,,,Niort RC (2021 - 2022) | Stade Rochelais (2022 - 2027)
TOP14,LAR,Gabin GARAULT,https://www.allrugby.com/joueurs/gabin-garault-17169.html,2,2,103,1,,,,Stade Rochelais (2021 - 2027)
TOP14,LAR,Seveci Naikalagi NAISILISILI,https://www.allrugby.com/joueurs/seveci-naikalagi-naisilisili-23765.html,,,,,,,,RC Sablais (2019 - 2025) | Stade Rochelais (2025 - 2027)
TOP14,LAR,Christian GERMANÒ,https://www.allrugby.com/joueurs/christian-germano-22875.html,1,0,20,,,,,Stade Rochelais (2026 - 2027)
TOP14,LAR,Igor GATTEAU,https://www.allrugby.com/joueurs/igor-gatteau-22739.html,,,,,,,,Stade Rochelais (2021 - 2027)
TOP14,LAR,Bas BROEKS,https://www.allrugby.com/joueurs/bas-broeks-23531.html,,,,,,,,Stade Rochelais (2026 - 2027)
TOP14,LAR,Kirill FRAINDT,https://www.allrugby.com/joueurs/kirill-fraindt-21567.html,9,4,317,1,,,,Stade Rochelais (2025 - 2027)
TOP14,LAR,Lucas ANDJISSERAMATCHI,https://www.allrugby.com/joueurs/lucas-andjisseramatchi-17859.html,10,2,220,,,,,Stade Rochelais (2024 - 2027)
TOP14,LAR,Oscar BOUTEZ,https://www.allrugby.com/joueurs/oscar-boutez-18550.html,,,,,,,,Olympique Marcquois Rugby (2020 - 2024) | Stade Rochelais (2024 - 2027)
TOP14,LAR,Max PEARCE,https://www.allrugby.com/joueurs/max-pearce-16333.html,2,0,20,,,,,Bath Rugby (2026 - 2026) | Cardiff Rugby (2026 - 2026) | Bath Rugby (2026 - 2027)
TOP14,LAR,Nolhann COUILLAUD,https://www.allrugby.com/joueurs/nolhann-couillaud-18566.html,5,3,214,,,,,Stade Rochelais (2017 - 2027)
TOP14,LAR,Temanatua BOICHOT,https://www.allrugby.com/joueurs/temanatua-boichot-17168.html,,,,,,,,Stade Rochelais (2015 - 2027)
TOP14,LAR,Daniel MARAIS,https://www.allrugby.com/joueurs/daniel-marais-16332.html,,,,,,,,Bath Rugby (2023 - 2024)
TOP14,LAR,Arthur VENDÉ,https://www.allrugby.com/joueurs/arthur-vende-23176.html,,,,,,,,Racing 92 (2017 - 2025) | Stade Rochelais (2025 - 2027)
TOP14,LAR,Eddie ERSKINE,https://www.allrugby.com/joueurs/eddie-erskine-14867.html,1,0,5,,,,,Hartpury RFC (2024 - 2025)
TOP14,LAR,Diego JURD,https://www.allrugby.com/joueurs/diego-jurd-17171.html,7,2,233,,,,,Stade Rochelais (2011 - 2027)
TOP14,LAR,Harvey CUCKSON,https://www.allrugby.com/joueurs/harvey-cuckson-13538.html,5,4,242,,,,,Worcester Warriors (2026 - 2026) | Bath Rugby (2026 - 2026) | Scarlets (2026 - 2027)
TOP14,LAR,Jack BENNETT,https://www.allrugby.com/joueurs/jack-bennett-18532.html,1,1,63,,,,,Bath Rugby (2026 - 2026) | London Scottish (2026 - 2026) | Bath Rugby (2026 - 2027)
TOP14,LAR,Paco SCHEIBEL,https://www.allrugby.com/joueurs/paco-scheibel-22740.html,,,,,,,,Stade Rochelais (2022 - 2027)
TOP14,LAR,Hugo BIZOTTO,https://www.allrugby.com/joueurs/hugo-bizotto-18554.html,,,,,,,,Club Athlétique Bordeaux Bègles Gironde (2017 - 2021) | Stade Rochelais (2021 - 2027)
TOP14,LAR,Ilian SONKO-BASIN,https://www.allrugby.com/joueurs/ilian-sonko-basin-22530.html,,,,,,,,Stade Rochelais (2023 - 2027)
TOP14,LAR,Rory CAMERON,https://www.allrugby.com/joueurs/rory-cameron-18021.html,,,,,,,,Bath Rugby (2023 - 2024)
TOP14,LAR,Jurgen KAMOTO,https://www.allrugby.com/joueurs/jurgen-kamoto-18565.html,,,,,,,,RC Baulois (2019 - 2020) | Saint-Nazaire Rugby (2020 - 2024) | Stade Rochelais (2024 - 2027)
TOP14,LAR,Peni Torau VUETIMAIWAI,https://www.allrugby.com/joueurs/vuetimaiwai-peni-torau-17172.html,,,,,,,,Stade Rochelais (2023 - 2027)
TOP14,LAR,Jessy TAOFIFENUA,https://www.allrugby.com/joueurs/jessy-taofifenua-23697.html,,,,,,,,AS Saint-Junien Rugby (2014 - 2023) | Stade Rochelais (2023 - 2027)
TOP14,LAR,Mark GRINDLAY,https://www.allrugby.com/joueurs/mark-grindlay-21502.html,,,,,,,,Stade Rochelais (2025 - 2027)
TOP14,LAR,Martin BETSEN,https://www.allrugby.com/joueurs/martin-betsen-18569.html,,,,,,,,Stade Rochelais (2024 - 2027)
TOP14,ASM,Archie GRIFFIN,https://www.allrugby.com/joueurs/archie-griffin-9124.html,8,4,302,3,,,,Bath Rugby (2023 - 2023) | Richmond FC (2023 - 2023) | Bath Rugby (2023 - 2027)
TOP14,ASM,Cristian OJOVAN,https://www.allrugby.com/joueurs/cristian-ojovan-5550.html,20,11,826,,,,2027-06-30,Stade Aurillacois Cantal Auvergne (2017 - 2020) | ASM Clermont Auvergne (2020 - 2027)
TOP14,ASM,Giorgi AKHALADZE,https://www.allrugby.com/joueurs/giorgi-akhaladze-7305.html,2,2,80,,,,2027-06-30,Association Sportive Béziers Hérault (2021 - 2024) | ASM Clermont Auvergne (2024 - 2027)
TOP14,ASM,Giorgi DZMANASHVILI,https://www.allrugby.com/joueurs/giorgi-dzmanashvili-14124.html,2,1,57,,,,2027-06-30,Biarritz Olympique Pays Basque (2024 - 2025) | ASM Clermont Auvergne (2025 - 2027)
TOP14,ASM,Arthur CORDWELL,https://www.allrugby.com/joueurs/arthur-cordwell-8947.html,9,9,492,,,,,Bath Rugby (2024 - 2024) | Coventry Rugby (2024 - 2024) | Bath Rugby (2024 - 2025)
TOP14,ASM,Beno OBANO,https://www.allrugby.com/joueurs/beno--obano--3438.html,17,13,905,4,,,,Bath Rugby (2014 - 2027)
TOP14,ASM,Régis MONTAGNE,https://www.allrugby.com/joueurs/regis-montagne-8869.html,2,1,103,,,,2027-06-30,ASM Clermont Auvergne (2024 - 2027)
TOP14,ASM,Sacha LOTRIAN,https://www.allrugby.com/joueurs/sacha-lotrian-7681.html,2,0,80,,,,2027-06-30,Union Sportive Arlequins Perpignanais (2009 - 2024) | ASM Clermont Auvergne (2024 - 2027)
TOP14,ASM,Barnabé MASSA,https://www.allrugby.com/joueurs/barnabe-massa-14198.html,2,1,92,,,,2027-06-30,FC Grenoble Rugby (2020 - 2024) | ASM Clermont Auvergne (2024 - 2027)
TOP14,ASM,Johannes JONKER,https://www.allrugby.com/joueurs/johannes-jonker-5801.html,17,9,673,,,,,Ealing Trailfinders (2020 - 2021) | Bath Rugby (2021 - 2024) | FC Grenoble Rugby (2024 - 2027)
TOP14,ASM,Etienne FOURCADE,https://www.allrugby.com/joueurs/etienne-fourcade-4381.html,2,1,68,,,,2027-06-30,FC Grenoble Rugby (2015 - 2020) | ASM Clermont Auvergne (2020 - 2027)
TOP14,ASM,Juan SCHOEMAN,https://www.allrugby.com/joueurs/juan-schoeman-5309.html,16,15,884,,,,,Southern Kings (2020 - 2020) | Bath Rugby (2020 - 2024) | Lions Rugby (2024 - 2026)
TOP14,ASM,Peniami Nasali NARISIA,https://www.allrugby.com/joueurs/peniami-nasali-narisia-4088.html,10,5,361,2,,,2027-06-30,Oyonnax Rugby (2024 - 2026) | ASM Clermont Auvergne (2026 - 2027)
TOP14,ASM,Kieran VERDEN,https://www.allrugby.com/joueurs/kieran-verden-10914.html,1,1,66,,,,,Bath Rugby (2024 - 2024) | Cambridge RUFC (2024 - 2024) | Bath Rugby (2024 - 2027)
TOP14,ASM,Mikey SUMMERFIELD,https://www.allrugby.com/joueurs/mikey-summerfield-13135.html,7,0,94,,,,,Coventry Rugby (2026 - 2026) | Worcester Warriors (2026 - 2026) | Bath Rugby (2026 - 2026)
TOP14,ASM,Darcy SWAIN,https://www.allrugby.com/joueurs/darcy-swain-6880.html,2,2,128,,,,2027-06-30,Western Force (2024 - 2026) | ASM Clermont Auvergne (2026 - 2027)
TOP14,ASM,Scott KIRK,https://www.allrugby.com/joueurs/scott-kirk-14626.html,1,1,66,,,,,Bath Rugby (2022 - 2027)
TOP14,ASM,Léo MICHAUX,https://www.allrugby.com/joueurs/leo-michaux-21576.html,1,0,12,,,,2027-06-30,ASM Clermont Auvergne (2012 - 2027)
TOP14,ASM,Thomas DU TOIT,https://www.allrugby.com/joueurs/thomas-du-toit-4783.html,16,7,713,8,,,,Stade Toulousain (2020 - 2020) | Sharks Rugby Club (2020 - 2023) | Bath Rugby (2023 - 2026)
TOP14,ASM,Will STUART,https://www.allrugby.com/joueurs/will-stuart-5879.html,4,2,141,,,,,Bath Rugby (2019 - 2027)
TOP14,ASM,Tevita RATUVA,https://www.allrugby.com/joueurs/tevita-ratuva-6650.html,1,0,24,,,,2027-06-30,Scarlets (2019 - 2021) | CA Brive Corrèze Limousin (2021 - 2025) | ASM Clermont Auvergne (2025 - 2027)
TOP14,ASM,Thibaud LANEN,https://www.allrugby.com/joueurs/thibaud-lanen-7764.html,2,1,78,1,,,2027-06-30,ASM Clermont Auvergne (2013 - 2027)
TOP14,ASM,Hame FAIVA,https://www.allrugby.com/joueurs/hame-faiva-5870.html,3,0,53,,,,,Hurricanes (2023 - 2023) | Bath Rugby (2023 - 2025) | Newcastle (2025 - 2026)
TOP14,ASM,Thomas CEYTE,https://www.allrugby.com/joueurs/thomas-ceyte-3465.html,1,1,80,,,,2027-06-30,USON Nevers Rugby (2017 - 2022) | Aviron Bayonnais (2022 - 2024) | ASM Clermont Auvergne (2024 - 2027)
TOP14,ASM,Anthime HEMERY,https://www.allrugby.com/joueurs/anthime-hemery-12328.html,2,1,100,1,,,2023-06-30,ASM Clermont Auvergne (2023 - 2023) | Racing 92 (2024 - 2024) | ASM Clermont Auvergne (2024 - 2027)
TOP14,ASM,Antoine CHALUS,https://www.allrugby.com/joueurs/antoine-chalus-15384.html,1,1,11,,,,2027-06-30,ASM Clermont Auvergne (2020 - 2027)
TOP14,ASM,Jasper SPANDLER,https://www.allrugby.com/joueurs/jasper-spandler-13137.html,1,0,17,1,,,,Bath Rugby (2026 - 2026) | Worcester Warriors (2026 - 2026) | Bath Rugby (2026 - 2027)
TOP14,ASM,John STEWART,https://www.allrugby.com/joueurs/john-stewart-11903.html,7,2,241,2,,,,Cambridge RUFC (2025 - 2025) | Leicester Tigers (2026 - 2026) | Cambridge RUFC (2026 - 2026)
TOP14,ASM,Kévin NOAH,https://www.allrugby.com/joueurs/kevin-noah-6072.html,2,1,71,1,,,2021-06-30,ASM Clermont Auvergne (2018 - 2021) | USON Nevers Rugby (2021 - 2026) | ASM Clermont Auvergne (2026 - 2027)
TOP14,ASM,Killian TIXERONT,https://www.allrugby.com/joueurs/killian-tixeront-8041.html,2,1,80,,,,2027-06-30,ASM Clermont Auvergne (2017 - 2027)
TOP14,ASM,Louis VERMEULEN,https://www.allrugby.com/joueurs/louis-vermeulen-22250.html,1,1,57,,,,2027-06-30,ASM Clermont Auvergne (2015 - 2027)
TOP14,ASM,Marcos KREMER,https://www.allrugby.com/joueurs/marcos-kremer-5577.html,2,2,160,,,,2027-06-30,Stade Français Paris Rugby (2020 - 2023) | ASM Clermont Auvergne (2023 - 2027)
TOP14,ASM,Niall ANNETT,https://www.allrugby.com/joueurs/nial-annett-4247.html,17,4,464,2,,,,Worcester Warriors (2015 - 2022) | Bath Rugby (2022 - 2025)
TOP14,ASM,Tom DUNN,https://www.allrugby.com/joueurs/tom-dunn-2568.html,13,11,698,4,,,,Bath Rugby (2013 - 2027)
TOP14,ASM,Pio MUARUA,https://www.allrugby.com/joueurs/pio-muarua-4228.html,18,3,501,1,,,2027-06-30,Stade Montois Rugby Pro (2021 - 2021) | FC Grenoble Rugby (2021 - 2025) | ASM Clermont Auvergne (2025 - 2027)
TOP14,ASM,Charlie EWELS,https://www.allrugby.com/joueurs/charlie-ewels-2571.html,12,9,597,,,,,Bath Rugby (2023 - 2023) | Bulls (2023 - 2023) | Bath Rugby (2023 - 2027)
TOP14,ASM,Pita-Gus SOWAKULA,https://www.allrugby.com/joueurs/pita-gus-sowakula-6846.html,20,16,1284,3,,,2027-06-30,Chiefs (2023 - 2023) | Taranaki Bulls (2023 - 2023) | ASM Clermont Auvergne (2023 - 2027)
TOP14,ASM,Selevasio TOLOFUA,https://www.allrugby.com/joueurs/selevasio-tolofua-5069.html,19,13,1039,2,,,2027-06-30,Rugby Club Toulonnais (2023 - 2025) | ASM Clermont Auvergne (2025 - 2027)
TOP14,ASM,Baptiste GERMAIN,https://www.allrugby.com/joueurs/baptiste-germain-7571.html,2,0,36,,,,2027-06-30,Stade Toulousain (2023 - 2024) | Aviron Bayonnais (2024 - 2026) | ASM Clermont Auvergne (2026 - 2027)
TOP14,ASM,Baptiste JAUNEAU,https://www.allrugby.com/joueurs/baptiste-jauneau-10021.html,2,2,124,,,,2027-06-30,Biarritz Olympique Pays Basque (2018 - 2021) | ASM Clermont Auvergne (2021 - 2027)
TOP14,ASM,Elliot STOOKE,https://www.allrugby.com/joueurs/elliot-stooke-3147.html,11,11,827,1,,,,Bath Rugby (2024 - 2024) | Red Hurricanes Osaka (2024 - 2026) | Leicester Tigers (2026 - 2027)
TOP14,ASM,Lucas ZAMORA,https://www.allrugby.com/joueurs/lucas-zamora-14167.html,18,3,481,3,,,2027-06-30,Soyaux-Angoulême XV Charente (2024 - 2025) | ASM Clermont Auvergne (2025 - 2027)
TOP14,ASM,Harry PLUMMER,https://www.allrugby.com/joueurs/harry-plummer-7546.html,2,2,160,1,,,2027-06-30,Auckland (2024 - 2024) | Blues (2024 - 2025) | ASM Clermont Auvergne (2025 - 2027)
TOP14,ASM,Jacques DU PLESSIS,https://www.allrugby.com/joueurs/jacques-du-plessis-3413.html,1,0,16,,,,,Bath Rugby (2023 - 2023) | Bulls (2024 - 2024) | Bath Rugby (2024 - 2025)
TOP14,ASM,Justin BOURAUX,https://www.allrugby.com/joueurs/justin-bouraux-12429.html,28,24,1787,4,,,2027-06-30,Oyonnax Rugby (2015 - 2026) | ASM Clermont Auvergne (2026 - 2027)
TOP14,ASM,Josh MCNALLY,https://www.allrugby.com/joueurs/josh-mcnally-3203.html,18,18,1288,1,,,,Bath Rugby (2019 - 2024) | Cardiff Rugby (2024 - 2027)
TOP14,ASM,AJ LAM,https://www.allrugby.com/joueurs/aj-lam-11102.html,2,0,40,1,,,2027-06-30,Auckland (2025 - 2025) | Blues (2025 - 2026) | ASM Clermont Auvergne (2026 - 2027)
TOP14,ASM,Alivereti LOALOA,https://www.allrugby.com/joueurs/alivereti-loaloa-7992.html,2,2,160,1,,,2027-06-30,USON Nevers Rugby (2019 - 2025) | ASM Clermont Auvergne (2025 - 2027)
TOP14,ASM,Quinn ROUX,https://www.allrugby.com/joueurs/quinn-roux-3021.html,11,10,559,,,,,Rugby Club Toulonnais (2021 - 2022) | Bath Rugby (2022 - 2027)
TOP14,ASM,Léon DARRICARRÈRE,https://www.allrugby.com/joueurs/leon-darricarrere-11217.html,2,2,120,,,,2027-06-30,Castres Olympique (2013 - 2016) | Stade Montois Rugby Pro (2016 - 2021) | ASM Clermont Auvergne (2021 - 2027)
TOP14,ASM,Akenzua Al-Kareem ABDUL-KHALIK,https://www.allrugby.com/joueurs/akenzua-al-kareem-abdul-khalik-14768.html,15,10,833,3,,,,Bristol Bears (2025 - 2025) | Worcester Warriors (2026 - 2026) | Bristol Bears (2026 - 2027)
TOP14,ASM,Mathys BELAUBRE,https://www.allrugby.com/joueurs/mathys-belaubre-15383.html,19,16,1206,4,,,2026-06-30,ASM Clermont Auvergne (2026 - 2026) | USON Nevers Rugby (2026 - 2026) | ASM Clermont Auvergne (2026 - 2027)
TOP14,ASM,Alfie BARBEARY,https://www.allrugby.com/joueurs/alfie-barbeary-7125.html,1,1,50,,,,,Wasps (2023 - 2023) | Bath Rugby (2023 - 2026) | Saracens (2026 - 2027)
TOP14,ASM,Arthur GREEN,https://www.allrugby.com/joueurs/arthur-green-14769.html,8,7,453,6,,,,Bath Rugby (2025 - 2025) | Doncaster Knights (2025 - 2025) | Bath Rugby (2025 - 2027)
TOP14,ASM,Yanis BROSSET,https://www.allrugby.com/joueurs/yanis-brosset-22478.html,1,1,80,,,,2027-06-30,ASM Clermont Auvergne (2022 - 2027)
TOP14,ASM,Alivereti RAKA,https://www.allrugby.com/joueurs/alivereti-raka-3567.html,10,10,686,6,,,2027-06-30,ASM Clermont Auvergne (2014 - 2027)
TOP14,ASM,Bautista DELGUY,https://www.allrugby.com/joueurs/bautista-delguy-6149.html,2,2,160,1,,,2027-06-30,Union Sportive Arlequins Perpignanais (2021 - 2022) | ASM Clermont Auvergne (2022 - 2027)
TOP14,ASM,Chris CLOETE,https://www.allrugby.com/joueurs/chris-cloete-5653.html,3,2,144,1,,,,Munster Rugby (2017 - 2022) | Bath Rugby (2022 - 2024)
TOP14,ASM,Etene NANAI-SETURO,https://www.allrugby.com/joueurs/etene-nanai-seturo-7488.html,5,5,369,1,,,2027-06-30,Counties Manukau Steelers (2025 - 2025) | Chiefs (2025 - 2026) | ASM Clermont Auvergne (2026 - 2027)
TOP14,ASM,Joris JURAND,https://www.allrugby.com/joueurs/joris-jurand-7299.html,14,13,974,6,,,2027-06-30,Montpellier Hérault Rugby (2019 - 2019) | CA Brive Corrèze Limousin (2019 - 2023) | ASM Clermont Auvergne (2023 - 2027)
TOP14,ASM,Ethan STADDON,https://www.allrugby.com/joueurs/ethan-staddon-11097.html,9,9,696,3,,,,Hartpury RFC (2023 - 2023) | Bath Rugby (2023 - 2026) | Bristol Bears (2026 - 2027)
TOP14,ASM,Ewan RICHARDS,https://www.allrugby.com/joueurs/ewan-richards-11173.html,1,1,63,,,,,Bath Rugby (2024 - 2024) | Cambridge RUFC (2024 - 2024) | Bath Rugby (2024 - 2027)
TOP14,ASM,Fergus LEE-WARNER,https://www.allrugby.com/joueurs/fergus-lee-warner-10429.html,3,2,176,,,,,New South Wales Waratahs (2024 - 2025) | Newcastle (2025 - 2026) | FC Grenoble Rugby (2026 - 2027)
TOP14,ASM,Yérim FALL,https://www.allrugby.com/joueurs/yerim-fall-13746.html,1,1,80,1,,,2027-06-30,Rugby Club Massy Essonne (2016 - 2022) | ASM Clermont Auvergne (2022 - 2027)
TOP14,ASM,Kylan HAMDAOUI,https://www.allrugby.com/joueurs/kylan-hamdaoui-2454.html,2,2,160,,,,2027-06-30,Biarritz Olympique Pays Basque (2014 - 2018) | Stade Français Paris Rugby (2018 - 2024) | ASM Clermont Auvergne (2024 - 2027)
TOP14,ASM,GJ VAN VELZE,https://www.allrugby.com/joueurs/gj-van-velze-4282.html,1,0,2,,,,,Tel-Aviv Heat (2021 - 2022) | Bath Rugby (2022 - 2024)
TOP14,ASM,Aloïs MONTAVY,https://www.allrugby.com/joueurs/alois-montavy-23810.html,,,,,,,2027-06-30,ASM Clermont Auvergne (2014 - 2027)
TOP14,ASM,Cédric ATLAN,https://www.allrugby.com/joueurs/cedric-atlan-20563.html,,,,,,,2027-06-30,Lyon Olympique Universitaire Rugby (2025 - 2026) | ASM Clermont Auvergne (2026 - 2027)
TOP14,ASM,Enzo DEFILLON,https://www.allrugby.com/joueurs/enzo-defillon-23798.html,,,,,,,2027-06-30,CS Bourgoin Jallieu Rugby (2022 - 2025) | ASM Clermont Auvergne (2025 - 2027)
TOP14,ASM,Archie STANLEY,https://www.allrugby.com/joueurs/archie-stanley-13534.html,5,0,51,,,,,Bath Rugby (2024 - 2024) | London Scottish (2025 - 2025) | Bath Rugby (2025 - 2025)
TOP14,ASM,Hendro HATTINGH,https://www.allrugby.com/joueurs/hendro-hattingh-23792.html,,,,,,,2027-06-30,ASM Clermont Auvergne (2026 - 2027)
TOP14,ASM,Mathéo FRISACH,https://www.allrugby.com/joueurs/matheo-frisach-15389.html,3,0,115,,,,2027-06-30,Union Bordeaux-Bègles (2019 - 2023) | ASM Clermont Auvergne (2023 - 2027)
TOP14,ASM,Noah TRAINI,https://www.allrugby.com/joueurs/noah-traini-23693.html,,,,,,,2027-06-30,Louhans (2019 - 2019) | Cercle Sportif Lédonien (2019 - 2022) | ASM Clermont Auvergne (2022 - 2027)
TOP14,ASM,Nohem EZ ZAHOUANY,https://www.allrugby.com/joueurs/nohem-ez-zahouany-20641.html,1,0,21,,,,2027-06-30,Lyon Olympique Universitaire Rugby (2022 - 2025) | ASM Clermont Auvergne (2025 - 2027)
TOP14,ASM,Billy SELA,https://www.allrugby.com/joueurs/billy-sela-17087.html,9,5,314,1,,,,Bath Rugby (2023 - 2027)
TOP14,ASM,Ioan EMANUEL,https://www.allrugby.com/joueurs/ioan-emanuel-17160.html,1,0,14,,,,,Bath Rugby (2026 - 2026) | Cardiff Rugby (2026 - 2026) | Bath Rugby (2026 - 2027)
TOP14,ASM,Tristan OLIVIER,https://www.allrugby.com/joueurs/tristan-olivier-22520.html,,,,,,,2027-06-30,Stade Toulousain (2021 - 2024) | Association Sportive Béziers Hérault (2024 - 2026) | ASM Clermont Auvergne (2026 - 2027)
TOP14,ASM,Chuan UN,https://www.allrugby.com/joueurs/chuan-un-23806.html,,,,,,,2027-06-30,ASM Clermont Auvergne (2023 - 2027)
TOP14,ASM,Gabriel MELCHOR,https://www.allrugby.com/joueurs/gabriel-melchor-22451.html,,,,,,,2027-06-30,Rives d'Orb (2018 - 2019) | Association Sportive Béziers Hérault (2019 - 2025) | ASM Clermont Auvergne (2025 - 2027)
TOP14,ASM,Mevlut ZENGIN,https://www.allrugby.com/joueurs/mevlut-zengin-23691.html,,,,,,,2027-06-30,ASM Clermont Auvergne (2015 - 2027)
TOP14,ASM,Raphaël CEYSSAT,https://www.allrugby.com/joueurs/raphael-ceyssat-22377.html,,,,,,,2027-06-30,ASM Clermont Auvergne (2023 - 2027)
TOP14,ASM,Andrea FOIAMA-CRESPO,https://www.allrugby.com/joueurs/andrea-foiama-crespo-23791.html,,,,,,,2027-06-30,ASM Clermont Auvergne (2026 - 2027)
TOP14,ASM,Baptiste VESCHAMBRE,https://www.allrugby.com/joueurs/baptiste-veschambre-21575.html,1,0,29,,,,2027-06-30,ASM Clermont Auvergne (2022 - 2027)
TOP14,ASM,Julien FOURNIER,https://www.allrugby.com/joueurs/julien-fournier-23804.html,,,,,,,2027-06-30,ASM Clermont Auvergne (2014 - 2027)
TOP14,ASM,Nico JONES,https://www.allrugby.com/joueurs/nico-jones-23793.html,,,,,,,2027-06-30,ASM Clermont Auvergne (2026 - 2027)
TOP14,ASM,Noann LAVAIL,https://www.allrugby.com/joueurs/noann-lavail-23794.html,,,,,,,2027-06-30,Stade Aurillacois Cantal Auvergne (2024 - 2026) | ASM Clermont Auvergne (2026 - 2027)
TOP14,ASM,Pierre JOB,https://www.allrugby.com/joueurs/pierre-job-22787.html,,,,,,,2027-06-30,ASM Clermont Auvergne (2024 - 2027)
TOP14,ASM,Ephise NAVECTH,https://www.allrugby.com/joueurs/ephise-navecth-23796.html,,,,,,,2027-06-30,ASM Clermont Auvergne (2021 - 2027)
TOP14,ASM,Ilan CUSIN,https://www.allrugby.com/joueurs/ilan-cusin-22523.html,,,,,,,2027-06-30,CS Bourgoin Jallieu Rugby (2023 - 2026) | ASM Clermont Auvergne (2026 - 2027)
TOP14,ASM,Max PEARCE,https://www.allrugby.com/joueurs/max-pearce-16333.html,2,0,20,,,,,Bath Rugby (2026 - 2026) | Cardiff Rugby (2026 - 2026) | Bath Rugby (2026 - 2027)
TOP14,ASM,Mathis DE SAINT-ÉTIENNE,https://www.allrugby.com/joueurs/mathis-de-saint-etienne-23802.html,,,,,,,2027-06-30,US Bergerac Rugby (2015 - 2019) | ASM Clermont Auvergne (2019 - 2027)
TOP14,ASM,Matthieu PALMIER,https://www.allrugby.com/joueurs/matthieu-palmier-22657.html,,,,,,,2027-06-30,ASM Clermont Auvergne (2022 - 2027)
TOP14,ASM,Paul GASPARD,https://www.allrugby.com/joueurs/paul-gaspard-22690.html,,,,,,,2027-06-30,ASM Clermont Auvergne (2022 - 2027)
TOP14,ASM,Raphaël PAYRASTRE,https://www.allrugby.com/joueurs/raphael-payrastre-20635.html,,,,,,,2027-06-30,Association Sportive Béziers Hérault (2017 - 2025) | ASM Clermont Auvergne (2025 - 2027)
TOP14,ASM,Daniel MARAIS,https://www.allrugby.com/joueurs/daniel-marais-16332.html,,,,,,,,Bath Rugby (2023 - 2024)
TOP14,ASM,Scott BARRE,https://www.allrugby.com/joueurs/scott-barre-22519.html,,,,,,,2027-06-30,Rugby Club Toulonnais (2022 - 2024) | Association Sportive Béziers Hérault (2024 - 2026) | ASM Clermont Auvergne (2026 - 2027)
TOP14,ASM,Eddie ERSKINE,https://www.allrugby.com/joueurs/eddie-erskine-14867.html,1,0,5,,,,,Hartpury RFC (2024 - 2025)
TOP14,ASM,Sione LAMELANGI,https://www.allrugby.com/joueurs/sione-lamelangi-23801.html,,,,,,,2027-06-30,Albi rugby League XIII (2022 - 2026) | ASM Clermont Auvergne (2026 - 2027)
TOP14,ASM,Émilien VERDIER,https://www.allrugby.com/joueurs/emilien-verdier-22825.html,,,,,,,2027-06-30,US Issoire (2022 - 2026) | ASM Clermont Auvergne (2026 - 2027)
TOP14,ASM,Iban DUBERTRAND,https://www.allrugby.com/joueurs/iban-dubertrand-23803.html,,,,,,,2027-06-30,ASM Clermont Auvergne (2013 - 2027)
TOP14,ASM,Harvey CUCKSON,https://www.allrugby.com/joueurs/harvey-cuckson-13538.html,5,4,242,,,,,Worcester Warriors (2026 - 2026) | Bath Rugby (2026 - 2026) | Scarlets (2026 - 2027)
TOP14,ASM,Jonas FRADET,https://www.allrugby.com/joueurs/jonas-fradet-23545.html,,,,,,,2027-06-30,ASM Clermont Auvergne (2016 - 2027)
TOP14,ASM,Jack BENNETT,https://www.allrugby.com/joueurs/jack-bennett-18532.html,1,1,63,,,,,Bath Rugby (2026 - 2026) | London Scottish (2026 - 2026) | Bath Rugby (2026 - 2027)
TOP14,ASM,Yannis CHAUMEIL,https://www.allrugby.com/joueurs/yannis-chaumeil-23799.html,,,,,,,2027-06-30,ASM Clermont Auvergne (2022 - 2027)
TOP14,ASM,Juan MARTÍN MONTILLA,https://www.allrugby.com/joueurs/-juan-segundo-martin-montilla-21603.html,2,0,30,,,,2027-06-30,ASM Clermont Auvergne (2023 - 2027)
TOP14,ASM,Matéo TISSOT,https://www.allrugby.com/joueurs/mateo-tissot-23694.html,,,,,,,2027-06-30,Rugby Club Massy Essonne (2019 - 2025) | ASM Clermont Auvergne (2025 - 2027)
TOP14,ASM,Enzo PAWLIWEC,https://www.allrugby.com/joueurs/enzo-pawliwec-23807.html,,,,,,,2022-06-30,Rugby Club Clermont-Cournon (2019 - 2022) | ASM Clermont Auvergne (2022 - 2027)
TOP14,ASM,Florian SENECTAIRE,https://www.allrugby.com/joueurs/florian-senectaire-23690.html,,,,,,,2027-06-30,RC Castelpontin (2013 - 2021) | ASM Clermont Auvergne (2021 - 2027)
TOP14,ASM,Rory CAMERON,https://www.allrugby.com/joueurs/rory-cameron-18021.html,,,,,,,,Bath Rugby (2023 - 2024)
TOP14,ASM,Jules VERMEULEN,https://www.allrugby.com/joueurs/jules-vermeulen-22621.html,,,,,,,2022-06-30,Clermont Université Club Unin Aubièroise (2017 - 2022) | ASM Clermont Auvergne (2022 - 2027)
TOP14,ASM,Martin MEYER,https://www.allrugby.com/joueurs/martin-meyer-22292.html,,,,,,,2027-06-30,US Issoire (2019 - 2022) | ASM Clermont Auvergne (2022 - 2027)
TOP14,ASM,Noan BRAOUET,https://www.allrugby.com/joueurs/noan-braouet-23808.html,,,,,,,2027-06-30,ASM Clermont Auvergne (2022 - 2027)
TOP14,ASM,Timéo FRIER,https://www.allrugby.com/joueurs/timeo-frier-20642.html,2,0,39,,,,2027-06-30,ASM Clermont Auvergne (2025 - 2027)
TOP14,ASM,Dimitri EMERY,https://www.allrugby.com/joueurs/dimitri-emery-20640.html,,,,,,,2027-06-30,Stade Toulousain (2022 - 2025) | ASM Clermont Auvergne (2025 - 2027)
TOP14,ASM,Connor TREACEY,https://www.allrugby.com/joueurs/connor-treacey-18538.html,1,0,11,,,,,Bath Rugby (2023 - 2027)
TOP14,ASM,Ethan FRANÇOIS,https://www.allrugby.com/joueurs/ethan-francois-22697.html,,,,,,,2027-06-30,Provence Rugby (2023 - 2026) | ASM Clermont Auvergne (2026 - 2027)
TOP14,ASM,Marius BARON,https://www.allrugby.com/joueurs/marius-baron-23800.html,,,,,,,2027-06-30,ASM Clermont Auvergne (2023 - 2027)
TOP14,ASM,Mathis ROUGERIE,https://www.allrugby.com/joueurs/mathis-rougerie-21730.html,,,,,,,2027-06-30,Union Sportive Montalbanaise (2025 - 2026) | ASM Clermont Auvergne (2026 - 2027)
TOP14,ASM,Muhammed Eren ZENGIN,https://www.allrugby.com/joueurs/muhammed-eren-zengin-23805.html,,,,,,,2027-06-30,ASM Clermont Auvergne (2017 - 2027)
TOP14,ASM,Pierre-Emmanuel FERNANDES,https://www.allrugby.com/joueurs/pierre-emmanuel-fernandes-23797.html,,,,,,,2027-06-30,ASM Clermont Auvergne (2022 - 2027)
TOP14,ASM,Axel GUILLAUD,https://www.allrugby.com/joueurs/axel-guillaud-17502.html,4,3,230,1,,,2027-06-30,ASM Clermont Auvergne (2024 - 2027)
TOP14,ASM,George TIMMINS,https://www.allrugby.com/joueurs/george-timmins-18537.html,1,1,80,,,,,Bath Rugby (2026 - 2026) | Nottingham Rugby (2026 - 2026) | Bath Rugby (2026 - 2027)
TOP14,ASM,Maël BERGER,https://www.allrugby.com/joueurs/mael-berger-23795.html,,,,,,,2027-06-30,ASM Clermont Auvergne (2022 - 2027)
TOP14,ASM,Sacha LEROY,https://www.allrugby.com/joueurs/sacha-leroy-23692.html,,,,,,,2027-06-30,US La Châtre (2021 - 2023) | ASM Clermont Auvergne (2023 - 2027)
TOP14,ASM,Tom SAVINEL,https://www.allrugby.com/joueurs/tom-savinel-23809.html,,,,,,,2027-06-30,ASM Clermont Auvergne (2023 - 2027)
TOP14,LOU,Avé MAALO,https://www.allrugby.com/joueurs/ave-maalo-17310.html,3,0,68,,,,2027-06-30,Lyon Olympique Universitaire Rugby (2023 - 2027)
TOP14,LOU,Hamza KAABÈCHE,https://www.allrugby.com/joueurs/hamza-kaabeche-4679.html,1,0,24,,,,2027-06-30,Lyon Olympique Universitaire Rugby (2012 - 2027)
TOP14,LOU,Irakli APTSIAURI,https://www.allrugby.com/joueurs/irakli-aptsiauri-11938.html,2,2,116,,,,2027-06-30,FC Grenoble Rugby (2021 - 2024) | Lyon Olympique Universitaire Rugby (2024 - 2027)
TOP14,LOU,Jérôme REY,https://www.allrugby.com/joueurs/jerome-rey-5131.html,1,1,54,,,,2027-06-30,Stade Olympique Chambéry (2017 - 2019) | FC Grenoble Rugby (2019 - 2021) | Lyon Olympique Universitaire Rugby (2021 - 2027)
TOP14,LOU,Opeti HELU,https://www.allrugby.com/joueurs/opeti-helu-18728.html,18,11,772,6,,,2027-06-30,Lyon Olympique Universitaire Rugby (2026 - 2027)
TOP14,LOU,Thomas GALLO,https://www.allrugby.com/joueurs/thomas-gallo-8164.html,1,1,56,,,,2027-06-30,Benetton Rugby Trévise (2020 - 2026) | Lyon Olympique Universitaire Rugby (2026 - 2027)
TOP14,LOU,Luke TAGI,https://www.allrugby.com/joueurs/luke-tagi-8934.html,12,7,466,,,,,Provence Rugby (2021 - 2023) | Aviron Bayonnais (2023 - 2027)
TOP14,LOU,Thomas MOUKORO,https://www.allrugby.com/joueurs/thomas-moukoro-11047.html,1,0,26,,,,2027-06-30,Racing 92 (2024 - 2024) | Rugby Club Vannes (2024 - 2025) | Lyon Olympique Universitaire Rugby (2025 - 2027)
TOP14,LOU,Tim HOYT,https://www.allrugby.com/joueurs/tim-hoyt-12335.html,18,10,729,,,,2027-06-30,Chinnor R.F.C. (2025 - 2025) | Worcester Warriors (2025 - 2026) | Lyon Olympique Universitaire Rugby (2026 - 2027)
TOP14,LOU,Martin VILLAR,https://www.allrugby.com/joueurs/martin-villar-15092.html,6,1,168,1,,,,Stade Montois Rugby Pro (2025 - 2025) | Aviron Bayonnais (2025 - 2025) | Oyonnax Rugby (2025 - 2027)
TOP14,LOU,Camille CHAT,https://www.allrugby.com/joueurs/camille-chat-2559.html,2,1,80,,,,2024-06-30,Lyon Olympique Universitaire Rugby (2024 - 2024) | Racing 92 (2025 - 2025) | Lyon Olympique Universitaire Rugby (2025 - 2027)
TOP14,LOU,Guillaume MARCHAND,https://www.allrugby.com/joueurs/guillaume-marchand-5553.html,1,1,54,,,,2027-06-30,Lyon Olympique Universitaire Rugby (2021 - 2027)
TOP14,LOU,Matis PERCHAUD,https://www.allrugby.com/joueurs/matis-perchaud-10981.html,2,1,121,,,,,Aviron Bayonnais (2017 - 2024) | Union Bordeaux-Bègles (2024 - 2027)
TOP14,LOU,Mathis SARRAGALLET,https://www.allrugby.com/joueurs/mathis-sarragallet-7342.html,1,0,26,,,,2027-06-30,FC Grenoble Rugby (2015 - 2025) | Lyon Olympique Universitaire Rugby (2025 - 2027)
TOP14,LOU,Pascal COTET,https://www.allrugby.com/joueurs/pascal-cotet-1906.html,2,2,102,,,,,Racing Club Narbonnais (2018 - 2022) | Aviron Bayonnais (2022 - 2026) | Provence Rugby (2026 - 2027)
TOP14,LOU,Thomas MARCELINE,https://www.allrugby.com/joueurs/thomas-marceline-17046.html,2,0,44,,,,2027-06-30,Lyon Olympique Universitaire Rugby (2020 - 2027)
TOP14,LOU,Félix LAMBEY,https://www.allrugby.com/joueurs/felix-lambey-2545.html,1,1,35,,,,2027-06-30,Association Sportive Béziers Hérault (2015 - 2016) | Lyon Olympique Universitaire Rugby (2016 - 2027)
TOP14,LOU,Pierre CASTILLON,https://www.allrugby.com/joueurs/pierre-castillon-17309.html,6,0,147,,,,,Aviron Bayonnais (2018 - 2027)
TOP14,LOU,Janse ROUX,https://www.allrugby.com/joueurs/janse-roux-5543.html,1,0,20,,,,2025-06-30,Lyon Olympique Universitaire Rugby (2025 - 2025) | CA Brive Corrèze Limousin (2026 - 2026) | Lyon Olympique Universitaire Rugby (2026 - 2027)
TOP14,LOU,Mickaël GUILLARD,https://www.allrugby.com/joueurs/mickael--guillard-7749.html,2,2,160,,,,2027-06-30,Rugby Club Massy Essonne (2017 - 2020) | Lyon Olympique Universitaire Rugby (2020 - 2027)
TOP14,LOU,Pieter SCHOLTZ,https://www.allrugby.com/joueurs/pieter-scholtz-6324.html,17,10,742,1,,,,Wasps (2021 - 2022) | Aviron Bayonnais (2022 - 2025) | Mitsubishi Sagamihara Dynaboars (2025 - 2026)
TOP14,LOU,Théo WILLIAM,https://www.allrugby.com/joueurs/theo-william-9376.html,2,1,95,,,,2022-06-30,Lyon Olympique Universitaire Rugby (2022 - 2022) | Union Sportive Bressane Pays de l'Ain (2022 - 2022) | Lyon Olympique Universitaire Rugby (2022 - 2027)
TOP14,LOU,Quentin BÉTHUNE,https://www.allrugby.com/joueurs/quentin-bethune-3326.html,8,2,201,,,,,Stade Français Paris Rugby (2019 - 2022) | Aviron Bayonnais (2022 - 2025)
TOP14,LOU,Antoine DÉLIANCE,https://www.allrugby.com/joueurs/antoine-deliance-17680.html,1,1,60,,,,2027-06-30,Union Sportive Bressane Pays de l'Ain (2019 - 2022) | Lyon Olympique Universitaire Rugby (2022 - 2027)
TOP14,LOU,Beka SAGINADZE,https://www.allrugby.com/joueurs/beka-saghinadze-6738.html,1,1,80,,,,2027-06-30,Stade Aurillacois Cantal Auvergne (2018 - 2021) | Lyon Olympique Universitaire Rugby (2021 - 2027)
TOP14,LOU,Beka SHVANGIRADZE,https://www.allrugby.com/joueurs/beka-shvangiradze-10665.html,1,1,80,1,,,2027-06-30,Stade Aurillacois Cantal Auvergne (2020 - 2024) | Lyon Olympique Universitaire Rugby (2024 - 2027)
TOP14,LOU,Swan CORMENIER,https://www.allrugby.com/joueurs/swan-cormenier-5203.html,1,0,35,,,,,Sporting Club Albigeois (2017 - 2019) | Aviron Bayonnais (2019 - 2027)
TOP14,LOU,Dylan CRETIN,https://www.allrugby.com/joueurs/dylan-cretin-4846.html,2,1,100,1,,,2027-06-30,Lyon Olympique Universitaire Rugby (2012 - 2027)
TOP14,LOU,Liam ALLEN,https://www.allrugby.com/joueurs/liam-allen-11552.html,1,1,60,1,,,2027-06-30,Crusaders (2021 - 2021) | Canterbury (2021 - 2022) | Lyon Olympique Universitaire Rugby (2022 - 2027)
TOP14,LOU,Tevita TATAFU,https://www.allrugby.com/joueurs/tevita-tatafu-11206.html,2,1,75,1,,,,Aviron Bayonnais (2019 - 2027)
TOP14,LOU,Facundo BOSCH,https://www.allrugby.com/joueurs/facundo-bosch-5142.html,20,15,867,2,,,,Stade Rochelais (2019 - 2022) | Aviron Bayonnais (2022 - 2027)
TOP14,LOU,Marvin OKUYA,https://www.allrugby.com/joueurs/marvin-okuya-11984.html,1,0,20,,,,2026-06-30,Lyon Olympique Universitaire Rugby (2026 - 2026) | Provence Rugby (2026 - 2026) | Lyon Olympique Universitaire Rugby (2026 - 2027)
TOP14,LOU,Maxime GOUZOU,https://www.allrugby.com/joueurs/maxime-gouzou-7431.html,5,1,146,,,,2027-06-30,Stade Montois Rugby Pro (2018 - 2022) | Lyon Olympique Universitaire Rugby (2022 - 2027)
TOP14,LOU,Sam SIMMONDS,https://www.allrugby.com/joueurs/sam-simmonds-5634.html,1,1,80,,,,2027-06-30,Montpellier Hérault Rugby (2023 - 2025) | Lyon Olympique Universitaire Rugby (2025 - 2027)
TOP14,LOU,Louis ORTOLAN,https://www.allrugby.com/joueurs/louis-ortolan-12322.html,2,0,16,,,,,Aviron Bayonnais (2017 - 2024)
TOP14,LOU,Baptiste COUILLOUD,https://www.allrugby.com/joueurs/baptiste-couilloud-4362.html,1,1,60,,,,2027-06-30,Lyon Olympique Universitaire Rugby (2004 - 2027)
TOP14,LOU,Charlie CASSANG,https://www.allrugby.com/joueurs/charlie-cassang-3425.html,1,1,60,,,,2027-06-30,ASM Clermont Auvergne (2016 - 2020) | Oyonnax Rugby (2020 - 2024) | Lyon Olympique Universitaire Rugby (2024 - 2027)
TOP14,LOU,Esteban GONZALEZ,https://www.allrugby.com/joueurs/esteban-gonzalez-17045.html,2,0,40,,,,2027-06-30,Lyon Olympique Universitaire Rugby (2022 - 2027)
TOP14,LOU,Sanele NOHAMBA,https://www.allrugby.com/joueurs/sanele-nohamba-7519.html,1,0,32,,,,2027-06-30,Lions Rugby (2025 - 2025) | Shizuoka Blue Revs (2025 - 2026) | Lyon Olympique Universitaire Rugby (2026 - 2027)
TOP14,LOU,Thomas ACQUIER,https://www.allrugby.com/joueurs/thomas-acquier-1418.html,13,2,394,2,,,,CA Brive Corrèze Limousin (2014 - 2022) | Aviron Bayonnais (2022 - 2024) | US Tyrosse (2024 - 2026)
TOP14,LOU,Léo BERDEU,https://www.allrugby.com/joueurs/leo-berdeu-5217.html,1,1,68,,,,2018-06-30,Lyon Olympique Universitaire Rugby (2016 - 2018) | Sporting Union Agenais (2018 - 2020) | Lyon Olympique Universitaire Rugby (2020 - 2027)
TOP14,LOU,Vincent GIUDICELLI,https://www.allrugby.com/joueurs/vincent-giudicelli-4847.html,2,1,88,2,,,,Montpellier Hérault Rugby (2017 - 2023) | Aviron Bayonnais (2023 - 2026) | Provence Rugby (2026 - 2027)
TOP14,LOU,Martin MÉLIANDE,https://www.allrugby.com/joueurs/martin-meliande-12154.html,2,1,75,,,,2027-06-30,Union Sportive Bressane Pays de l'Ain (2021 - 2022) | Racing 92 (2022 - 2024) | Lyon Olympique Universitaire Rugby (2024 - 2027)
TOP14,LOU,Mathis GALEAZZI,https://www.allrugby.com/joueurs/mathis-galeazzi-17791.html,1,0,17,,,,2027-06-30,Stado Tarbes Pyrénées Rugby (2020 - 2023) | Castres Olympique (2023 - 2024) | Lyon Olympique Universitaire Rugby (2024 - 2027)
TOP14,LOU,Paddy JACKSON,https://www.allrugby.com/joueurs/paddy-jackson-2147.html,12,4,423,,,,2027-06-30,London Irish (2019 - 2023) | Lyon Olympique Universitaire Rugby (2023 - 2027)
TOP14,LOU,Adrien SÉGURET,https://www.allrugby.com/joueurs/adrien-seguret-5290.html,1,1,68,,,,2027-06-30,Castres Olympique (2026 - 2026) | Stade Rochelais (2026 - 2026) | Lyon Olympique Universitaire Rugby (2026 - 2027)
TOP14,LOU,Alfred PARISIEN,https://www.allrugby.com/joueurs/alfred-parisien-10749.html,1,0,12,,,,2027-06-30,Sporting Union Agenais (2016 - 2018) | Lyon Olympique Universitaire Rugby (2018 - 2027)
TOP14,LOU,Denis MARCHOIS,https://www.allrugby.com/joueurs/denis-marchois-3589.html,14,7,654,1,,,,Section Paloise Béarn Pyrénées (2019 - 2021) | Aviron Bayonnais (2021 - 2025) | Sporting Union Agenais (2025 - 2027)
TOP14,LOU,Iosefo MASI,https://www.allrugby.com/joueurs/iosefo-masi-14469.html,2,2,148,1,,,2027-06-30,Fijian Drua (2022 - 2025) | Lyon Olympique Universitaire Rugby (2025 - 2027)
TOP14,LOU,Josiah MARAKU,https://www.allrugby.com/joueurs/josiah-maraku-12490.html,14,14,958,3,,,2027-06-30,Racing Club Narbonnais (2021 - 2022) | Lyon Olympique Universitaire Rugby (2022 - 2027)
TOP14,LOU,Théo MILLET,https://www.allrugby.com/joueurs/theo-millet-3587.html,1,1,80,,,,2027-06-30,Oyonnax Rugby (2018 - 2024) | Lyon Olympique Universitaire Rugby (2024 - 2027)
TOP14,LOU,Thibaut REGARD,https://www.allrugby.com/joueurs/thibaut-regard-1501.html,1,0,12,,,,2027-06-30,Lyon Olympique Universitaire Rugby (2011 - 2027)
TOP14,LOU,Arthur MATHIRON,https://www.allrugby.com/joueurs/arthur-mathiron-11787.html,1,1,80,2,,,2027-06-30,USON Nevers Rugby (2023 - 2025) | Lyon Olympique Universitaire Rugby (2025 - 2027)
TOP14,LOU,Ethan DUMORTIER,https://www.allrugby.com/joueurs/ethan-dumortier-7670.html,1,1,80,1,,,2027-06-30,CS Bourgoin Jallieu Rugby (2014 - 2017) | Lyon Olympique Universitaire Rugby (2017 - 2027)
TOP14,LOU,Jiuta WAINIQOLO,https://www.allrugby.com/joueurs/jiuta-wainiqolo-11745.html,1,1,80,2,,,2027-06-30,Rugby Club Toulonnais (2021 - 2025) | Lyon Olympique Universitaire Rugby (2025 - 2027)
TOP14,LOU,Monty IOANE,https://www.allrugby.com/joueurs/monty-ioane-2446.html,1,1,80,,,,2027-06-30,Benetton Rugby Trévise (2017 - 2022) | Melbourne Rebels (2022 - 2023) | Lyon Olympique Universitaire Rugby (2023 - 2027)
TOP14,LOU,Konstantine MIKAUTADZE,https://www.allrugby.com/joueurs/konstantine-mikautadze-1279.html,2,1,84,,,,,Montpellier Hérault Rugby (2016 - 2020) | Aviron Bayonnais (2020 - 2024) | CA Brive Corrèze Limousin (2024 - 2027)
TOP14,LOU,Alexandre TCHAPTCHET,https://www.allrugby.com/joueurs/alexandre-tchaptchet-9835.html,11,9,720,,,,2027-06-30,Rugby Club Massy Essonne (2015 - 2020) | Lyon Olympique Universitaire Rugby (2020 - 2027)
TOP14,LOU,Lucas PAULOS,https://www.allrugby.com/joueurs/lucas-paulos-7501.html,2,2,102,,,,,Jaguares (2018 - 2020) | CA Brive Corrèze Limousin (2020 - 2023) | Aviron Bayonnais (2023 - 2027)
TOP14,LOU,Gabin LORRE,https://www.allrugby.com/joueurs/gabin-lorre-10916.html,2,2,160,3,,,2027-06-30,Stade Piscenois (2017 - 2019) | Association Sportive Béziers Hérault (2019 - 2025) | Lyon Olympique Universitaire Rugby (2025 - 2027)
TOP14,LOU,Manuel LEINDEKAR,https://www.allrugby.com/joueurs/manuel-leindekar-5612.html,2,2,160,,,,,Oyonnax Rugby (2024 - 2026) | FC Grenoble Rugby (2026 - 2027)
TOP14,LOU,Axel BAAS,https://www.allrugby.com/joueurs/axel-baas-22901.html,,,,,,,2027-06-30,Rugby Club de Strasbourg (2022 - 2024) | Lyon Olympique Universitaire Rugby (2024 - 2027)
TOP14,LOU,Badri TSIKHISTAVI,https://www.allrugby.com/joueurs/badri-tsikhistavi-13791.html,4,1,91,,,,,Black Lion (2025 - 2026) | Stade Olympique Chambéry (2026 - 2027)
TOP14,LOU,Benjamin LAHET,https://www.allrugby.com/joueurs/benjamin-lahet-13667.html,,,,,,,,Aviron Bayonnais (2018 - 2025) | Capbreton Hossegor Rugby (2025 - 2026)
TOP14,LOU,Maxime VITOUX,https://www.allrugby.com/joueurs/maxime-vitoux-23580.html,,,,,,,2027-06-30,Stade Français Paris Rugby (2020 - 2023) | Lyon Olympique Universitaire Rugby (2023 - 2027)
TOP14,LOU,Imanol THICOÏPE,https://www.allrugby.com/joueurs/imanol-thicoipe-17615.html,,,,,,,,Aviron Bayonnais (2011 - 2024)
TOP14,LOU,Nolhan WATAT,https://www.allrugby.com/joueurs/nolhan-watat-22086.html,,,,,,,2027-06-30,Rugby Club Massy Essonne (2022 - 2026) | Lyon Olympique Universitaire Rugby (2026 - 2027)
TOP14,LOU,Lucas OFFICIAL,https://www.allrugby.com/joueurs/lucas-official-22806.html,2,0,44,,,,,AS Urruñarrak (2015 - 2016) | Aviron Bayonnais (2016 - 2027)
TOP14,LOU,Pierre-Chanel TAFILI,https://www.allrugby.com/joueurs/pierre-chanel-tafili-15397.html,,,,,,,2027-06-30,Lyon Olympique Universitaire Rugby (2026 - 2027)
TOP14,LOU,Dimitry LELONG,https://www.allrugby.com/joueurs/dimitry-lelong-23812.html,,,,,,,2027-06-30,Lyon Olympique Universitaire Rugby (2023 - 2027)
TOP14,LOU,Matéo GUÉRIN,https://www.allrugby.com/joueurs/mateo-guerin-17618.html,,,,,,,,Stade Bordelais (2021 - 2023) | Aviron Bayonnais (2023 - 2024) | US Dax Rugby Landes (2024 - 2026)
TOP14,LOU,Giovanny TAFILI,https://www.allrugby.com/joueurs/giovanny-tafili-20296.html,,,,,,,2027-06-30,Lyon Olympique Universitaire Rugby (2026 - 2027)
TOP14,LOU,Morgan ROBICHON,https://www.allrugby.com/joueurs/morgan-robichon-23565.html,,,,,,,2027-06-30,Valence Romans Drôme Rugby (2016 - 2023) | Lyon Olympique Universitaire Rugby (2023 - 2027)
TOP14,LOU,Anthony RICO,https://www.allrugby.com/joueurs/anthony-rico-23698.html,,,,,,,2027-06-30,Lyon Olympique Universitaire Rugby (2024 - 2027)
TOP14,LOU,Bartholomé SANSON,https://www.allrugby.com/joueurs/bartholome-sanson-18719.html,2,0,53,,,,2027-06-30,Stade Rochelais (2021 - 2023) | Lyon Olympique Universitaire Rugby (2023 - 2027)
TOP14,LOU,Peïo DOSPITAL,https://www.allrugby.com/joueurs/peio-dospital-21295.html,,,,,,,,Aviron Bayonnais (2022 - 2025) | Biarritz Olympique Pays Basque (2025 - 2026)
TOP14,LOU,Fousseynou CISSOKHO,https://www.allrugby.com/joueurs/fousseynou-cissokho-14190.html,23,15,1208,1,,,2027-06-30,CS Bourgoin Jallieu Rugby (2025 - 2026) | Lyon Olympique Universitaire Rugby (2026 - 2027)
TOP14,LOU,Ruan VIVIERS,https://www.allrugby.com/joueurs/ruan-viviers-18860.html,,,,,,,2027-06-30,Lyon Olympique Universitaire Rugby (2024 - 2027)
TOP14,LOU,Rafaël CAYUELA,https://www.allrugby.com/joueurs/rafael-cayuela-21054.html,,,,,,,,Aviron Bayonnais (2019 - 2024) | Stado Tarbes Pyrénées Rugby (2024 - 2026)
TOP14,LOU,Cléo BARD,https://www.allrugby.com/joueurs/cleo-bard-17837.html,,,,,,,2027-06-30,Lyon Olympique Universitaire Rugby (2023 - 2027)
TOP14,LOU,Lilian BARET,https://www.allrugby.com/joueurs/lilian-baret-17835.html,3,1,90,,,,2027-06-30,Lyon Olympique Universitaire Rugby (2021 - 2027)
TOP14,LOU,Loan ROPERO,https://www.allrugby.com/joueurs/loan-ropero-23755.html,,,,,,,2027-06-30,ASM Clermont Auvergne (2022 - 2023) | USON Nevers Rugby (2023 - 2025) | Lyon Olympique Universitaire Rugby (2025 - 2027)
TOP14,LOU,Yonn RAMOND,https://www.allrugby.com/joueurs/yonn-ramond-21382.html,,,,,,,,Aviron Bayonnais (2023 - 2025) | Rugby Club de Saint-Médard en Jalles (2025 - 2026)
TOP14,LOU,Louis DOUAUD,https://www.allrugby.com/joueurs/louis-douaud-23564.html,,,,,,,2027-06-30,Lyon Olympique Universitaire Rugby (2021 - 2027)
TOP14,LOU,Luka SAGINADZE,https://www.allrugby.com/joueurs/luka-saginadze-18036.html,,,,,,,2027-06-30,Lyon Olympique Universitaire Rugby (2023 - 2027)
TOP14,LOU,Mathys TEYSSIER,https://www.allrugby.com/joueurs/mathys-teyssier-23561.html,,,,,,,2027-06-30,Lyon Olympique Universitaire Rugby (2023 - 2027)
TOP14,LOU,Hugo AFONSO,https://www.allrugby.com/joueurs/hugo-afonso-17608.html,,,,,,,,Aviron Bayonnais (2015 - 2024) | Saint Jean-de-Luz Olympique Rugby (2024 - 2025)
TOP14,LOU,Owen FRESNAIS,https://www.allrugby.com/joueurs/owen-fresnais-21521.html,,,,,,,2027-06-30,Stade Rochelais (2021 - 2025) | Lyon Olympique Universitaire Rugby (2025 - 2027)
TOP14,LOU,Jokin DUHALT,https://www.allrugby.com/joueurs/jokin-duhalt-22601.html,,,,,,,,Aviron Bayonnais (2022 - 2026)
TOP14,LOU,Soulaimane CAMARA,https://www.allrugby.com/joueurs/soulaimane-camara-23811.html,,,,,,,2027-06-30,Lyon Olympique Universitaire Rugby (2023 - 2027)
TOP14,LOU,Ange GIROUD,https://www.allrugby.com/joueurs/ange-giroud-23754.html,,,,,,,2027-06-30,Lyon Olympique Universitaire Rugby (2018 - 2027)
TOP14,LOU,Mathéo FUTHAZAR,https://www.allrugby.com/joueurs/matheo-futhazar-23117.html,,,,,,,,Aviron Bayonnais (2022 - 2026) | Association Sportive Béziers Hérault (2026 - 2027)
TOP14,LOU,Max BRU,https://www.allrugby.com/joueurs/max-bru-18004.html,,,,,,,,Aviron Bayonnais (2018 - 2024) | Anglet Olympique Rugby Club (2024 - 2025)
TOP14,LOU,Noa LETERME,https://www.allrugby.com/joueurs/noa-leterme-23566.html,,,,,,,2027-06-30,Olympique Marcquois Rugby (2020 - 2024) | Lyon Olympique Universitaire Rugby (2024 - 2027)
TOP14,LOU,Malakai HAFOKA TOCA,https://www.allrugby.com/joueurs/malakai-hafoka-toca-21877.html,4,3,254,,,,2027-06-30,Lyon Olympique Universitaire Rugby (2025 - 2027)
TOP14,LOU,Yon CAPÉRAÀ,https://www.allrugby.com/joueurs/yon-caperaa-20327.html,,,,,,,,Aviron Bayonnais (2022 - 2025) | Section Paloise Béarn Pyrénées (2025 - 2027)
TOP14,LOU,Paco MAZOYER,https://www.allrugby.com/joueurs/paco-mazoyer-17834.html,3,1,93,,,,2025-06-30,Lyon Olympique Universitaire Rugby (2025 - 2025) | Stade Olympique Chambéry (2026 - 2026) | Lyon Olympique Universitaire Rugby (2026 - 2027)
TOP14,LOU,Aiden STAIT,https://www.allrugby.com/joueurs/aiden-stait-16308.html,,,,,,,,Aviron Bayonnais (2023 - 2026)
TOP14,LOU,Davit BARBAKADZE,https://www.allrugby.com/joueurs/davit-barbakadze-20259.html,5,5,322,,,,2027-06-30,Lyon Olympique Universitaire Rugby (2025 - 2027)
TOP14,LOU,Dorian DIABOU,https://www.allrugby.com/joueurs/dorian-diabou-17836.html,1,1,80,,,,2027-06-30,Lyon Olympique Universitaire Rugby (2011 - 2027)
TOP14,LOU,Dylan INDABURU,https://www.allrugby.com/joueurs/dylan-indaburu-17616.html,,,,,,,,Section Paloise Béarn Pyrénées (2017 - 2019) | Avenir Bizanos (2021 - 2023) | Aviron Bayonnais (2023 - 2024)
TOP14,LOU,Lucas ROSTAING,https://www.allrugby.com/joueurs/lucas-rostaing-23699.html,,,,,,,2027-06-30,Valence Romans Drôme Rugby (2022 - 2024) | Lyon Olympique Universitaire Rugby (2024 - 2027)
TOP14,LOU,Raphaël MARTIN,https://www.allrugby.com/joueurs/raphael-martin-21519.html,,,,,,,2027-06-30,Montpellier Hérault Rugby (2022 - 2025) | Lyon Olympique Universitaire Rugby (2025 - 2027)
TOP14,LOU,Hugo LECLERQ,https://www.allrugby.com/joueurs/hugo-leclerq-23766.html,,,,,,,,AS Sain-Martin-de-Seignanx (2018 - 2022) | Aviron Bayonnais (2022 - 2027)
TOP14,LOU,Ignacio VALDES-LEIVA,https://www.allrugby.com/joueurs/ignacio-valdes-leiva-20319.html,,,,,,,,Nissa Rugby (2017 - 2019) | Aviron Bayonnais (2019 - 2027)
TOP14,LOU,William BLANC,https://www.allrugby.com/joueurs/william-blanc-23567.html,,,,,,,2027-06-30,Lyon Olympique Universitaire Rugby (2024 - 2027)
TOP14,LOU,Alexandre MESSIRE,https://www.allrugby.com/joueurs/alexandre-messire-21520.html,,,,,,,2027-06-30,Racing 92 (2019 - 2025) | Lyon Olympique Universitaire Rugby (2025 - 2027)
TOP14,LOU,Jules DERRE,https://www.allrugby.com/joueurs/jules-derre-22752.html,,,,,,,,US Vicquoise (2018 - 2020) | Stado Tarbes Pyrénées Rugby (2020 - 2022) | Aviron Bayonnais (2022 - 2026)
TOP14,LOU,Charly MIGNOT,https://www.allrugby.com/joueurs/charly-mignot-17838.html,1,1,80,1,,,2027-06-30,Saint-Savin (2015 - 2020) | Lyon Olympique Universitaire Rugby (2020 - 2027)
TOP14,LOU,Jules MARTIN-BONNARD,https://www.allrugby.com/joueurs/jules-martin-bonnard-20849.html,,,,,,,2027-06-30,Aviron Bayonnais (2023 - 2026) | Stade Toulousain (2026 - 2027)
TOP14,LOU,Gabin LACOSTE,https://www.allrugby.com/joueurs/gabin-lacoste-17792.html,,,,,,,2027-06-30,Lyon Olympique Universitaire Rugby (2024 - 2027)
TOP14,LOU,Jerry SUVEINAIKA,https://www.allrugby.com/joueurs/jerry-suveinaika-23231.html,,,,,,,2027-06-30,Lyon Olympique Universitaire Rugby (2026 - 2027)
TOP14,LOU,Luka KHORBALADZE,https://www.allrugby.com/joueurs/luka-khorbaladze-14989.html,2,2,160,,,,2027-06-30,Lyon Olympique Universitaire Rugby (2023 - 2027)
TOP14,LOU,Apisalome RATUNIYARAWA,https://www.allrugby.com/joueurs/apisalome-ratuniyarawa-1787.html,1,0,13,,,,,Northampton Saints (2017 - 2022) | London Irish (2022 - 2023) | Aviron Bayonnais (2023 - 2024)
TOP14,MHR,Baptiste ERDOCIO,https://www.allrugby.com/joueurs/baptiste-erdocio-8150.html,2,2,106,,,,2027-06-30,Biarritz Olympique Pays Basque (2014 - 2023) | Montpellier Hérault Rugby (2023 - 2027)
TOP14,MHR,Luca TABAROT,https://www.allrugby.com/joueurs/luca-tabarot-12094.html,9,4,370,1,,,2025-06-30,Montpellier Hérault Rugby (2025 - 2025) | Sporting Union Agenais (2025 - 2026) | Montpellier Hérault Rugby (2026 - 2027)
TOP14,MHR,Luka JAPARIDZE,https://www.allrugby.com/joueurs/luka-japaridze-6740.html,2,2,94,,,,2027-06-30,CA Brive Corrèze Limousin (2018 - 2023) | Montpellier Hérault Rugby (2023 - 2027)
TOP14,MHR,Mohamed HAOUAS,https://www.allrugby.com/joueurs/mohammed-houas-4681.html,1,0,30,,,,2027-06-30,Biarritz Olympique Pays Basque (2023 - 2024) | Montpellier Hérault Rugby (2024 - 2027)
TOP14,MHR,Reda WARDI,https://www.allrugby.com/joueurs/reda-wardi-4286.html,19,14,952,1,,,2027-06-30,Stade Rochelais (2019 - 2026) | Montpellier Hérault Rugby (2026 - 2027)
TOP14,MHR,Luke TAGI,https://www.allrugby.com/joueurs/luke-tagi-8934.html,12,7,466,,,,,Provence Rugby (2021 - 2023) | Aviron Bayonnais (2023 - 2027)
TOP14,MHR,Valentin WELSCH,https://www.allrugby.com/joueurs/valentin-welsch-16349.html,2,0,46,,,,2024-06-30,Montpellier Hérault Rugby (2021 - 2024) | Stade Aurillacois Cantal Auvergne (2024 - 2025) | Montpellier Hérault Rugby (2025 - 2027)
TOP14,MHR,Wilfrid HOUNKPATIN,https://www.allrugby.com/joueurs/wilfrid-hounkpatin-1476.html,1,0,33,,,,2027-06-30,Rouen Normandie Rugby (2014 - 2018) | Castres Olympique (2018 - 2024) | Montpellier Hérault Rugby (2024 - 2027)
TOP14,MHR,Martin VILLAR,https://www.allrugby.com/joueurs/martin-villar-15092.html,6,1,168,1,,,,Stade Montois Rugby Pro (2025 - 2025) | Aviron Bayonnais (2025 - 2025) | Oyonnax Rugby (2025 - 2027)
TOP14,MHR,Christopher TOLOFUA,https://www.allrugby.com/joueurs/christopher-tolofua-1082.html,1,0,33,,,,2023-06-30,Montpellier Hérault Rugby (2023 - 2023) | Rugby Club Toulonnais (2024 - 2024) | Montpellier Hérault Rugby (2024 - 2027)
TOP14,MHR,Jordan UELESE,https://www.allrugby.com/joueurs/jordan-uelese-5588.html,1,0,23,,,,2027-06-30,Montpellier Hérault Rugby (2024 - 2027)
TOP14,MHR,Matis PERCHAUD,https://www.allrugby.com/joueurs/matis-perchaud-10981.html,2,1,121,,,,,Aviron Bayonnais (2017 - 2024) | Union Bordeaux-Bègles (2024 - 2027)
TOP14,MHR,Lyam AKRAB,https://www.allrugby.com/joueurs/lyam-akrab-16341.html,2,2,104,1,,,2027-06-30,Montpellier Hérault Rugby (2020 - 2027)
TOP14,MHR,Ricky RICCITELLI,https://www.allrugby.com/joueurs/ricky-riccitelli-6760.html,9,4,340,3,,,2027-06-30,Taranaki Bulls (2024 - 2024) | Blues (2024 - 2025) | Montpellier Hérault Rugby (2025 - 2027)
TOP14,MHR,Pascal COTET,https://www.allrugby.com/joueurs/pascal-cotet-1906.html,2,2,102,,,,,Racing Club Narbonnais (2018 - 2022) | Aviron Bayonnais (2022 - 2026) | Provence Rugby (2026 - 2027)
TOP14,MHR,Adam BEARD,https://www.allrugby.com/joueurs/adam-beard-4866.html,1,1,41,,,,2027-06-30,Montpellier Hérault Rugby (2025 - 2027)
TOP14,MHR,Bastien CHALUREAU,https://www.allrugby.com/joueurs/bastien-chalureau-1912.html,1,0,14,,,,2019-06-30,Montpellier Hérault Rugby (2019 - 2019) | Stade Toulousain (2020 - 2020) | Montpellier Hérault Rugby (2020 - 2027)
TOP14,MHR,Florian VERHAEGHE,https://www.allrugby.com/joueurs/florian-verhaeghe-5088.html,2,1,119,,,,2027-06-30,Stade Toulousain (2014 - 2020) | Montpellier Hérault Rugby (2020 - 2027)
TOP14,MHR,Pierre CASTILLON,https://www.allrugby.com/joueurs/pierre-castillon-17309.html,6,0,147,,,,,Aviron Bayonnais (2018 - 2027)
TOP14,MHR,Pieter SCHOLTZ,https://www.allrugby.com/joueurs/pieter-scholtz-6324.html,17,10,742,1,,,,Wasps (2021 - 2022) | Aviron Bayonnais (2022 - 2025) | Mitsubishi Sagamihara Dynaboars (2025 - 2026)
TOP14,MHR,Ruben VAN HEERDEN,https://www.allrugby.com/joueurs/ruben-van-heerden-6855.html,1,0,15,,,,2027-06-30,Exeter Chiefs (2023 - 2023) | Stormers (2023 - 2026) | Montpellier Hérault Rugby (2026 - 2027)
TOP14,MHR,Quentin BÉTHUNE,https://www.allrugby.com/joueurs/quentin-bethune-3326.html,8,2,201,,,,,Stade Français Paris Rugby (2019 - 2022) | Aviron Bayonnais (2022 - 2025)
TOP14,MHR,Tyler DUGUID,https://www.allrugby.com/joueurs/tyler-duguid-8246.html,2,2,145,,,,2027-06-30,Racing Club Narbonnais (2019 - 2020) | Montpellier Hérault Rugby (2020 - 2027)
TOP14,MHR,Alex MASIBAKA,https://www.allrugby.com/joueurs/alex-masibaka-13662.html,2,1,59,,,,2027-06-30,Soyaux-Angoulême XV Charente (2023 - 2025) | Montpellier Hérault Rugby (2025 - 2027)
TOP14,MHR,Alexandre BÉCOGNÉE,https://www.allrugby.com/joueurs/alexandre-becognee-5466.html,2,2,156,,,,2027-06-30,Stade Montois Rugby Pro (2014 - 2020) | Montpellier Hérault Rugby (2020 - 2027)
TOP14,MHR,Swan CORMENIER,https://www.allrugby.com/joueurs/swan-cormenier-5203.html,1,0,35,,,,,Sporting Club Albigeois (2017 - 2019) | Aviron Bayonnais (2019 - 2027)
TOP14,MHR,Billy VUNIPOLA,https://www.allrugby.com/joueurs/billy-vunipola-2111.html,1,1,70,,,,2027-06-30,Montpellier Hérault Rugby (2024 - 2027)
TOP14,MHR,Tevita TATAFU,https://www.allrugby.com/joueurs/tevita-tatafu-11206.html,2,1,75,1,,,,Aviron Bayonnais (2019 - 2027)
TOP14,MHR,Langi GLEESON,https://www.allrugby.com/joueurs/langi-gleeson-12187.html,2,1,42,,,,2027-06-30,New South Wales Waratahs (2021 - 2025) | Montpellier Hérault Rugby (2025 - 2027)
TOP14,MHR,Lenni NOUCHI,https://www.allrugby.com/joueurs/lenni-nouchi-11986.html,20,18,1354,6,,,2027-06-30,Association Sportive Béziers Hérault (2014 - 2021) | Montpellier Hérault Rugby (2021 - 2027)
TOP14,MHR,Facundo BOSCH,https://www.allrugby.com/joueurs/facundo-bosch-5142.html,20,15,867,2,,,,Stade Rochelais (2019 - 2022) | Aviron Bayonnais (2022 - 2027)
TOP14,MHR,Yacouba CAMARA,https://www.allrugby.com/joueurs/yacouba-camara-1084.html,2,2,140,1,,,2027-06-30,Stade Toulousain (2013 - 2017) | Montpellier Hérault Rugby (2017 - 2027)
TOP14,MHR,Alexis BERNADET,https://www.allrugby.com/joueurs/alexis-bernadet-11514.html,2,1,97,,,,2027-06-30,Avenir Castanéen Rugby XV (2019 - 2021) | Union Sportive Montalbanaise (2021 - 2024) | Montpellier Hérault Rugby (2024 - 2027)
TOP14,MHR,Ali PRICE,https://www.allrugby.com/joueurs/ali-price-2635.html,2,1,76,,,,2027-06-30,Glasgow Warriors (2024 - 2024) | Edimbourg Rugby (2024 - 2025) | Montpellier Hérault Rugby (2025 - 2027)
TOP14,MHR,Louis ORTOLAN,https://www.allrugby.com/joueurs/louis-ortolan-12322.html,2,0,16,,,,,Aviron Bayonnais (2017 - 2024)
TOP14,MHR,Sébastien BÉZY,https://www.allrugby.com/joueurs/sebastien-bezy-1091.html,10,3,310,1,,,2027-06-30,ASM Clermont Auvergne (2020 - 2026) | Montpellier Hérault Rugby (2026 - 2027)
TOP14,MHR,Adam HASTINGS,https://www.allrugby.com/joueurs/adam-hastings-4904.html,2,1,71,1,,,2027-06-30,Gloucester Rugby (2021 - 2024) | Glasgow Warriors (2024 - 2026) | Montpellier Hérault Rugby (2026 - 2027)
TOP14,MHR,Thomas ACQUIER,https://www.allrugby.com/joueurs/thomas-acquier-1418.html,13,2,394,2,,,,CA Brive Corrèze Limousin (2014 - 2022) | Aviron Bayonnais (2022 - 2024) | US Tyrosse (2024 - 2026)
TOP14,MHR,Domingo MIOTTI,https://www.allrugby.com/joueurs/domingo-miotti-7497.html,1,1,80,,,,2027-06-30,Glasgow Warriors (2021 - 2023) | Oyonnax Rugby (2023 - 2024) | Montpellier Hérault Rugby (2024 - 2027)
TOP14,MHR,Vincent GIUDICELLI,https://www.allrugby.com/joueurs/vincent-giudicelli-4847.html,2,1,88,2,,,2023-06-30,Montpellier Hérault Rugby (2017 - 2023) | Aviron Bayonnais (2023 - 2026) | Provence Rugby (2026 - 2027)
TOP14,MHR,Arthur VINCENT,https://www.allrugby.com/joueurs/arthur-vincent-5600.html,2,0,56,1,,,2027-06-30,Montpellier Hérault Rugby (2013 - 2027)
TOP14,MHR,Auguste CADOT,https://www.allrugby.com/joueurs/auguste-cadot-8147.html,2,2,123,1,,,2027-06-30,Biarritz Olympique Pays Basque (2019 - 2023) | Montpellier Hérault Rugby (2023 - 2027)
TOP14,MHR,Justo PICCARDO,https://www.allrugby.com/joueurs/justo-piccardo-18814.html,2,2,160,,,,2027-06-30,Pampas XV (2024 - 2025) | Montpellier Hérault Rugby (2025 - 2027)
TOP14,MHR,Karl MARTIN,https://www.allrugby.com/joueurs/karl-martin-11297.html,4,1,125,,,,2027-06-30,Stade Aurillacois Cantal Auvergne (2024 - 2025) | Montpellier Hérault Rugby (2025 - 2027)
TOP14,MHR,Lennox ANYANWU,https://www.allrugby.com/joueurs/lennox-anyanwu-10639.html,11,10,627,1,,,2027-06-30,London Scottish (2023 - 2023) | Harlequins (2023 - 2025) | Montpellier Hérault Rugby (2025 - 2027)
TOP14,MHR,Denis MARCHOIS,https://www.allrugby.com/joueurs/denis-marchois-3589.html,14,7,654,1,,,,Section Paloise Béarn Pyrénées (2019 - 2021) | Aviron Bayonnais (2021 - 2025) | Sporting Union Agenais (2025 - 2027)
TOP14,MHR,Dimitri DELIBES,https://www.allrugby.com/joueurs/dimitri-delibes-6053.html,2,2,147,,,,2027-06-30,Stade Toulousain (2018 - 2026) | Montpellier Hérault Rugby (2026 - 2027)
TOP14,MHR,Donovan TAOFIFENUA,https://www.allrugby.com/joueurs/donovan-taofifenua-7984.html,1,1,60,,,,2027-06-30,ASM Clermont Auvergne (2014 - 2020) | Racing 92 (2020 - 2025) | Montpellier Hérault Rugby (2025 - 2027)
TOP14,MHR,Gabriel N'GANDEBE,https://www.allrugby.com/joueurs/gabriel-n-gandebe-5291.html,25,24,1879,8,,,2027-06-30,Rugby Club Massy Essonne (2013 - 2017) | Montpellier Hérault Rugby (2017 - 2027)
TOP14,MHR,Maël MOUSTIN,https://www.allrugby.com/joueurs/mael-moustin-9193.html,12,11,865,4,,,2027-06-30,Sporting Union Agenais (2016 - 2021) | Union Bordeaux-Bègles (2021 - 2024) | Montpellier Hérault Rugby (2024 - 2027)
TOP14,MHR,Melvyn RATES,https://www.allrugby.com/joueurs/melvyn-rates-17813.html,1,1,70,,,,2027-06-30,FC Grenoble Rugby (2022 - 2025) | Montpellier Hérault Rugby (2025 - 2027)
TOP14,MHR,Jon ECHEGARAY,https://www.allrugby.com/joueurs/jon-echegaray-14812.html,4,4,243,,,,2025-06-30,Montpellier Hérault Rugby (2025 - 2025) | Union Bordeaux-Bègles (2026 - 2026) | Montpellier Hérault Rugby (2026 - 2027)
TOP14,MHR,Konstantine MIKAUTADZE,https://www.allrugby.com/joueurs/konstantine-mikautadze-1279.html,2,1,84,,,,2020-06-30,Montpellier Hérault Rugby (2016 - 2020) | Aviron Bayonnais (2020 - 2024) | CA Brive Corrèze Limousin (2024 - 2027)
TOP14,MHR,Stuart HOGG,https://www.allrugby.com/joueurs/stuart-hogg-2162.html,1,0,22,,,,2027-06-30,sans club (2023 - 2024) | Montpellier Hérault Rugby (2024 - 2027)
TOP14,MHR,Tom BANKS,https://www.allrugby.com/joueurs/thomas-banks-6684.html,2,2,160,1,,,2027-06-30,Mie Honda Heat RFC (2022 - 2025) | Montpellier Hérault Rugby (2025 - 2027)
TOP14,MHR,Lucas PAULOS,https://www.allrugby.com/joueurs/lucas-paulos-7501.html,2,2,102,,,,,Jaguares (2018 - 2020) | CA Brive Corrèze Limousin (2020 - 2023) | Aviron Bayonnais (2023 - 2027)
TOP14,MHR,Arthur AZÉMA,https://www.allrugby.com/joueurs/arthur-azema-23544.html,,,,,,,2027-06-30,Avenir Bleu et Blanc (2022 - 2023) | Montpellier Hérault Rugby (2023 - 2027)
TOP14,MHR,Badri TSIKHISTAVI,https://www.allrugby.com/joueurs/badri-tsikhistavi-13791.html,4,1,91,,,,,Black Lion (2025 - 2026) | Stade Olympique Chambéry (2026 - 2027)
TOP14,MHR,Baptiste GILLIOCQ,https://www.allrugby.com/joueurs/baptiste-gilliocq-18105.html,,,,,,,2027-06-30,Ecole de Rugby du Pic Saint-Loup (2015 - 2021) | Montpellier Hérault Rugby (2021 - 2027)
TOP14,MHR,Ilan LEBLANC-FERON,https://www.allrugby.com/joueurs/ilan-leblanc-feron-20646.html,,,,,,,2027-06-30,Rugby Club Massy Essonne (2021 - 2025) | Montpellier Hérault Rugby (2025 - 2027)
TOP14,MHR,Benjamin LAHET,https://www.allrugby.com/joueurs/benjamin-lahet-13667.html,,,,,,,,Aviron Bayonnais (2018 - 2025) | Capbreton Hossegor Rugby (2025 - 2026)
TOP14,MHR,Imanol THICOÏPE,https://www.allrugby.com/joueurs/imanol-thicoipe-17615.html,,,,,,,,Aviron Bayonnais (2011 - 2024)
TOP14,MHR,Maël CINTRACT,https://www.allrugby.com/joueurs/mael-cintract-22328.html,,,,,,,2027-06-30,Montpellier Hérault Rugby (2026 - 2027)
TOP14,MHR,Lucas OFFICIAL,https://www.allrugby.com/joueurs/lucas-official-22806.html,2,0,44,,,,,AS Urruñarrak (2015 - 2016) | Aviron Bayonnais (2016 - 2027)
TOP14,MHR,Noham MAKHLOUFI,https://www.allrugby.com/joueurs/noham-makhloufi-23537.html,,,,,,,2027-06-30,Montpellier Hérault Rugby (2022 - 2027)
TOP14,MHR,Adrian DE KLERK,https://www.allrugby.com/joueurs/adrian-de-klerk-20322.html,,,,,,,2027-06-30,Montpellier Hérault Rugby (2025 - 2027)
TOP14,MHR,Antonio RATAVO,https://www.allrugby.com/joueurs/ratu-ratavo-20983.html,1,0,12,,,,2027-06-30,USON Nevers Rugby (2021 - 2023) | ASM Clermont Auvergne (2023 - 2025) | Montpellier Hérault Rugby (2025 - 2027)
TOP14,MHR,Matéo GUÉRIN,https://www.allrugby.com/joueurs/mateo-guerin-17618.html,,,,,,,,Stade Bordelais (2021 - 2023) | Aviron Bayonnais (2023 - 2024) | US Dax Rugby Landes (2024 - 2026)
TOP14,MHR,Peïo DOSPITAL,https://www.allrugby.com/joueurs/peio-dospital-21295.html,,,,,,,,Aviron Bayonnais (2022 - 2025) | Biarritz Olympique Pays Basque (2025 - 2026)
TOP14,MHR,Denver BRADFORD,https://www.allrugby.com/joueurs/denver-bradford-23539.html,,,,,,,2027-06-30,Montpellier Hérault Rugby (2026 - 2027)
TOP14,MHR,Isoa BAKEIDAKU,https://www.allrugby.com/joueurs/isoa-bakeidaku-21385.html,,,,,,,2027-06-30,Montpellier Hérault Rugby (2025 - 2027)
TOP14,MHR,Maël PERRIN,https://www.allrugby.com/joueurs/mael-perrin-16346.html,22,18,1224,2,,,2024-06-30,Montpellier Hérault Rugby (2021 - 2024) | Stade Aurillacois Cantal Auvergne (2024 - 2026) | Montpellier Hérault Rugby (2026 - 2027)
TOP14,MHR,Nikoloz CHKHORTOLIA,https://www.allrugby.com/joueurs/nikoloz-chkhortolia-18107.html,5,2,202,,,,2027-06-30,Montpellier Hérault Rugby (2024 - 2027)
TOP14,MHR,Sacha JONCART,https://www.allrugby.com/joueurs/sacha-joncart-20984.html,,,,,,,2027-06-30,Valence Romans Drôme Rugby (2016 - 2025) | Montpellier Hérault Rugby (2025 - 2027)
TOP14,MHR,Sandro GABUNIA,https://www.allrugby.com/joueurs/sandro-gabunia-22085.html,,,,,,,2027-06-30,Montpellier Hérault Rugby (2025 - 2027)
TOP14,MHR,Rafaël CAYUELA,https://www.allrugby.com/joueurs/rafael-cayuela-21054.html,,,,,,,,Aviron Bayonnais (2019 - 2024) | Stado Tarbes Pyrénées Rugby (2024 - 2026)
TOP14,MHR,Djibril SISSAKO,https://www.allrugby.com/joueurs/djibril-sissako-21387.html,1,0,14,,,,2027-06-30,Stade Français Paris Rugby (2017 - 2024) | Montpellier Hérault Rugby (2024 - 2027)
TOP14,MHR,Hector DARBES,https://www.allrugby.com/joueurs/hector-darbes-23538.html,,,,,,,2027-06-30,Montpellier Hérault Rugby (2022 - 2027)
TOP14,MHR,Jason ILIMOTAMA,https://www.allrugby.com/joueurs/jason-ilimotama-21386.html,,,,,,,2027-06-30,Montpellier Hérault Rugby (2025 - 2027)
TOP14,MHR,Yonn RAMOND,https://www.allrugby.com/joueurs/yonn-ramond-21382.html,,,,,,,,Aviron Bayonnais (2023 - 2025) | Rugby Club de Saint-Médard en Jalles (2025 - 2026)
TOP14,MHR,Louis GALLENI,https://www.allrugby.com/joueurs/louis-galleni-21388.html,,,,,,,2027-06-30,Montpellier Hérault Rugby (2018 - 2027)
TOP14,MHR,Paolo AGNESE,https://www.allrugby.com/joueurs/paolo-agnese-23543.html,,,,,,,2027-06-30,Montpellier Hérault Rugby (2018 - 2027)
TOP14,MHR,Hugo AFONSO,https://www.allrugby.com/joueurs/hugo-afonso-17608.html,,,,,,,,Aviron Bayonnais (2015 - 2024) | Saint Jean-de-Luz Olympique Rugby (2024 - 2025)
TOP14,MHR,Raphaël AUDEBERT,https://www.allrugby.com/joueurs/raphael-audebert-20638.html,5,5,291,3,,,2027-06-30,ASM Clermont Auvergne (2018 - 2025) | Montpellier Hérault Rugby (2025 - 2027)
TOP14,MHR,Solomon SHAND,https://www.allrugby.com/joueurs/solomon-shand-18109.html,2,0,75,,,,2027-06-30,Montpellier Hérault Rugby (2024 - 2027)
TOP14,MHR,Jokin DUHALT,https://www.allrugby.com/joueurs/jokin-duhalt-22601.html,,,,,,,,Aviron Bayonnais (2022 - 2026)
TOP14,MHR,Flavien LARUELLE,https://www.allrugby.com/joueurs/flavien-laruelle-23536.html,,,,,,,2027-06-30,Montpellier Hérault Rugby (2024 - 2027)
TOP14,MHR,Gabin PUJO,https://www.allrugby.com/joueurs/gabin-pujo-21335.html,,,,,,,2027-06-30,Sporting Union Agenais (2022 - 2026) | Montpellier Hérault Rugby (2026 - 2027)
TOP14,MHR,Mathéo FUTHAZAR,https://www.allrugby.com/joueurs/matheo-futhazar-23117.html,,,,,,,,Aviron Bayonnais (2022 - 2026) | Association Sportive Béziers Hérault (2026 - 2027)
TOP14,MHR,Tom BARAER,https://www.allrugby.com/joueurs/tom-baraer-18110.html,3,1,56,,,,2027-06-30,Montpellier Hérault Rugby (2022 - 2027)
TOP14,MHR,Max BRU,https://www.allrugby.com/joueurs/max-bru-18004.html,,,,,,,,Aviron Bayonnais (2018 - 2024) | Anglet Olympique Rugby Club (2024 - 2025)
TOP14,MHR,Bertrand MISTRI,https://www.allrugby.com/joueurs/bertrand-mistri-23581.html,,,,,,,2027-06-30,US Coarraze-Nay Rugby (2019 - 2023) | Montpellier Hérault Rugby (2023 - 2027)
TOP14,MHR,Malo POULON,https://www.allrugby.com/joueurs/malo-poulon-23534.html,,,,,,,2027-06-30,Montpellier Hérault Rugby (2024 - 2027)
TOP14,MHR,Sandro DUBOIS,https://www.allrugby.com/joueurs/sandro-dubois-21389.html,,,,,,,2027-06-30,Montpellier Hérault Rugby (2022 - 2027)
TOP14,MHR,Yon CAPÉRAÀ,https://www.allrugby.com/joueurs/yon-caperaa-20327.html,,,,,,,,Aviron Bayonnais (2022 - 2025) | Section Paloise Béarn Pyrénées (2025 - 2027)
TOP14,MHR,Joan NOTOLAN,https://www.allrugby.com/joueurs/joan-notolan-18111.html,,,,,,,2027-06-30,Montpellier Hérault Rugby (2017 - 2027)
TOP14,MHR,Aiden STAIT,https://www.allrugby.com/joueurs/aiden-stait-16308.html,,,,,,,,Aviron Bayonnais (2023 - 2026)
TOP14,MHR,Michele NEGRI,https://www.allrugby.com/joueurs/michele-negri-23541.html,,,,,,,2027-06-30,Montpellier Hérault Rugby (2025 - 2027)
TOP14,MHR,Miracle TANGATA,https://www.allrugby.com/joueurs/miracle-tangata-15043.html,1,0,12,,,,2027-06-30,Lyon Olympique Universitaire Rugby (2023 - 2025) | Montpellier Hérault Rugby (2025 - 2027)
TOP14,MHR,Poama RIRICA,https://www.allrugby.com/joueurs/poama-ririca-23540.html,,,,,,,2027-06-30,Montpellier Hérault Rugby (2026 - 2027)
TOP14,MHR,Simon PEYTAVIN,https://www.allrugby.com/joueurs/simon-peytavin-22599.html,,,,,,,2027-06-30,Racing Club Narbonnais (2023 - 2026) | Montpellier Hérault Rugby (2026 - 2027)
TOP14,MHR,Dylan INDABURU,https://www.allrugby.com/joueurs/dylan-indaburu-17616.html,,,,,,,,Section Paloise Béarn Pyrénées (2017 - 2019) | Avenir Bizanos (2021 - 2023) | Aviron Bayonnais (2023 - 2024)
TOP14,MHR,Souheib BENABDELKADER,https://www.allrugby.com/joueurs/souheib-benabdelkader-19249.html,,,,,,,2027-06-30,Montpellier Hérault Rugby (2021 - 2027)
TOP14,MHR,Thomas NICOULEAU,https://www.allrugby.com/joueurs/thomas-nicouleau-20349.html,,,,,,,2027-06-30,Montpellier Hérault Rugby (2026 - 2027)
TOP14,MHR,Hugo LECLERQ,https://www.allrugby.com/joueurs/hugo-leclerq-23766.html,,,,,,,,AS Sain-Martin-de-Seignanx (2018 - 2022) | Aviron Bayonnais (2022 - 2027)
TOP14,MHR,Ignacio VALDES-LEIVA,https://www.allrugby.com/joueurs/ignacio-valdes-leiva-20319.html,,,,,,,,Nissa Rugby (2017 - 2019) | Aviron Bayonnais (2019 - 2027)
TOP14,MHR,Jules DERRE,https://www.allrugby.com/joueurs/jules-derre-22752.html,,,,,,,,US Vicquoise (2018 - 2020) | Stado Tarbes Pyrénées Rugby (2020 - 2022) | Aviron Bayonnais (2022 - 2026)
TOP14,MHR,Matt LEFEUVRE,https://www.allrugby.com/joueurs/matt-lefeuvre-23535.html,,,,,,,2027-06-30,Montpellier Hérault Rugby (2022 - 2027)
TOP14,MHR,Jules MARTIN-BONNARD,https://www.allrugby.com/joueurs/jules-martin-bonnard-20849.html,,,,,,,,Aviron Bayonnais (2023 - 2026) | Stade Toulousain (2026 - 2027)
TOP14,MHR,Rupeni Junior CAUCAUNIBUCA,https://www.allrugby.com/joueurs/rupeni-junior-caucaunibuca-20690.html,,,,,,,2027-06-30,Montpellier Hérault Rugby (2025 - 2027)
TOP14,MHR,Sacha CODORNIOU,https://www.allrugby.com/joueurs/sacha-codorniou-23533.html,,,,,,,2027-06-30,Racing Club Narbonnais (2020 - 2024) | Montpellier Hérault Rugby (2024 - 2027)
TOP14,MHR,Apisalome RATUNIYARAWA,https://www.allrugby.com/joueurs/apisalome-ratuniyarawa-1787.html,1,0,13,,,,,Northampton Saints (2017 - 2022) | London Irish (2022 - 2023) | Aviron Bayonnais (2023 - 2024)
TOP14,CAS,Alex BURIN,https://www.allrugby.com/joueurs/alex-burin-7289.html,24,17,1067,1,,,2027-06-30,Sporting Union Agenais (2017 - 2026) | Castres Olympique (2026 - 2027)
TOP14,CAS,Levan CHILACHAVA,https://www.allrugby.com/joueurs/levan-chilachava-1300.html,10,2,226,,,,2020-06-30,Castres Olympique (2020 - 2020) | Montpellier Hérault Rugby (2021 - 2021) | Castres Olympique (2021 - 2027)
TOP14,CAS,Luke TAGI,https://www.allrugby.com/joueurs/luke-tagi-8934.html,12,7,466,,,,,Provence Rugby (2021 - 2023) | Aviron Bayonnais (2023 - 2027)
TOP14,CAS,Loîs GUÉROIS-GALISSON,https://www.allrugby.com/joueurs/lois-guerois-galisson-13782.html,2,1,70,,,,2027-06-30,Rugby Club Auch (2019 - 2022) | Castres Olympique (2022 - 2027)
TOP14,CAS,Martin VILLAR,https://www.allrugby.com/joueurs/martin-villar-15092.html,6,1,168,1,,,,Stade Montois Rugby Pro (2025 - 2025) | Aviron Bayonnais (2025 - 2025) | Oyonnax Rugby (2025 - 2027)
TOP14,CAS,Nicolas CORATO,https://www.allrugby.com/joueurs/nicolas-corato-5181.html,2,0,91,,,,2027-06-30,Section Paloise Béarn Pyrénées (2017 - 2024) | Castres Olympique (2024 - 2027)
TOP14,CAS,Quentin WALCKER,https://www.allrugby.com/joueurs/quentin-walcker-4339.html,2,1,90,,,,2027-06-30,Union Sportive Arlequins Perpignanais (2009 - 2021) | Castres Olympique (2021 - 2027)
TOP14,CAS,Matis PERCHAUD,https://www.allrugby.com/joueurs/matis-perchaud-10981.html,2,1,121,,,,,Aviron Bayonnais (2017 - 2024) | Union Bordeaux-Bègles (2024 - 2027)
TOP14,CAS,Will COLLIER,https://www.allrugby.com/joueurs/will-collier-2650.html,2,2,69,,,,2027-06-30,Castres Olympique (2024 - 2027)
TOP14,CAS,Pascal COTET,https://www.allrugby.com/joueurs/pascal-cotet-1906.html,2,2,102,,,,,Racing Club Narbonnais (2018 - 2022) | Aviron Bayonnais (2022 - 2026) | Provence Rugby (2026 - 2027)
TOP14,CAS,Loris ZARANTONELLO,https://www.allrugby.com/joueurs/loris-zarantonello-7669.html,2,0,40,,,,2027-06-30,Sporting Union Agenais (2019 - 2023) | Castres Olympique (2023 - 2027)
TOP14,CAS,Pierre CASTILLON,https://www.allrugby.com/joueurs/pierre-castillon-17309.html,6,0,147,,,,,Aviron Bayonnais (2018 - 2027)
TOP14,CAS,Pierre COLONNA,https://www.allrugby.com/joueurs/pierre-colonna-9065.html,14,3,462,3,,,2027-06-30,Stade Toulousain (2016 - 2017) | Castres Olympique (2017 - 2027)
TOP14,CAS,Pieter SCHOLTZ,https://www.allrugby.com/joueurs/pieter-scholtz-6324.html,17,10,742,1,,,,Wasps (2021 - 2022) | Aviron Bayonnais (2022 - 2025) | Mitsubishi Sagamihara Dynaboars (2025 - 2026)
TOP14,CAS,Teddy DURAND,https://www.allrugby.com/joueurs/teddy-durand-6216.html,2,2,110,1,,,2027-06-30,Oyonnax Rugby (2018 - 2025) | Castres Olympique (2025 - 2027)
TOP14,CAS,Quentin BÉTHUNE,https://www.allrugby.com/joueurs/quentin-bethune-3326.html,8,2,201,,,,,Stade Français Paris Rugby (2019 - 2022) | Aviron Bayonnais (2022 - 2025)
TOP14,CAS,Chris GABRIEL,https://www.allrugby.com/joueurs/chris-gabriel-15046.html,19,16,1118,1,,,2027-06-30,ASM Clermont Auvergne (2024 - 2024) | USON Nevers Rugby (2024 - 2026) | Castres Olympique (2026 - 2027)
TOP14,CAS,Florent VANVERBERGHE,https://www.allrugby.com/joueurs/florent-vanverberghe-6992.html,2,2,110,1,,,2027-06-30,Castres Olympique (2020 - 2027)
TOP14,CAS,Gauthier MARAVAT,https://www.allrugby.com/joueurs/gauthier-maravat-6978.html,2,2,127,,,,2027-06-30,Castres Olympique (2022 - 2027)
TOP14,CAS,Guillaume DUCAT,https://www.allrugby.com/joueurs/guillaume-ducat-3607.html,1,0,33,,,,2027-06-30,Section Paloise Béarn Pyrénées (2021 - 2024) | Castres Olympique (2024 - 2027)
TOP14,CAS,Swan CORMENIER,https://www.allrugby.com/joueurs/swan-cormenier-5203.html,1,0,35,,,,,Sporting Club Albigeois (2017 - 2019) | Aviron Bayonnais (2019 - 2027)
TOP14,CAS,Tevita TATAFU,https://www.allrugby.com/joueurs/tevita-tatafu-11206.html,2,1,75,1,,,,Aviron Bayonnais (2019 - 2027)
TOP14,CAS,Tom STANIFORTH,https://www.allrugby.com/joueurs/thomas-staniforth-6723.html,1,0,33,,,,2027-06-30,New South Wales Waratahs (2017 - 2020) | Castres Olympique (2020 - 2027)
TOP14,CAS,Abraham PAPALI'I,https://www.allrugby.com/joueurs/abraham-papali-i-10414.html,1,0,17,,,,2027-06-30,Connacht Rugby (2020 - 2022) | CA Brive Corrèze Limousin (2022 - 2023) | Castres Olympique (2023 - 2027)
TOP14,CAS,Baptiste COPE,https://www.allrugby.com/joueurs/baptiste-cope-11125.html,15,7,545,1,,,2027-06-30,Castres Olympique (2020 - 2027)
TOP14,CAS,Facundo BOSCH,https://www.allrugby.com/joueurs/facundo-bosch-5142.html,20,15,867,2,,,,Stade Rochelais (2019 - 2022) | Aviron Bayonnais (2022 - 2027)
TOP14,CAS,Baptiste DELAPORTE,https://www.allrugby.com/joueurs/baptiste-delaporte-5540.html,2,2,160,,,,2027-06-30,Sor Agout XV (2010 - 2011) | Castres Olympique (2011 - 2027)
TOP14,CAS,Dalton PAPALI'I,https://www.allrugby.com/joueurs/dalton-papali-i-6861.html,9,9,595,3,,,2027-06-30,Counties Manukau Steelers (2025 - 2025) | Blues (2025 - 2026) | Castres Olympique (2026 - 2027)
TOP14,CAS,Feibyan TUKINO,https://www.allrugby.com/joueurs/feibyan-cornell-tukino-10742.html,1,0,23,,,,2027-06-30,FC Grenoble Rugby (2018 - 2021) | Castres Olympique (2021 - 2027)
TOP14,CAS,Hamish WATSON,https://www.allrugby.com/joueurs/hamish-watson-3055.html,2,2,137,1,,,2027-06-30,Edimbourg Rugby (2026 - 2026) | Leicester Tigers (2026 - 2026) | Castres Olympique (2026 - 2027)
TOP14,CAS,Louis ORTOLAN,https://www.allrugby.com/joueurs/louis-ortolan-12322.html,2,0,16,,,,,Aviron Bayonnais (2017 - 2024)
TOP14,CAS,Kyllian RINGUET,https://www.allrugby.com/joueurs/kyllian-ringuet-12276.html,2,2,133,1,,,2027-06-30,Union Sportive Montalbanaise (2017 - 2026) | Castres Olympique (2026 - 2027)
TOP14,CAS,Mathieu BABILLOT,https://www.allrugby.com/joueurs/mathieu-babillot-1353.html,1,0,27,,,,2027-06-30,Castres Olympique (2002 - 2027)
TOP14,CAS,Thomas ACQUIER,https://www.allrugby.com/joueurs/thomas-acquier-1418.html,13,2,394,2,,,,CA Brive Corrèze Limousin (2014 - 2022) | Aviron Bayonnais (2022 - 2024) | US Tyrosse (2024 - 2026)
TOP14,CAS,Vincent GIUDICELLI,https://www.allrugby.com/joueurs/vincent-giudicelli-4847.html,2,1,88,2,,,,Montpellier Hérault Rugby (2017 - 2023) | Aviron Bayonnais (2023 - 2026) | Provence Rugby (2026 - 2027)
TOP14,CAS,Simon MEKA,https://www.allrugby.com/joueurs/simon-meka-11123.html,3,1,151,1,,,2024-06-30,Castres Olympique (2024 - 2024) | Sporting Club Albigeois (2025 - 2025) | Castres Olympique (2025 - 2027)
TOP14,CAS,Veresa Tuqovu RAMOTOTABUA,https://www.allrugby.com/joueurs/veresa-tuqovu-8000.html,13,9,594,4,,,2027-06-30,Stade Montois Rugby Pro (2023 - 2024) | Oyonnax Rugby (2024 - 2025) | Castres Olympique (2025 - 2027)
TOP14,CAS,Gauthier DOUBRÈRE,https://www.allrugby.com/joueurs/gauthier-doubrere-3460.html,13,2,317,,,,2027-06-30,Biarritz Olympique Pays Basque (2018 - 2021) | Stade Montois Rugby Pro (2021 - 2022) | Castres Olympique (2022 - 2027)
TOP14,CAS,Jérémy FERNANDEZ,https://www.allrugby.com/joueurs/jeremy-fernandez-5558.html,2,0,45,,,,2027-06-30,Aviron Castrais (2004 - 2009) | Castres Olympique (2009 - 2027)
TOP14,CAS,Denis MARCHOIS,https://www.allrugby.com/joueurs/denis-marchois-3589.html,14,7,654,1,,,,Section Paloise Béarn Pyrénées (2019 - 2021) | Aviron Bayonnais (2021 - 2025) | Sporting Union Agenais (2025 - 2027)
TOP14,CAS,Santiago ARATA,https://www.allrugby.com/joueurs/santiago-arata-7245.html,2,2,115,1,,,2027-06-30,Club Atlético Peñarol (2019 - 2020) | Castres Olympique (2020 - 2027)
TOP14,CAS,Louis LE BRUN,https://www.allrugby.com/joueurs/louis-le-brun-9719.html,2,2,124,,,,2027-06-30,Rugby Club Toulonnais (2015 - 2020) | Castres Olympique (2020 - 2027)
TOP14,CAS,Théo VIDAL,https://www.allrugby.com/joueurs/theo-vidal-10007.html,2,0,36,,,,2027-06-30,Sporting Club Albigeois (2020 - 2026) | Castres Olympique (2026 - 2027)
TOP14,CAS,Adrea COCAGI,https://www.allrugby.com/joueurs/adrea-cocagi-1938.html,2,1,108,1,,,2027-06-30,Union Sportive Arlequins Perpignanais (2016 - 2020) | Castres Olympique (2020 - 2027)
TOP14,CAS,Jack GOODHUE,https://www.allrugby.com/joueurs/jack-goodhue-6033.html,2,2,160,1,,,2027-06-30,Crusaders (2023 - 2023) | Northland Taniwha (2023 - 2023) | Castres Olympique (2023 - 2027)
TOP14,CAS,Konstantine MIKAUTADZE,https://www.allrugby.com/joueurs/konstantine-mikautadze-1279.html,2,1,84,,,,,Montpellier Hérault Rugby (2016 - 2020) | Aviron Bayonnais (2020 - 2024) | CA Brive Corrèze Limousin (2024 - 2027)
TOP14,CAS,Lucas PAULOS,https://www.allrugby.com/joueurs/lucas-paulos-7501.html,2,2,102,,,,,Jaguares (2018 - 2020) | CA Brive Corrèze Limousin (2020 - 2023) | Aviron Bayonnais (2023 - 2027)
TOP14,CAS,Taylor GONTINEAC,https://www.allrugby.com/joueurs/taylor-gontineac-9301.html,1,1,52,,,,2027-06-30,Rouen Normandie Rugby (2021 - 2024) | Association Sportive Béziers Hérault (2024 - 2026) | Castres Olympique (2026 - 2027)
TOP14,CAS,Manuel LEINDEKAR,https://www.allrugby.com/joueurs/manuel-leindekar-5612.html,2,2,160,,,,,Oyonnax Rugby (2024 - 2026) | FC Grenoble Rugby (2026 - 2027)
TOP14,CAS,Vilimoni BOTITU,https://www.allrugby.com/joueurs/vilimoni-botitu-9866.html,18,14,1103,6,,,2027-06-30,Castres Olympique (2020 - 2027)
TOP14,CAS,Adam VARGAS,https://www.allrugby.com/joueurs/adam-vargas-10491.html,1,1,80,,,,2027-06-30,Valence Romans Drôme Rugby (2021 - 2025) | Castres Olympique (2025 - 2027)
TOP14,CAS,Christian AMBADIANG,https://www.allrugby.com/joueurs/christian-ambadiang-11122.html,1,1,70,,,,2027-06-30,USON Nevers Rugby (2020 - 2024) | Castres Olympique (2024 - 2027)
TOP14,CAS,Thomas CEYTE,https://www.allrugby.com/joueurs/thomas-ceyte-3465.html,1,1,80,,,,,USON Nevers Rugby (2017 - 2022) | Aviron Bayonnais (2022 - 2024) | ASM Clermont Auvergne (2024 - 2027)
TOP14,CAS,Geoffrey PALIS,https://www.allrugby.com/joueurs/geoffrey-palis-1351.html,16,9,817,2,,,2027-06-30,Castres Olympique (2013 - 2027)
TOP14,CAS,Rémy BAGET,https://www.allrugby.com/joueurs/remy-baget-6055.html,2,2,160,,,,2027-06-30,Aviron Bayonnais (2018 - 2024) | Castres Olympique (2024 - 2027)
TOP14,CAS,Vuate KARAWALEVU,https://www.allrugby.com/joueurs/vuate-karawalevu-15858.html,12,11,774,1,,,2027-06-30,New South Wales Waratahs (2023 - 2024) | Fijian Drua (2024 - 2025) | Castres Olympique (2025 - 2027)
TOP14,CAS,Arthur ITURRIA,https://www.allrugby.com/joueurs/arthur-iturria-3366.html,19,17,1114,2,,,,ASM Clermont Auvergne (2012 - 2023) | Aviron Bayonnais (2023 - 2027)
TOP14,CAS,Théo CHABOUNI,https://www.allrugby.com/joueurs/theo-chabouni-13646.html,2,2,160,,,,2027-06-30,Provence Rugby (2016 - 2021) | Castres Olympique (2021 - 2027)
TOP14,CAS,Atunaisa SOKOBALE,https://www.allrugby.com/joueurs/atunaisa-sokobale-18206.html,3,0,65,,,,2027-06-30,Castres Olympique (2023 - 2027)
TOP14,CAS,Badri TSIKHISTAVI,https://www.allrugby.com/joueurs/badri-tsikhistavi-13791.html,4,1,91,,,,,Black Lion (2025 - 2026) | Stade Olympique Chambéry (2026 - 2027)
TOP14,CAS,Constans DAVILLÉ,https://www.allrugby.com/joueurs/constans-daville-23505.html,,,,,,,2027-06-30,Castres Olympique (2022 - 2027)
TOP14,CAS,Elyan DUTHIL,https://www.allrugby.com/joueurs/elyan-duthil-21463.html,,,,,,,2027-06-30,Sporting Union Agenais (2021 - 2025) | Castres Olympique (2025 - 2027)
TOP14,CAS,Benjamin LAHET,https://www.allrugby.com/joueurs/benjamin-lahet-13667.html,,,,,,,,Aviron Bayonnais (2018 - 2025) | Capbreton Hossegor Rugby (2025 - 2026)
TOP14,CAS,Gabin ISSALY,https://www.allrugby.com/joueurs/gabin-issaly-21205.html,,,,,,,2027-06-30,ASM Clermont Auvergne (2022 - 2025) | Castres Olympique (2025 - 2027)
TOP14,CAS,Gabin WATERLOT,https://www.allrugby.com/joueurs/gabin-waterlot-18845.html,,,,,,,2027-06-30,Racing Club Narbonnais (2021 - 2024) | Castres Olympique (2024 - 2027)
TOP14,CAS,Imanol THICOÏPE,https://www.allrugby.com/joueurs/imanol-thicoipe-17615.html,,,,,,,,Aviron Bayonnais (2011 - 2024)
TOP14,CAS,Giorgi TURASHVILI,https://www.allrugby.com/joueurs/giorgi-turashvili-21180.html,4,3,223,,,,2027-06-30,Castres Olympique (2025 - 2027)
TOP14,CAS,Jean FORESTIER,https://www.allrugby.com/joueurs/jean-forestier-23485.html,,,,,,,2027-06-30,Racing Club Narbonnais (2019 - 2023) | Castres Olympique (2023 - 2027)
TOP14,CAS,Lucas OFFICIAL,https://www.allrugby.com/joueurs/lucas-official-22806.html,2,0,44,,,,,AS Urruñarrak (2015 - 2016) | Aviron Bayonnais (2016 - 2027)
TOP14,CAS,Kingbenjamin SWERLING-FINAIPEPE,https://www.allrugby.com/joueurs/kingbenjamin-swerling-finaipepe-21211.html,4,1,149,1,,,2027-06-30,Université du Queensland (2024 - 2025) | Castres Olympique (2025 - 2027)
TOP14,CAS,Maël TURPIN,https://www.allrugby.com/joueurs/mael-turpin-20182.html,6,0,138,,,,2027-06-30,Stade Montois Rugby Pro (2023 - 2026) | Castres Olympique (2026 - 2027)
TOP14,CAS,Moussa TAALEB,https://www.allrugby.com/joueurs/moussa-taaleb-23510.html,,,,,,,2027-06-30,Castres Olympique (2023 - 2027)
TOP14,CAS,Matéo GUÉRIN,https://www.allrugby.com/joueurs/mateo-guerin-17618.html,,,,,,,,Stade Bordelais (2021 - 2023) | Aviron Bayonnais (2023 - 2024) | US Dax Rugby Landes (2024 - 2026)
TOP14,CAS,Tom DELACOTE,https://www.allrugby.com/joueurs/tom-delacote-23506.html,,,,,,,2027-06-30,Castres Olympique (2023 - 2027)
TOP14,CAS,Yanick TOMO ENGOUANG NZE,https://www.allrugby.com/joueurs/yanick-tomo-engouang-nze-23518.html,,,,,,,2027-06-30,Castres Olympique (2021 - 2027)
TOP14,CAS,Achille STOESSEL,https://www.allrugby.com/joueurs/achille-stoessel-17304.html,4,0,111,2,,,2027-06-30,Stade Français Paris Rugby (2026 - 2026) | Rugby Club Massy Essonne (2026 - 2026) | Castres Olympique (2026 - 2027)
TOP14,CAS,Enzo SAINT-CYR AGUILAR,https://www.allrugby.com/joueurs/enzo-saint-cyr-aguilar-21430.html,,,,,,,2027-06-30,Stade Toulousain (2021 - 2025) | Castres Olympique (2025 - 2027)
TOP14,CAS,Peïo DOSPITAL,https://www.allrugby.com/joueurs/peio-dospital-21295.html,,,,,,,,Aviron Bayonnais (2022 - 2025) | Biarritz Olympique Pays Basque (2025 - 2026)
TOP14,CAS,Lukas MITU,https://www.allrugby.com/joueurs/lukas-mitu-17300.html,2,0,35,,,,2027-06-30,Union Sportive Montalbanaise (2017 - 2021) | Castres Olympique (2021 - 2027)
TOP14,CAS,Mateo ALQUIER,https://www.allrugby.com/joueurs/mateo-alquier-23504.html,,,,,,,2027-06-30,Castres Olympique (2017 - 2027)
TOP14,CAS,Sesoni TAMANI,https://www.allrugby.com/joueurs/sesoni-tamani-23511.html,,,,,,,2027-06-30,Castres Olympique (2025 - 2027)
TOP14,CAS,Rafaël CAYUELA,https://www.allrugby.com/joueurs/rafael-cayuela-21054.html,,,,,,,,Aviron Bayonnais (2019 - 2024) | Stado Tarbes Pyrénées Rugby (2024 - 2026)
TOP14,CAS,Martin ROULON,https://www.allrugby.com/joueurs/martin-roulon-20591.html,,,,,,,2027-06-30,Sporting Union Agenais (2022 - 2025) | Castres Olympique (2025 - 2027)
TOP14,CAS,Milo SELME DE MONDINI,https://www.allrugby.com/joueurs/milo-selme-de-mondini-23517.html,,,,,,,2027-06-30,Castres Olympique (2024 - 2027)
TOP14,CAS,Nolhan CASSEZ,https://www.allrugby.com/joueurs/nolhan-cassez-18236.html,,,,,,,2027-06-30,ABCD XV (2023 - 2024) | Castres Olympique (2024 - 2027)
TOP14,CAS,Yonn RAMOND,https://www.allrugby.com/joueurs/yonn-ramond-21382.html,,,,,,,,Aviron Bayonnais (2023 - 2025) | Rugby Club de Saint-Médard en Jalles (2025 - 2026)
TOP14,CAS,Hugo AFONSO,https://www.allrugby.com/joueurs/hugo-afonso-17608.html,,,,,,,,Aviron Bayonnais (2015 - 2024) | Saint Jean-de-Luz Olympique Rugby (2024 - 2025)
TOP14,CAS,Gabriel ROLLAND,https://www.allrugby.com/joueurs/gabriel-rolland-23515.html,,,,,,,2027-06-30,Aviron Castrais (2024 - 2025) | Castres Olympique (2025 - 2027)
TOP14,CAS,Jokin DUHALT,https://www.allrugby.com/joueurs/jokin-duhalt-22601.html,,,,,,,,Aviron Bayonnais (2022 - 2026)
TOP14,CAS,Josua NADREDRE,https://www.allrugby.com/joueurs/josua-nadredre-23512.html,,,,,,,2027-06-30,Castres Olympique (2025 - 2027)
TOP14,CAS,Kérian EL BAHRAOUI-MISSONNIER,https://www.allrugby.com/joueurs/kerian-el-bahraoui-missonnier-21208.html,,,,,,,2027-06-30,Etoile Sportive Saint-Jean XV (2018 - 2019) | Castres Olympique (2019 - 2027)
TOP14,CAS,Mathéo FUTHAZAR,https://www.allrugby.com/joueurs/matheo-futhazar-23117.html,,,,,,,,Aviron Bayonnais (2022 - 2026) | Association Sportive Béziers Hérault (2026 - 2027)
TOP14,CAS,Louis GERBET,https://www.allrugby.com/joueurs/louis-gerbet-23177.html,,,,,,,2027-06-30,Castres Olympique (2021 - 2027)
TOP14,CAS,Marius AUDEMAR-GHION,https://www.allrugby.com/joueurs/marius-audemar-ghion-21207.html,,,,,,,2027-06-30,Castres Olympique (2022 - 2027)
TOP14,CAS,Max BRU,https://www.allrugby.com/joueurs/max-bru-18004.html,,,,,,,,Aviron Bayonnais (2018 - 2024) | Anglet Olympique Rugby Club (2024 - 2025)
TOP14,CAS,Mathias BONAL,https://www.allrugby.com/joueurs/mathias-bonal-23513.html,,,,,,,2027-06-30,Castres Olympique (2022 - 2027)
TOP14,CAS,Naël SALHI,https://www.allrugby.com/joueurs/nael-salhi-21210.html,,,,,,,2027-06-30,Castres Olympique (2022 - 2027)
TOP14,CAS,Rémi LOOP,https://www.allrugby.com/joueurs/remi-loop-15737.html,,,,,,,2027-06-30,Castres Olympique (2023 - 2027)
TOP14,CAS,Robin BOYER,https://www.allrugby.com/joueurs/robin-boyer-18250.html,,,,,,,2027-06-30,Castres Olympique (2019 - 2027)
TOP14,CAS,Yon CAPÉRAÀ,https://www.allrugby.com/joueurs/yon-caperaa-20327.html,,,,,,,,Aviron Bayonnais (2022 - 2025) | Section Paloise Béarn Pyrénées (2025 - 2027)
TOP14,CAS,Timothé VALET,https://www.allrugby.com/joueurs/timothe-valet-23483.html,,,,,,,2027-06-30,Saint-Sulpice-la-Pointe (2015 - 2021) | Castres Olympique (2021 - 2027)
TOP14,CAS,Aiden STAIT,https://www.allrugby.com/joueurs/aiden-stait-16308.html,,,,,,,,Aviron Bayonnais (2023 - 2026)
TOP14,CAS,Byron CONTIVAL,https://www.allrugby.com/joueurs/byron-contival-22571.html,,,,,,,2027-06-30,Stade Toulousain (2016 - 2026) | Castres Olympique (2026 - 2027)
TOP14,CAS,Colin DUPUY,https://www.allrugby.com/joueurs/colin-dupuy-17322.html,3,0,41,2,,,2027-06-30,Union Athlétique Gaillacoise (2014 - 2022) | Castres Olympique (2022 - 2027)
TOP14,CAS,Romain CHABBAL,https://www.allrugby.com/joueurs/romain-chabbal-23514.html,,,,,,,2027-06-30,Castres Olympique (2015 - 2027)
TOP14,CAS,Dylan INDABURU,https://www.allrugby.com/joueurs/dylan-indaburu-17616.html,,,,,,,,Section Paloise Béarn Pyrénées (2017 - 2019) | Avenir Bizanos (2021 - 2023) | Aviron Bayonnais (2023 - 2024)
TOP14,CAS,Timéo GILLOUIN-LEMAIRE,https://www.allrugby.com/joueurs/timeo-gillouin-lemaire-21209.html,,,,,,,2027-06-30,Rugby Club Auch (2019 - 2022) | Castres Olympique (2022 - 2027)
TOP14,CAS,Louis BOTHOREL,https://www.allrugby.com/joueurs/louis-bothorel-18235.html,,,,,,,2027-06-30,Stade Français Paris Rugby (2017 - 2024) | Castres Olympique (2024 - 2027)
TOP14,CAS,Hugo LECLERQ,https://www.allrugby.com/joueurs/hugo-leclerq-23766.html,,,,,,,,AS Sain-Martin-de-Seignanx (2018 - 2022) | Aviron Bayonnais (2022 - 2027)
TOP14,CAS,Louka DELPAS,https://www.allrugby.com/joueurs/louka-delpas-23507.html,,,,,,,2027-06-30,Castres Olympique (2022 - 2027)
TOP14,CAS,Louka GUILHOT,https://www.allrugby.com/joueurs/louka-guilhot-15387.html,6,3,163,,,,2027-06-30,ASM Clermont Auvergne (2021 - 2025) | Castres Olympique (2025 - 2027)
TOP14,CAS,Ignacio VALDES-LEIVA,https://www.allrugby.com/joueurs/ignacio-valdes-leiva-20319.html,,,,,,,,Nissa Rugby (2017 - 2019) | Aviron Bayonnais (2019 - 2027)
TOP14,CAS,Aidan IONESCU,https://www.allrugby.com/joueurs/aidan-ionescu-23508.html,,,,,,,2027-06-30,Castres Olympique (2023 - 2027)
TOP14,CAS,Jules DERRE,https://www.allrugby.com/joueurs/jules-derre-22752.html,,,,,,,,US Vicquoise (2018 - 2020) | Stado Tarbes Pyrénées Rugby (2020 - 2022) | Aviron Bayonnais (2022 - 2026)
TOP14,CAS,Alfred MOUANDJO,https://www.allrugby.com/joueurs/alfred-mouandjo-18543.html,8,3,305,3,,,2027-06-30,Rugby Club Massy Essonne (2020 - 2025) | Castres Olympique (2025 - 2027)
TOP14,CAS,Florian VIVES,https://www.allrugby.com/joueurs/florian-vives-23491.html,,,,,,,2027-06-30,Union Sportive Arlequins Perpignanais (2018 - 2026) | Castres Olympique (2026 - 2027)
TOP14,CAS,Jules MARTIN-BONNARD,https://www.allrugby.com/joueurs/jules-martin-bonnard-20849.html,,,,,,,,Aviron Bayonnais (2023 - 2026) | Stade Toulousain (2026 - 2027)
TOP14,CAS,Jules COTTIER,https://www.allrugby.com/joueurs/jules-cottier-23212.html,,,,,,,2027-06-30,Stade Toulousain (2021 - 2024) | Castres Olympique (2024 - 2027)
TOP14,CAS,Lorenzo CALOGERO,https://www.allrugby.com/joueurs/lorenzo-calogero-23721.html,,,,,,,2027-06-30,Castres Olympique (2020 - 2027)
TOP14,CAS,Pierre OURTAUD-CREN,https://www.allrugby.com/joueurs/pierre-ourtaud-cren-18252.html,,,,,,,2027-06-30,Castres Olympique (2020 - 2027)
TOP14,CAS,Sam ULUINACEVA,https://www.allrugby.com/joueurs/samuela-uluinaceva-23410.html,,,,,,,2027-06-30,Castres Olympique (2026 - 2027)
TOP14,CAS,Gabin RODIER,https://www.allrugby.com/joueurs/gabin-rodier-23509.html,,,,,,,2027-06-30,Sporting Club Graulhétois (2018 - 2022) | Castres Olympique (2022 - 2027)
TOP14,CAS,Gautier SARRAUTE,https://www.allrugby.com/joueurs/gautier-sarraute-21206.html,,,,,,,2027-06-30,ASV Lavaur (2021 - 2022) | Castres Olympique (2022 - 2027)
TOP14,CAS,Txomin ITHURBIDE,https://www.allrugby.com/joueurs/txomin-ithurbide-20709.html,,,,,,,,Saint Jean-de-Luz Olympique Rugby (2025 - 2026)
TOP14,CAS,Lorenzo LAOUNA,https://www.allrugby.com/joueurs/lorenzo-laouna-22516.html,,,,,,,2027-06-30,FC Grenoble Rugby (2023 - 2026) | Castres Olympique (2026 - 2027)
TOP14,CAS,Ander ETCHEBARNE-SANCHEZ,https://www.allrugby.com/joueurs/ander-etchebarne-sanchez-20708.html,,,,,,,,Saint Jean-de-Luz Olympique Rugby (2025 - 2026)
TOP14,CAS,Axel NETH,https://www.allrugby.com/joueurs/axel-neth-22257.html,,,,,,,2027-06-30,ABCD XV (2024 - 2026) | Castres Olympique (2026 - 2027)
TOP14,CAS,Mathys FALGUÉRA,https://www.allrugby.com/joueurs/mathys-falguera-18846.html,,,,,,,2027-06-30,Castres Olympique (2022 - 2027)
TOP14,CAS,Apisalome RATUNIYARAWA,https://www.allrugby.com/joueurs/apisalome-ratuniyarawa-1787.html,1,0,13,,,,,Northampton Saints (2017 - 2022) | London Irish (2022 - 2023) | Aviron Bayonnais (2023 - 2024)
TOP14,CAS,Aitor HOURCADE,https://www.allrugby.com/joueurs/aitor-hourcade-11224.html,1,1,80,,,,,Biarritz Olympique Pays Basque (2024 - 2024) | Aviron Bayonnais (2025 - 2025) | Biarritz Olympique Pays Basque (2025 - 2027)
TOP14,PAU,Alexandre ETCHEBÉHÈRE,https://www.allrugby.com/joueurs/alexandre-etchebehere-14270.html,2,0,62,,,,2026-06-30,Section Paloise Béarn Pyrénées (2026 - 2026) | US Colomiers (2026 - 2026) | Section Paloise Béarn Pyrénées (2026 - 2027)
TOP14,PAU,Daniel BIBI BIZIWU,https://www.allrugby.com/joueurs/daniel-bibi-biziwu-6933.html,15,7,577,,,,2027-06-30,ASM Clermont Auvergne (2018 - 2024) | Section Paloise Béarn Pyrénées (2024 - 2027)
TOP14,PAU,Guram PAPIDZE,https://www.allrugby.com/joueurs/guram-papidze-5366.html,14,7,538,,,,2027-06-30,Stade Rochelais (2021 - 2022) | Section Paloise Béarn Pyrénées (2022 - 2027)
TOP14,PAU,Hugo PARROU,https://www.allrugby.com/joueurs/hugo-parrou-11500.html,8,2,251,,,,2027-06-30,Stado Tarbes Pyrénées Rugby (2016 - 2021) | Section Paloise Béarn Pyrénées (2021 - 2027)
TOP14,PAU,Jon ZABALA,https://www.allrugby.com/joueurs/jon-zabala-4407.html,1,0,28,,,,2027-06-30,Stado Tarbes Pyrénées Rugby (2020 - 2021) | Association Sportive Béziers Hérault (2021 - 2024) | Section Paloise Béarn Pyrénées (2024 - 2027)
TOP14,PAU,Joseph ADAM,https://www.allrugby.com/joueurs/joseph-adam-17816.html,1,0,24,,,,2027-06-30,Avenir Bizanos (2017 - 2020) | Section Paloise Béarn Pyrénées (2020 - 2027)
TOP14,PAU,Lekso KAULASHVILI,https://www.allrugby.com/joueurs/lekso-kaulashvili-2038.html,2,2,98,,,,2027-06-30,Union Bordeaux-Bègles (2018 - 2024) | Section Paloise Béarn Pyrénées (2024 - 2027)
TOP14,PAU,Luke TAGI,https://www.allrugby.com/joueurs/luke-tagi-8934.html,12,7,466,,,,,Provence Rugby (2021 - 2023) | Aviron Bayonnais (2023 - 2027)
TOP14,PAU,Martin VILLAR,https://www.allrugby.com/joueurs/martin-villar-15092.html,6,1,168,1,,,,Stade Montois Rugby Pro (2025 - 2025) | Aviron Bayonnais (2025 - 2025) | Oyonnax Rugby (2025 - 2027)
TOP14,PAU,Rémi SÉNÉCA,https://www.allrugby.com/joueurs/remi-seneca-5193.html,12,1,346,1,,,2027-06-30,Rugby Club Vannes (2017 - 2021) | Section Paloise Béarn Pyrénées (2021 - 2027)
TOP14,PAU,Siate TOKOLAHI,https://www.allrugby.com/joueurs/siate-tokolahi-6627.html,13,2,409,,,,2027-06-30,Southland Stags (2020 - 2020) | Highlanders (2020 - 2021) | Section Paloise Béarn Pyrénées (2021 - 2027)
TOP14,PAU,Thomas LACLAYAT,https://www.allrugby.com/joueurs/thomas-laclayat-5489.html,2,2,108,,,,2027-06-30,Oyonnax Rugby (2014 - 2023) | Racing 92 (2023 - 2025) | Section Paloise Béarn Pyrénées (2025 - 2027)
TOP14,PAU,Matis PERCHAUD,https://www.allrugby.com/joueurs/matis-perchaud-10981.html,2,1,121,,,,,Aviron Bayonnais (2017 - 2024) | Union Bordeaux-Bègles (2024 - 2027)
TOP14,PAU,Pascal COTET,https://www.allrugby.com/joueurs/pascal-cotet-1906.html,2,2,102,,,,,Racing Club Narbonnais (2018 - 2022) | Aviron Bayonnais (2022 - 2026) | Provence Rugby (2026 - 2027)
TOP14,PAU,Julián MONTOYA,https://www.allrugby.com/joueurs/julian-montoya-3866.html,1,1,58,1,,,2027-06-30,Leicester Tigers (2020 - 2025) | Section Paloise Béarn Pyrénées (2025 - 2027)
TOP14,PAU,Lucas REY,https://www.allrugby.com/joueurs/lucas-rey-4416.html,1,0,30,,,,2027-06-30,Section Paloise Béarn Pyrénées (2004 - 2027)
TOP14,PAU,Pierre CASTILLON,https://www.allrugby.com/joueurs/pierre-castillon-17309.html,6,0,147,,,,,Aviron Bayonnais (2018 - 2027)
TOP14,PAU,Youri DELHOMMEL,https://www.allrugby.com/joueurs/youri-delhommel-5534.html,2,1,72,1,,,2027-06-30,Rugby Club Massy Essonne (2019 - 2019) | Montpellier Hérault Rugby (2019 - 2021) | Section Paloise Béarn Pyrénées (2021 - 2027)
TOP14,PAU,Baptiste PESENTI,https://www.allrugby.com/joueurs/baptiste-pesenti-4430.html,2,2,114,,,,2027-06-30,Racing 92 (2021 - 2022) | Stade Français Paris Rugby (2022 - 2026) | Section Paloise Béarn Pyrénées (2026 - 2027)
TOP14,PAU,Hugo AURADOU,https://www.allrugby.com/joueurs/hugo-auradou-11782.html,1,1,80,2,,,2027-06-30,Stade Montois Rugby Pro (2014 - 2020) | Section Paloise Béarn Pyrénées (2020 - 2027)
TOP14,PAU,Pieter SCHOLTZ,https://www.allrugby.com/joueurs/pieter-scholtz-6324.html,17,10,742,1,,,,Wasps (2021 - 2022) | Aviron Bayonnais (2022 - 2025) | Mitsubishi Sagamihara Dynaboars (2025 - 2026)
TOP14,PAU,Jimi MAXIMIN,https://www.allrugby.com/joueurs/jimi-maximin-5914.html,24,17,1146,5,,,2027-06-30,Stado Tarbes Pyrénées Rugby (2023 - 2023) | Rouen Normandie Rugby (2023 - 2024) | Section Paloise Béarn Pyrénées (2024 - 2027)
TOP14,PAU,Mickaël CAPELLI,https://www.allrugby.com/joueurs/mickael-capelli-4332.html,2,0,46,,,,2027-06-30,FC Grenoble Rugby (2012 - 2020) | Montpellier Hérault Rugby (2020 - 2022) | Section Paloise Béarn Pyrénées (2022 - 2027)
TOP14,PAU,Quentin BÉTHUNE,https://www.allrugby.com/joueurs/quentin-bethune-3326.html,8,2,201,,,,,Stade Français Paris Rugby (2019 - 2022) | Aviron Bayonnais (2022 - 2025)
TOP14,PAU,Rémi PICQUETTE,https://www.allrugby.com/joueurs/remi-picquette-4496.html,1,0,6,,,,2027-06-30,Rugby Club Vannes (2017 - 2021) | Stade Rochelais (2021 - 2024) | Section Paloise Béarn Pyrénées (2024 - 2027)
TOP14,PAU,Swan CORMENIER,https://www.allrugby.com/joueurs/swan-cormenier-5203.html,1,0,35,,,,,Sporting Club Albigeois (2017 - 2019) | Aviron Bayonnais (2019 - 2027)
TOP14,PAU,Thomas JOLMÈS,https://www.allrugby.com/joueurs/thomas-jolmes-4382.html,2,1,64,,,,2027-06-30,Rugby Club Toulonnais (2021 - 2021) | Union Bordeaux-Bègles (2021 - 2024) | Section Paloise Béarn Pyrénées (2024 - 2027)
TOP14,PAU,Tevita TATAFU,https://www.allrugby.com/joueurs/tevita-tatafu-11206.html,2,1,75,1,,,,Aviron Bayonnais (2019 - 2027)
TOP14,PAU,Bastien VERGNES-TAILLEFER,https://www.allrugby.com/joueurs/bastien-vergnes-taillefer-7192.html,22,13,1072,3,,,2027-06-30,US Colomiers (2012 - 2021) | Union Bordeaux-Bègles (2021 - 2026) | Section Paloise Béarn Pyrénées (2026 - 2027)
TOP14,PAU,Beka GORGADZE,https://www.allrugby.com/joueurs/beka-gorgadze-4306.html,2,1,92,1,,,2027-06-30,Union Bordeaux-Bègles (2018 - 2021) | Section Paloise Béarn Pyrénées (2021 - 2027)
TOP14,PAU,Facundo ISA,https://www.allrugby.com/joueurs/facundo-isa-1323.html,2,2,132,,,,2027-06-30,Lyon Olympique Universitaire Rugby (2017 - 2017) | Rugby Club Toulonnais (2017 - 2025) | Section Paloise Béarn Pyrénées (2025 - 2027)
TOP14,PAU,Facundo BOSCH,https://www.allrugby.com/joueurs/facundo-bosch-5142.html,20,15,867,2,,,,Stade Rochelais (2019 - 2022) | Aviron Bayonnais (2022 - 2027)
TOP14,PAU,Josselin BOUHIER,https://www.allrugby.com/joueurs/josselin-bouhier-14029.html,1,0,10,1,,,2027-06-30,Section Paloise Béarn Pyrénées (2022 - 2027)
TOP14,PAU,Loïc CRÉDOZ,https://www.allrugby.com/joueurs/loic-credoz-8872.html,2,2,148,,,,2027-06-30,Oyonnax Rugby (2015 - 2024) | Section Paloise Béarn Pyrénées (2024 - 2027)
TOP14,PAU,Reece HEWAT,https://www.allrugby.com/joueurs/reece-hewat-7304.html,17,12,859,4,,,2027-06-30,Stade Aurillacois Cantal Auvergne (2018 - 2021) | Section Paloise Béarn Pyrénées (2021 - 2027)
TOP14,PAU,Louis ORTOLAN,https://www.allrugby.com/joueurs/louis-ortolan-12322.html,2,0,16,,,,,Aviron Bayonnais (2017 - 2024)
TOP14,PAU,Sacha ZEGUEUR,https://www.allrugby.com/joueurs/sacha-zegueur-5913.html,22,14,1144,1,,,2027-06-30,Section Paloise Béarn Pyrénées (2022 - 2027)
TOP14,PAU,Santiago GRONDONA,https://www.allrugby.com/joueurs/santiago-grondona-7505.html,2,1,98,,,,2023-06-30,Section Paloise Béarn Pyrénées (2023 - 2023) | Bristol Bears (2023 - 2026) | Section Paloise Béarn Pyrénées (2026 - 2027)
TOP14,PAU,Gonzalo GARCIA,https://www.allrugby.com/joueurs/gonzalo-garcia-8160.html,2,1,77,,,,2027-06-30,Valorugby Emilia (2021 - 2022) | Zebre Parma (2022 - 2026) | Section Paloise Béarn Pyrénées (2026 - 2027)
TOP14,PAU,Thomas ACQUIER,https://www.allrugby.com/joueurs/thomas-acquier-1418.html,13,2,394,2,,,,CA Brive Corrèze Limousin (2014 - 2022) | Aviron Bayonnais (2022 - 2024) | US Tyrosse (2024 - 2026)
TOP14,PAU,Thibault DAUBAGNA,https://www.allrugby.com/joueurs/thibault-daubagna-1515.html,2,1,77,,,,2027-06-30,Section Paloise Béarn Pyrénées (1999 - 2027)
TOP14,PAU,Thomas SOUVERBIE,https://www.allrugby.com/joueurs/thomas-souverbie-14271.html,14,3,349,,,,2027-06-30,Section Paloise Béarn Pyrénées (2017 - 2027)
TOP14,PAU,Vincent GIUDICELLI,https://www.allrugby.com/joueurs/vincent-giudicelli-4847.html,2,1,88,2,,,,Montpellier Hérault Rugby (2017 - 2023) | Aviron Bayonnais (2023 - 2026) | Provence Rugby (2026 - 2027)
TOP14,PAU,Axel DESPÉRÈS,https://www.allrugby.com/joueurs/axel-desperes-14792.html,2,0,64,,,,2027-06-30,Section Paloise Béarn Pyrénées (2018 - 2027)
TOP14,PAU,Clément MONDINAT,https://www.allrugby.com/joueurs/clement-mondinat-11784.html,12,3,419,2,,,2027-06-30,Stado Tarbes Pyrénées Rugby (2017 - 2018) | Section Paloise Béarn Pyrénées (2018 - 2027)
TOP14,PAU,Joe SIMMONDS,https://www.allrugby.com/joueurs/joe-simmonds-5132.html,2,2,160,,,,2027-06-30,Section Paloise Béarn Pyrénées (2023 - 2027)
TOP14,PAU,Émilien GAILLETON,https://www.allrugby.com/joueurs/emilien-gailleton-11773.html,2,2,160,1,,,2027-06-30,Sporting Union Agenais (2017 - 2022) | Section Paloise Béarn Pyrénées (2022 - 2027)
TOP14,PAU,Fabien BRAU-BOIRIE,https://www.allrugby.com/joueurs/fabien-brau-boirie-14923.html,1,1,80,,,,2027-06-30,Stado Tarbes Pyrénées Rugby (2018 - 2023) | Section Paloise Béarn Pyrénées (2023 - 2027)
TOP14,PAU,Denis MARCHOIS,https://www.allrugby.com/joueurs/denis-marchois-3589.html,14,7,654,1,,,2021-06-30,Section Paloise Béarn Pyrénées (2019 - 2021) | Aviron Bayonnais (2021 - 2025) | Sporting Union Agenais (2025 - 2027)
TOP14,PAU,Nathan DECRON,https://www.allrugby.com/joueurs/nathan-decron-4219.html,11,11,760,3,,,2027-06-30,Union Bordeaux-Bègles (2017 - 2019) | Sporting Union Agenais (2019 - 2021) | Section Paloise Béarn Pyrénées (2021 - 2027)
TOP14,PAU,Tumua MANU,https://www.allrugby.com/joueurs/tumua-manu-6872.html,1,1,80,,,,2027-06-30,Chiefs (2020 - 2020) | Auckland (2020 - 2020) | Section Paloise Béarn Pyrénées (2020 - 2027)
TOP14,PAU,Aaron GRANDIDIER,https://www.allrugby.com/joueurs/aaron-grandidier-8316.html,1,1,61,,,,2027-06-30,CA Brive Corrèze Limousin (2019 - 2024) | Section Paloise Béarn Pyrénées (2024 - 2027)
TOP14,PAU,Grégoire ARFEUIL,https://www.allrugby.com/joueurs/gregoire-arfeuil-14272.html,19,18,1419,9,,,2027-06-30,Sporting Union Agenais (2019 - 2020) | US Lectoure (2020 - 2021) | Section Paloise Béarn Pyrénées (2021 - 2027)
TOP14,PAU,Rodrigo MARTA,https://www.allrugby.com/joueurs/rodrigo-marta-9298.html,2,2,160,3,,,2027-06-30,US Colomiers (2023 - 2026) | Section Paloise Béarn Pyrénées (2026 - 2027)
TOP14,PAU,Théo ATTISSOGBE,https://www.allrugby.com/joueurs/theo-attissogbe-13652.html,1,1,70,2,,,2027-06-30,Stade Montois Rugby Pro (2019 - 2022) | Section Paloise Béarn Pyrénées (2022 - 2027)
TOP14,PAU,Konstantine MIKAUTADZE,https://www.allrugby.com/joueurs/konstantine-mikautadze-1279.html,2,1,84,,,,,Montpellier Hérault Rugby (2016 - 2020) | Aviron Bayonnais (2020 - 2024) | CA Brive Corrèze Limousin (2024 - 2027)
TOP14,PAU,Clément LAPORTE,https://www.allrugby.com/joueurs/clement-laporte-5362.html,1,1,80,,,,2027-06-30,Sporting Union Agenais (2015 - 2019) | Lyon Olympique Universitaire Rugby (2019 - 2022) | Section Paloise Béarn Pyrénées (2022 - 2027)
TOP14,PAU,Jack MADDOCKS,https://www.allrugby.com/joueurs/jack-maddocks-6651.html,2,2,121,2,,,2027-06-30,New South Wales Waratahs (2019 - 2021) | Section Paloise Béarn Pyrénées (2021 - 2027)
TOP14,PAU,Lucas PAULOS,https://www.allrugby.com/joueurs/lucas-paulos-7501.html,2,2,102,,,,,Jaguares (2018 - 2020) | CA Brive Corrèze Limousin (2020 - 2023) | Aviron Bayonnais (2023 - 2027)
TOP14,PAU,Adam JAMI,https://www.allrugby.com/joueurs/adam-jami-22517.html,,,,,,,2027-06-30,Section Paloise Béarn Pyrénées (2026 - 2027)
TOP14,PAU,Badri TSIKHISTAVI,https://www.allrugby.com/joueurs/badri-tsikhistavi-13791.html,4,1,91,,,,,Black Lion (2025 - 2026) | Stade Olympique Chambéry (2026 - 2027)
TOP14,PAU,Augusto RIMINI,https://www.allrugby.com/joueurs/augusto-rimini-23205.html,,,,,,,2027-06-30,Section Paloise Béarn Pyrénées (2026 - 2027)
TOP14,PAU,Benjamin LAHET,https://www.allrugby.com/joueurs/benjamin-lahet-13667.html,,,,,,,,Aviron Bayonnais (2018 - 2025) | Capbreton Hossegor Rugby (2025 - 2026)
TOP14,PAU,Édouard LOIZEAU,https://www.allrugby.com/joueurs/edouard-loizeau-22834.html,,,,,,,2025-06-30,Section Paloise Béarn Pyrénées (2022 - 2025) | Aviron Bayonnais (2025 - 2026) | Section Paloise Béarn Pyrénées (2026 - 2027)
TOP14,PAU,Imanol THICOÏPE,https://www.allrugby.com/joueurs/imanol-thicoipe-17615.html,,,,,,,,Aviron Bayonnais (2011 - 2024)
TOP14,PAU,Lucas OFFICIAL,https://www.allrugby.com/joueurs/lucas-official-22806.html,2,0,44,,,,,AS Urruñarrak (2015 - 2016) | Aviron Bayonnais (2016 - 2027)
TOP14,PAU,Ludovic TAUFANA,https://www.allrugby.com/joueurs/ludovic-taufana-15710.html,,,,,,,2027-06-30,Union Rugby Club Dumbéa (2022 - 2023) | Section Paloise Béarn Pyrénées (2023 - 2027)
TOP14,PAU,Macarius PEREIRA,https://www.allrugby.com/joueurs/macarius-pereira-17823.html,,,,,,,2027-06-30,Section Paloise Béarn Pyrénées (2024 - 2027)
TOP14,PAU,Matéo GUÉRIN,https://www.allrugby.com/joueurs/mateo-guerin-17618.html,,,,,,,,Stade Bordelais (2021 - 2023) | Aviron Bayonnais (2023 - 2024) | US Dax Rugby Landes (2024 - 2026)
TOP14,PAU,Sione MAILE,https://www.allrugby.com/joueurs/sione-maile-23204.html,,,,,,,2027-06-30,Section Paloise Béarn Pyrénées (2025 - 2027)
TOP14,PAU,Émilien DUSSAUX,https://www.allrugby.com/joueurs/emilien-dussaux-22512.html,,,,,,,2027-06-30,Rugby Club Auch (2022 - 2026) | Section Paloise Béarn Pyrénées (2026 - 2027)
TOP14,PAU,Ilestio TUAULA,https://www.allrugby.com/joueurs/ilestio-tuaula-20765.html,,,,,,,2027-06-30,Union Rugby Club Dumbéa (2022 - 2025) | Section Paloise Béarn Pyrénées (2025 - 2027)
TOP14,PAU,Peïo DOSPITAL,https://www.allrugby.com/joueurs/peio-dospital-21295.html,,,,,,,,Aviron Bayonnais (2022 - 2025) | Biarritz Olympique Pays Basque (2025 - 2026)
TOP14,PAU,Max MEAGHER,https://www.allrugby.com/joueurs/max-meagher-17824.html,,,,,,,2027-06-30,Section Paloise Béarn Pyrénées (2024 - 2027)
TOP14,PAU,Yon CAPÉRAÀ,https://www.allrugby.com/joueurs/yon-caperaa-20327.html,,,,,,,2027-06-30,Aviron Bayonnais (2022 - 2025) | Section Paloise Béarn Pyrénées (2025 - 2027)
TOP14,PAU,Robert HURN,https://www.allrugby.com/joueurs/robert-hurn-23152.html,,,,,,,2027-06-30,Section Paloise Béarn Pyrénées (2026 - 2027)
TOP14,PAU,Rafaël CAYUELA,https://www.allrugby.com/joueurs/rafael-cayuela-21054.html,,,,,,,,Aviron Bayonnais (2019 - 2024) | Stado Tarbes Pyrénées Rugby (2024 - 2026)
TOP14,PAU,Shalom UATISONE,https://www.allrugby.com/joueurs/shalom-uatisone-23206.html,,,,,,,2027-06-30,Section Paloise Béarn Pyrénées (2026 - 2027)
TOP14,PAU,Taimana AH-SCHA,https://www.allrugby.com/joueurs/taimana-ah-scha-17815.html,,,,,,,2027-06-30,Union Rugby Club Dumbéa (2022 - 2024) | Section Paloise Béarn Pyrénées (2024 - 2027)
TOP14,PAU,Tom GOEDEMONDT,https://www.allrugby.com/joueurs/tom-goedemondt-23153.html,,,,,,,2027-06-30,Section Paloise Béarn Pyrénées (2026 - 2027)
TOP14,PAU,Yonn RAMOND,https://www.allrugby.com/joueurs/yonn-ramond-21382.html,,,,,,,,Aviron Bayonnais (2023 - 2025) | Rugby Club de Saint-Médard en Jalles (2025 - 2026)
TOP14,PAU,Clément PAUL,https://www.allrugby.com/joueurs/clement-paul-17052.html,1,1,80,,,,2027-06-30,Section Paloise Béarn Pyrénées (2024 - 2027)
TOP14,PAU,Hugo AFONSO,https://www.allrugby.com/joueurs/hugo-afonso-17608.html,,,,,,,,Aviron Bayonnais (2015 - 2024) | Saint Jean-de-Luz Olympique Rugby (2024 - 2025)
TOP14,PAU,Maïwen LATUVA,https://www.allrugby.com/joueurs/maiwen-latuva-20766.html,,,,,,,2027-06-30,Union Rugby Club Dumbéa (2022 - 2025) | Section Paloise Béarn Pyrénées (2025 - 2027)
TOP14,PAU,Mathis MERCIER,https://www.allrugby.com/joueurs/mathis-mercier-23207.html,,,,,,,2027-06-30,Section Paloise Béarn Pyrénées (2022 - 2027)
TOP14,PAU,Jokin DUHALT,https://www.allrugby.com/joueurs/jokin-duhalt-22601.html,,,,,,,,Aviron Bayonnais (2022 - 2026)
TOP14,PAU,Mehdi TLILI,https://www.allrugby.com/joueurs/mehdi-tlili-13857.html,3,1,73,,,,2027-06-30,Rugby Club Massy Essonne (2019 - 2023) | Section Paloise Béarn Pyrénées (2023 - 2027)
TOP14,PAU,Rémi COUTY,https://www.allrugby.com/joueurs/remi-couty-20755.html,2,0,47,,,,2027-06-30,Stade Aurillacois Cantal Auvergne (2021 - 2026) | Section Paloise Béarn Pyrénées (2026 - 2027)
TOP14,PAU,Mathéo FUTHAZAR,https://www.allrugby.com/joueurs/matheo-futhazar-23117.html,,,,,,,,Aviron Bayonnais (2022 - 2026) | Association Sportive Béziers Hérault (2026 - 2027)
TOP14,PAU,Xander IOSEFO,https://www.allrugby.com/joueurs/xander-iosefo-20433.html,1,0,25,,,,2027-06-30,Section Paloise Béarn Pyrénées (2024 - 2027)
TOP14,PAU,Max BRU,https://www.allrugby.com/joueurs/max-bru-18004.html,,,,,,,,Aviron Bayonnais (2018 - 2024) | Anglet Olympique Rugby Club (2024 - 2025)
TOP14,PAU,Gabriel ELISSALDE,https://www.allrugby.com/joueurs/gabriel-elissalde-17814.html,,,,,,,2027-06-30,Biarritz Olympique Pays Basque (2022 - 2024) | Section Paloise Béarn Pyrénées (2024 - 2027)
TOP14,PAU,Tom PÉCUNE,https://www.allrugby.com/joueurs/tom-pecune-23208.html,,,,,,,2027-06-30,Stado Tarbes Pyrénées Rugby (2018 - 2022) | Section Paloise Béarn Pyrénées (2022 - 2027)
TOP14,PAU,Yon CAPÉRAÀ,https://www.allrugby.com/joueurs/yon-caperaa-20327.html,,,,,,,2027-06-30,Aviron Bayonnais (2022 - 2025) | Section Paloise Béarn Pyrénées (2025 - 2027)
TOP14,PAU,Simon LAHARRAGUE,https://www.allrugby.com/joueurs/simon-laharrague-20767.html,,,,,,,2027-06-30,Section Paloise Béarn Pyrénées (2025 - 2027)
TOP14,PAU,Aiden STAIT,https://www.allrugby.com/joueurs/aiden-stait-16308.html,,,,,,,,Aviron Bayonnais (2023 - 2026)
TOP14,PAU,Gaël TOTÉLÉ,https://www.allrugby.com/joueurs/gael-totele-22298.html,,,,,,,2027-06-30,FC Grenoble Rugby (2021 - 2026) | Section Paloise Béarn Pyrénées (2026 - 2027)
TOP14,PAU,Louan COURTIÉ,https://www.allrugby.com/joueurs/louan-courtie-21352.html,,,,,,,2027-06-30,Section Paloise Béarn Pyrénées (2021 - 2027)
TOP14,PAU,Quentin VALENTINO,https://www.allrugby.com/joueurs/quentin-valentino-17053.html,4,4,266,,,,2027-06-30,Nissa Rugby (2021 - 2024) | Section Paloise Béarn Pyrénées (2024 - 2027)
TOP14,PAU,Dylan INDABURU,https://www.allrugby.com/joueurs/dylan-indaburu-17616.html,,,,,,,2019-06-30,Section Paloise Béarn Pyrénées (2017 - 2019) | Avenir Bizanos (2021 - 2023) | Aviron Bayonnais (2023 - 2024)
TOP14,PAU,Zach FITTLER,https://www.allrugby.com/joueurs/zach-fittler-18694.html,1,1,59,,,,2027-06-30,New South Wales Waratahs (2024 - 2026) | Section Paloise Béarn Pyrénées (2026 - 2027)
TOP14,PAU,Hugo LECLERQ,https://www.allrugby.com/joueurs/hugo-leclerq-23766.html,,,,,,,,AS Sain-Martin-de-Seignanx (2018 - 2022) | Aviron Bayonnais (2022 - 2027)
TOP14,PAU,Diego MIRANDA,https://www.allrugby.com/joueurs/diego-miranda-17492.html,6,4,377,1,,,2027-06-30,Union Bordeaux-Bègles (2019 - 2024) | US Dax Rugby Landes (2024 - 2026) | Section Paloise Béarn Pyrénées (2026 - 2027)
TOP14,PAU,Ignacio VALDES-LEIVA,https://www.allrugby.com/joueurs/ignacio-valdes-leiva-20319.html,,,,,,,,Nissa Rugby (2017 - 2019) | Aviron Bayonnais (2019 - 2027)
TOP14,PAU,Louis RIBAIMONT,https://www.allrugby.com/joueurs/louis-ribaimont-20768.html,,,,,,,2027-06-30,Rugby Lannion Perros (2019 - 2021) | Rugby Club Vannes (2021 - 2025) | Section Paloise Béarn Pyrénées (2025 - 2027)
TOP14,PAU,Jules DERRE,https://www.allrugby.com/joueurs/jules-derre-22752.html,,,,,,,,US Vicquoise (2018 - 2020) | Stado Tarbes Pyrénées Rugby (2020 - 2022) | Aviron Bayonnais (2022 - 2026)
TOP14,PAU,Pedro PÉREZ BUENO,https://www.allrugby.com/joueurs/pedro-perez-bueno-20769.html,,,,,,,2027-06-30,Section Paloise Béarn Pyrénées (2025 - 2027)
TOP14,PAU,Jules MARTIN-BONNARD,https://www.allrugby.com/joueurs/jules-martin-bonnard-20849.html,,,,,,,,Aviron Bayonnais (2023 - 2026) | Stade Toulousain (2026 - 2027)
TOP14,PAU,Valentin BOURGES,https://www.allrugby.com/joueurs/valentin-bourges-22570.html,,,,,,,2027-06-30,Aviron Bayonnais (2022 - 2026) | Section Paloise Béarn Pyrénées (2026 - 2027)
TOP14,PAU,Joachim SENGA KOUO,https://www.allrugby.com/joueurs/joachim-senga-20312.html,4,3,253,4,,,2027-06-30,Rugby Club Vannes (2021 - 2026) | Section Paloise Béarn Pyrénées (2026 - 2027)
TOP14,PAU,Apisalome RATUNIYARAWA,https://www.allrugby.com/joueurs/apisalome-ratuniyarawa-1787.html,1,0,13,,,,,Northampton Saints (2017 - 2022) | London Irish (2022 - 2023) | Aviron Bayonnais (2023 - 2024)
TOP14,BAY,Andy BORDELAI,https://www.allrugby.com/joueurs/andy-bordelai-8888.html,2,2,97,,,,2027-06-30,Racing 92 (2018 - 2021) | Rugby Club Vannes (2021 - 2024) | Aviron Bayonnais (2024 - 2027)
TOP14,BAY,Ben TAMEIFUNA,https://www.allrugby.com/joueurs/ben-tameifuna-3391.html,13,5,511,3,,,,Racing 92 (2015 - 2020) | Union Bordeaux-Bègles (2020 - 2027)
TOP14,BAY,Emerick SETIANO,https://www.allrugby.com/joueurs/emerick-setiano-4686.html,2,1,83,,,,2027-06-30,Rugby Club Toulonnais (2014 - 2025) | Aviron Bayonnais (2025 - 2027)
TOP14,BAY,Ignacio CALLES,https://www.allrugby.com/joueurs/ignacio-calles-4531.html,10,4,438,,,,2027-06-30,Section Paloise Béarn Pyrénées (2016 - 2025) | Aviron Bayonnais (2025 - 2027)
TOP14,BAY,Carlü SADIE,https://www.allrugby.com/joueurs/carlu-sadie-6597.html,23,17,1067,2,,,,Lions Rugby (2020 - 2022) | Sharks Rugby Club (2022 - 2023) | Union Bordeaux-Bègles (2023 - 2027)
TOP14,BAY,Lasha MACHARASHVILI,https://www.allrugby.com/joueurs/lasha-macharashvili-7300.html,1,0,22,,,,2027-06-30,Sporting Union Agenais (2024 - 2026) | Aviron Bayonnais (2026 - 2027)
TOP14,BAY,Luke TAGI,https://www.allrugby.com/joueurs/luke-tagi-8934.html,12,7,466,,,,2027-06-30,Provence Rugby (2021 - 2023) | Aviron Bayonnais (2023 - 2027)
TOP14,BAY,Jefferson POIROT,https://www.allrugby.com/joueurs/jefferson-poirot-1374.html,20,14,914,2,,,,CA Brive Corrèze Limousin (2008 - 2012) | Union Bordeaux-Bègles (2012 - 2027)
TOP14,BAY,Pierre CASTILLON,https://www.allrugby.com/joueurs/pierre-castillon-17309.html,6,0,147,,,,2027-06-30,Aviron Bayonnais (2018 - 2027)
TOP14,BAY,Swan CORMENIER,https://www.allrugby.com/joueurs/swan-cormenier-5203.html,1,0,35,,,,2027-06-30,Sporting Club Albigeois (2017 - 2019) | Aviron Bayonnais (2019 - 2027)
TOP14,BAY,Tevita TATAFU,https://www.allrugby.com/joueurs/tevita-tatafu-11206.html,2,1,75,1,,,2027-06-30,Aviron Bayonnais (2019 - 2027)
TOP14,BAY,Facundo BOSCH,https://www.allrugby.com/joueurs/facundo-bosch-5142.html,20,15,867,2,,,2027-06-30,Stade Rochelais (2019 - 2022) | Aviron Bayonnais (2022 - 2027)
TOP14,BAY,Guillaume CRAMONT,https://www.allrugby.com/joueurs/guillaume-cramont-8140.html,2,0,74,,,,2027-06-30,Stade Toulousain (2019 - 2026) | Aviron Bayonnais (2026 - 2027)
TOP14,BAY,Lekso KAULASHVILI,https://www.allrugby.com/joueurs/lekso-kaulashvili-2038.html,2,2,98,,,,,Union Bordeaux-Bègles (2018 - 2024) | Section Paloise Béarn Pyrénées (2024 - 2027)
TOP14,BAY,Lucas MARTIN,https://www.allrugby.com/joueurs/lucas-martin-11207.html,2,2,86,1,,,2027-06-30,Provence Rugby (2017 - 2024) | Aviron Bayonnais (2024 - 2027)
TOP14,BAY,Brian ALAINU'UESE,https://www.allrugby.com/joueurs/brian-alainu-uese-5125.html,1,0,9,,,,2027-06-30,Glasgow Warriors (2019 - 2019) | Rugby Club Toulonnais (2019 - 2026) | Aviron Bayonnais (2026 - 2027)
TOP14,BAY,Ewan JOHNSON,https://www.allrugby.com/joueurs/ewan-johnson-7284.html,1,0,19,,,,2027-06-30,Rugby Club Vannes (2020 - 2023) | Oyonnax Rugby (2023 - 2025) | Aviron Bayonnais (2025 - 2027)
TOP14,BAY,Killian GÉRACI,https://www.allrugby.com/joueurs/killian-geraci-5314.html,2,2,151,1,,,2027-06-30,Lyon Olympique Universitaire Rugby (2019 - 2026) | Aviron Bayonnais (2026 - 2027)
TOP14,BAY,Sipili FALATEA,https://www.allrugby.com/joueurs/sipili-falatea-5435.html,2,2,87,1,,,,ASM Clermont Auvergne (2017 - 2022) | Union Bordeaux-Bègles (2022 - 2027)
TOP14,BAY,Lucas PAULOS,https://www.allrugby.com/joueurs/lucas-paulos-7501.html,2,2,102,,,,2027-06-30,Jaguares (2018 - 2020) | CA Brive Corrèze Limousin (2020 - 2023) | Aviron Bayonnais (2023 - 2027)
TOP14,BAY,Matthieu UHILA,https://www.allrugby.com/joueurs/matthieu-uhila-9798.html,2,2,121,,,,2027-06-30,Rugby Club Vannes (2023 - 2025) | Montpellier Hérault Rugby (2025 - 2026) | Aviron Bayonnais (2026 - 2027)
TOP14,BAY,Toma'Akino TAUFA,https://www.allrugby.com/joueurs/toma-akino-taufa-3605.html,2,0,73,2,,,,Union Bordeaux-Bègles (2023 - 2023) | Stado Tarbes Pyrénées Rugby (2024 - 2024) | Union Bordeaux-Bègles (2024 - 2027)
TOP14,BAY,Alexandre FISCHER,https://www.allrugby.com/joueurs/alexandre-fischer-5552.html,2,2,160,,,,2027-06-30,ASM Clermont Auvergne (2013 - 2025) | Aviron Bayonnais (2025 - 2027)
TOP14,BAY,Arthur ITURRIA,https://www.allrugby.com/joueurs/arthur-iturria-3366.html,19,17,1114,2,,,2027-06-30,ASM Clermont Auvergne (2012 - 2023) | Aviron Bayonnais (2023 - 2027)
TOP14,BAY,Ugo BONIFACE,https://www.allrugby.com/joueurs/ugo-boniface-4465.html,1,0,28,,,,2022-06-30,Aviron Bayonnais (2016 - 2022) | Union Bordeaux-Bègles (2022 - 2026) | Rugby Club Vannes (2026 - 2027)
TOP14,BAY,Baptiste HÉGUY,https://www.allrugby.com/joueurs/baptiste-heguy-5427.html,15,8,769,,,,2027-06-30,Aviron Bayonnais (2012 - 2027)
TOP14,BAY,Esteban CAPILLA,https://www.allrugby.com/joueurs/esteban-capilla-12571.html,2,0,78,,,,2027-06-30,AS Sain-Martin-de-Seignanx (2015 - 2016) | Aviron Bayonnais (2016 - 2027)
TOP14,BAY,Yahnis EL MASLOUHI,https://www.allrugby.com/joueurs/yahnis-el-maslouhi-13809.html,1,0,20,,,,,Union Bordeaux-Bègles (2022 - 2024) | Association Sportive Béziers Hérault (2024 - 2027)
TOP14,BAY,Giovanni HABEL-KUEFFNER,https://www.allrugby.com/joueurs/giovanni-habel-kueffner-4319.html,2,1,76,,,,2027-06-30,Stade Français Paris Rugby (2022 - 2024) | Aviron Bayonnais (2024 - 2027)
TOP14,BAY,Zaccharie AFFANE,https://www.allrugby.com/joueurs/zaccharie-affane-13842.html,16,9,626,1,,,,Union Bordeaux-Bègles (2022 - 2025) | CA Brive Corrèze Limousin (2025 - 2026) | Union Bordeaux-Bègles (2026 - 2027)
TOP14,BAY,Rob LEOTA,https://www.allrugby.com/joueurs/rob-leota-7492.html,11,10,756,1,,,2027-06-30,New South Wales Waratahs (2024 - 2025) | Aviron Bayonnais (2025 - 2027)
TOP14,BAY,Rodrigo BRUNI,https://www.allrugby.com/joueurs/rodrigo-bruni-7188.html,2,1,82,,,,2027-06-30,CA Brive Corrèze Limousin (2022 - 2023) | Aviron Bayonnais (2023 - 2027)
TOP14,BAY,Clément MAYNADIER,https://www.allrugby.com/joueurs/clement-maynadier-1189.html,16,5,498,,,,,Union Bordeaux-Bègles (2013 - 2024)
TOP14,BAY,Baptiste TILLOLES,https://www.allrugby.com/joueurs/baptiste-tilloles-18994.html,2,1,156,1,,,2027-06-30,Aviron Bayonnais (2018 - 2027)
TOP14,BAY,Herschel JANTJIES,https://www.allrugby.com/joueurs/herschel-jantjies-6334.html,16,8,809,2,,,2027-06-30,Scarlets (2018 - 2018) | Stormers (2018 - 2025) | Aviron Bayonnais (2025 - 2027)
TOP14,BAY,Léo COLY,https://www.allrugby.com/joueurs/leo-coly-7290.html,1,1,4,,,,2027-06-30,Montpellier Hérault Rugby (2022 - 2026) | Aviron Bayonnais (2026 - 2027)
TOP14,BAY,Joris SEGONDS,https://www.allrugby.com/joueurs/joris-segonds-4988.html,23,21,1607,,,,2027-06-30,Stade Français Paris Rugby (2019 - 2024) | Aviron Bayonnais (2024 - 2027)
TOP14,BAY,Maxime LAMOTHE,https://www.allrugby.com/joueurs/maxime-lamothe-5169.html,2,1,91,,,,2020-06-30,Aviron Bayonnais (2019 - 2020) | Union Bordeaux-Bègles (2020 - 2027)
TOP14,BAY,Rob DU PREEZ,https://www.allrugby.com/joueurs/robert-du-preez-6120.html,2,2,147,,,,2027-06-30,Sharks Rugby Club (2019 - 2019) | Sale Sharks (2019 - 2026) | Aviron Bayonnais (2026 - 2027)
TOP14,BAY,Federico MORI,https://www.allrugby.com/joueurs/federico-mori-7398.html,2,2,121,,,,2027-06-30,Zebre Parma (2020 - 2021) | Union Bordeaux-Bègles (2021 - 2023) | Aviron Bayonnais (2023 - 2027)
TOP14,BAY,Romain LATTERRADE,https://www.allrugby.com/joueurs/romain-latterrade-5559.html,3,2,118,1,,,,Union Bordeaux-Bègles (2023 - 2025) | Provence Rugby (2025 - 2027)
TOP14,BAY,Guillaume MARTOCQ,https://www.allrugby.com/joueurs/guillaume-martocq-5844.html,2,0,55,1,,,2020-06-30,Aviron Bayonnais (2015 - 2020) | US Carcassonne (2020 - 2022) | Aviron Bayonnais (2022 - 2027)
TOP14,BAY,Adam COLEMAN,https://www.allrugby.com/joueurs/adam-coleman-5005.html,10,10,543,,,,,London Irish (2019 - 2023) | Union Bordeaux-Bègles (2023 - 2027)
TOP14,BAY,Manu TUILAGI,https://www.allrugby.com/joueurs/manu-tuilagi-2202.html,18,15,1099,1,,,2027-06-30,Leicester Tigers (2020 - 2020) | Sale Sharks (2020 - 2024) | Aviron Bayonnais (2024 - 2027)
TOP14,BAY,Sireli MAQALA,https://www.allrugby.com/joueurs/sireli-maqala-12230.html,2,2,160,,,,2027-06-30,Aviron Bayonnais (2021 - 2027)
TOP14,BAY,Alexandre RICARD,https://www.allrugby.com/joueurs/alexandre-ricard-7063.html,3,3,230,1,,,,Union Bordeaux-Bègles (2023 - 2025) | CA Brive Corrèze Limousin (2025 - 2027)
TOP14,BAY,Arnaud ERBINARTEGARAY,https://www.allrugby.com/joueurs/arnaud-erbinartegaray-9716.html,17,15,1234,5,,,2027-06-30,Sport Athlétique Mauléonais (2019 - 2021) | Aviron Bayonnais (2021 - 2027)
TOP14,BAY,Madosh TAMBWE,https://www.allrugby.com/joueurs/michael-tambwe-6795.html,2,2,154,1,,,2027-06-30,Montpellier Hérault Rugby (2026 - 2026) | Union Bordeaux-Bègles (2026 - 2026) | Aviron Bayonnais (2026 - 2027)
TOP14,BAY,Mateo CARRERAS,https://www.allrugby.com/joueurs/mateo-carreras-8163.html,12,11,790,4,,,2023-06-30,Aviron Bayonnais (2023 - 2023) | Newcastle (2024 - 2024) | Aviron Bayonnais (2024 - 2027)
TOP14,BAY,Cyril CAZEAUX,https://www.allrugby.com/joueurs/cyril-cazeaux-2441.html,2,2,150,,,,,Union Bordeaux-Bègles (2015 - 2027)
TOP14,BAY,Tom LÉVÊQUE,https://www.allrugby.com/joueurs/tom-leveque-20196.html,2,1,83,,,,2027-06-30,Aviron Bayonnais (2020 - 2027)
TOP14,BAY,Tom SPRING,https://www.allrugby.com/joueurs/tom-spring-14458.html,1,1,80,1,,,2027-06-30,Aviron Bayonnais (2021 - 2027)
TOP14,BAY,Guido PETTI,https://www.allrugby.com/joueurs/guido-petti-3868.html,13,11,888,1,,,,Union Bordeaux-Bègles (2020 - 2025) | Harlequins (2025 - 2027)
TOP14,BAY,Viliame TUTUVULI,https://www.allrugby.com/joueurs/viliame-tutuvuli-13915.html,11,11,846,2,,,2027-06-30,US Dax Rugby Landes (2025 - 2025) | US Carcassonne (2025 - 2026) | Aviron Bayonnais (2026 - 2027)
TOP14,BAY,Cheikh TIBERGHIEN,https://www.allrugby.com/joueurs/cheikh-tiberghien-7315.html,22,18,1302,5,,,2027-06-30,ASM Clermont Auvergne (2019 - 2023) | Aviron Bayonnais (2023 - 2027)
TOP14,BAY,Yohan ORABÉ,https://www.allrugby.com/joueurs/yohan-orabe-13645.html,2,2,83,,,,2027-06-30,Aviron Bayonnais (2022 - 2027)
TOP14,BAY,Anatole DUBURCQ,https://www.allrugby.com/joueurs/anatole-duburcq-23767.html,,,,,,,2027-06-30,Rugby Club Massy Essonne (2023 - 2026) | Aviron Bayonnais (2026 - 2027)
TOP14,BAY,Emosi TUMANIA,https://www.allrugby.com/joueurs/emosi-tumania-20696.html,2,0,45,1,,,2027-06-30,Aviron Bayonnais (2024 - 2027)
TOP14,BAY,Hugo GONZÁLEZ,https://www.allrugby.com/joueurs/hugo-gonzalez-17732.html,4,0,100,,,,2027-06-30,Aviron Bayonnais (2025 - 2027)
TOP14,BAY,Lucas OFFICIAL,https://www.allrugby.com/joueurs/lucas-official-22806.html,2,0,44,,,,2027-06-30,AS Urruñarrak (2015 - 2016) | Aviron Bayonnais (2016 - 2027)
TOP14,BAY,Nicolas VALLIN,https://www.allrugby.com/joueurs/nicolas-vallin-23748.html,,,,,,,2027-06-30,Cercle Jules Ferry Saint-Malo (2019 - 2022) | Stade Olympique Chambéry (2022 - 2024) | Aviron Bayonnais (2024 - 2027)
TOP14,BAY,Florian BAQUEY,https://www.allrugby.com/joueurs/florian-baquey-18399.html,1,0,17,,,,,Club Athlétique Bordeaux Bègles Gironde (2020 - 2023) | Union Bordeaux-Bègles (2023 - 2026)
TOP14,BAY,Patrice FALEVALU,https://www.allrugby.com/joueurs/patrice-falevalu-22556.html,,,,,,,2027-06-30,Aviron Bayonnais (2026 - 2027)
TOP14,BAY,Petti ARROSSAGARAY,https://www.allrugby.com/joueurs/petti-arrossagaray-22491.html,,,,,,,2027-06-30,US Menditte (2023 - 2025) | Sport Athlétique Mauléonais (2025 - 2026) | Aviron Bayonnais (2026 - 2027)
TOP14,BAY,Jude TRARIEUX,https://www.allrugby.com/joueurs/jude-trarieux-17495.html,,,,,,,,Union Bordeaux-Bègles (2015 - 2024) | Mérignac (2024 - 2025)
TOP14,BAY,Iban ERRECART,https://www.allrugby.com/joueurs/iban-errecart-20655.html,,,,,,,2027-06-30,Biarritz Olympique Pays Basque (2022 - 2025) | Aviron Bayonnais (2025 - 2027)
TOP14,BAY,Louka SALVI,https://www.allrugby.com/joueurs/louka-salvi-18580.html,,,,,,,2027-06-30,Stado Tarbes Pyrénées Rugby (2020 - 2024) | Aviron Bayonnais (2024 - 2027)
TOP14,BAY,Lenny ALIFANETY,https://www.allrugby.com/joueurs/lenny-alifanety-18064.html,4,1,126,,,,,Niort RC (2020 - 2021) | Union Bordeaux-Bègles (2021 - 2027)
TOP14,BAY,Rouane SIONÉ,https://www.allrugby.com/joueurs/rouane-sione-20183.html,,,,,,,2027-06-30,Stade Montois Rugby Pro (2022 - 2026) | Aviron Bayonnais (2026 - 2027)
TOP14,BAY,Nathan THIBEAU,https://www.allrugby.com/joueurs/nathan-thibeau-18398.html,,,,,,,,Union Bordeaux-Bègles (2022 - 2025) | US Salles (2025 - 2026)
TOP14,BAY,Alejandro BARRIOS,https://www.allrugby.com/joueurs/alejandro-barrios-15476.html,2,2,100,,,,2027-06-30,Olivos RC (2024 - 2025) | Aviron Bayonnais (2025 - 2027)
TOP14,BAY,Nougzar ADJAMOV,https://www.allrugby.com/joueurs/nougzar-adjamov-17488.html,,,,,,,,Union Bordeaux-Bègles (2023 - 2024) | Floirac Rive Droite Rugby (2024 - 2025) | US Salles (2025 - 2026)
TOP14,BAY,Hugo LECLERQ,https://www.allrugby.com/joueurs/hugo-leclerq-23766.html,,,,,,,2027-06-30,AS Sain-Martin-de-Seignanx (2018 - 2022) | Aviron Bayonnais (2022 - 2027)
TOP14,BAY,Ruben PARGADE,https://www.allrugby.com/joueurs/ruben-pargade-18065.html,4,2,148,1,,,,Rugby Club de Saint-Médard en Jalles (2015 - 2019) | Union Bordeaux-Bègles (2019 - 2027)
TOP14,BAY,Ignacio VALDES-LEIVA,https://www.allrugby.com/joueurs/ignacio-valdes-leiva-20319.html,,,,,,,2027-06-30,Nissa Rugby (2017 - 2019) | Aviron Bayonnais (2019 - 2027)
TOP14,BAY,Manus VAN LEEUWEN,https://www.allrugby.com/joueurs/manus-van-leeuwen-21135.html,,,,,,,2027-06-30,Aviron Bayonnais (2025 - 2027)
TOP14,BAY,Tom NOGUEIRA,https://www.allrugby.com/joueurs/tom-nogueira-18397.html,,,,,,,,Union Bordeaux-Bègles (2022 - 2025) | US Salles (2025 - 2026)
TOP14,BAY,Marika NAURA,https://www.allrugby.com/joueurs/marika-naura-23768.html,,,,,,,2027-06-30,Aviron Bayonnais (2025 - 2027)
TOP14,BAY,Sohan DEALLE FACQUEZ,https://www.allrugby.com/joueurs/sohan-dealle-facquez-17574.html,,,,,,,2027-06-30,Biarritz Olympique Pays Basque (2023 - 2024) | Aviron Bayonnais (2024 - 2027)
TOP14,BAY,Axel RIGAUD,https://www.allrugby.com/joueurs/axel-rigaud-23770.html,,,,,,,2027-06-30,Rugby Club Massy Essonne (2018 - 2026) | Aviron Bayonnais (2026 - 2027)
TOP14,BAY,Bixente LAHITÈTE,https://www.allrugby.com/joueurs/bixente-lahitete-22302.html,,,,,,,2027-06-30,Stade Caennais RC (2018 - 2021) | Aviron Bayonnais (2021 - 2027)
TOP14,BAY,Juan HARINORDOQUY,https://www.allrugby.com/joueurs/juan-harinordoquy-22577.html,,,,,,,2027-06-30,Biarritz Olympique Pays Basque (2017 - 2023) | Aviron Bayonnais (2023 - 2027)
TOP14,BAY,Younès BEKHTI,https://www.allrugby.com/joueurs/younes-bekhti-13548.html,,,,,,,,Union Bordeaux-Bègles (2016 - 2024) | Rugby Club du Bassin d'Arcachon (2024 - 2025)
TOP14,BAY,Luka SHULAIA,https://www.allrugby.com/joueurs/luka-shulaia-22376.html,,,,,,,2027-06-30,Aviron Bayonnais (2026 - 2027)
TOP14,BAY,Mahno DEALLE FACQUEZ,https://www.allrugby.com/joueurs/mahno-dealle-facquez-23695.html,,,,,,,2027-06-30,US Tyrosse (2021 - 2023) | Aviron Bayonnais (2023 - 2027)
TOP14,BAY,Noa TRAVERSIER,https://www.allrugby.com/joueurs/noa-traversier-15272.html,5,1,152,,,,2027-06-30,Biarritz Olympique Pays Basque (2019 - 2023) | Aviron Bayonnais (2023 - 2027)
TOP14,BAY,Raphaël DARQUIER,https://www.allrugby.com/joueurs/raphael-darquier-15049.html,12,8,518,,,,2027-06-30,Stade Montois Rugby Pro (2015 - 2026) | Aviron Bayonnais (2026 - 2027)
TOP14,BAY,Zinédine AOUAD,https://www.allrugby.com/joueurs/zinedine-aouad-17032.html,1,0,32,,,,,Union Bordeaux-Bègles (2026 - 2026) | Rugby Club Vannes (2026 - 2026) | Nissa Rugby (2026 - 2027)
TOP14,BAY,Ronan CAULE-DULER,https://www.allrugby.com/joueurs/ronan-caule-duler-20637.html,,,,,,,2027-06-30,Aviron Bayonnais (2022 - 2027)
TOP14,BAY,Connor SA,https://www.allrugby.com/joueurs/connor-sa-9313.html,13,7,484,2,,,,Union Bordeaux-Bègles (2023 - 2023) | US Carcassonne (2023 - 2023) | Union Bordeaux-Bègles (2023 - 2027)
TOP14,BAY,Martin PUCHEU-HAURET,https://www.allrugby.com/joueurs/martin-pucheu-hauret-23769.html,,,,,,,2027-06-30,Aviron Bayonnais (2024 - 2027)
TOP14,BAY,Enzo FERNANDES,https://www.allrugby.com/joueurs/enzo-fernandes-18457.html,,,,,,,,Union Bordeaux-Bègles (2022 - 2024) | Nissa Rugby (2024 - 2025) | US Dax Rugby Landes (2025 - 2026)
TOP14,BAY,Antton IDIART,https://www.allrugby.com/joueurs/antton-idiart-22301.html,,,,,,,2027-06-30,Aviron Bayonnais (2022 - 2027)
TOP14,BAY,Beñat SARRAUDE,https://www.allrugby.com/joueurs/benat-sarraude-18442.html,,,,,,,2027-06-30,Aviron Bayonnais (2024 - 2027)
TOP14,BAY,Léo CHAUVIN,https://www.allrugby.com/joueurs/leo-chauvin-14382.html,2,2,102,,,,,Union Bordeaux-Bègles (2022 - 2025) | Nissa Rugby (2025 - 2027)
TOP14,BAY,Diego LANGLOIS,https://www.allrugby.com/joueurs/diego-langlois-20671.html,,,,,,,2027-06-30,Aviron Bayonnais (2014 - 2027)
TOP14,BAY,Bastien RASAL,https://www.allrugby.com/joueurs/bastien-rasal-20339.html,1,0,35,,,,2027-06-30,Section Paloise Béarn Pyrénées (2020 - 2021) | Aviron Bayonnais (2021 - 2027)
TOP14,BAY,Clément BOURGUIGNON,https://www.allrugby.com/joueurs/clement-bourguignon-22604.html,,,,,,,2027-06-30,Stade Montois Rugby Pro (2022 - 2026) | Aviron Bayonnais (2026 - 2027)
TOP14,BAY,Morgan MIGNOT,https://www.allrugby.com/joueurs/morgan-mignot-18400.html,4,3,221,1,,,,Union Bordeaux-Bègles (2023 - 2026) | Rouen Normandie Rugby (2026 - 2027)
TOP14,BAY,Gabriel LAPÈGUE,https://www.allrugby.com/joueurs/gabriel-lapegue-18367.html,3,0,90,,,,2027-06-30,Aviron Bayonnais (2011 - 2027)
TOP14,BAY,Joseph MAGNE,https://www.allrugby.com/joueurs/joseph-magne-18579.html,,,,,,,2027-06-30,Lyon Olympique Universitaire Rugby (2022 - 2023) | Biarritz Olympique Pays Basque (2023 - 2024) | Aviron Bayonnais (2024 - 2027)
TOP14,BAY,Leny MAIGNIEN,https://www.allrugby.com/joueurs/leny-maignien-20673.html,,,,,,,2027-06-30,Aviron Bayonnais (2025 - 2027)
TOP14,BAY,Adam ZAPĘDOWSKI,https://www.allrugby.com/joueurs/adam-zapĘdowski-16811.html,4,1,73,,,,,Union Bordeaux-Bègles (2023 - 2027)
TOP14,BAY,Pyrénées BOYLE-TIATIA,https://www.allrugby.com/joueurs/pyrenees-boyle-tiatia-21677.html,2,1,104,,,,2027-06-30,Aviron Bayonnais (2025 - 2027)
TOP14,BAY,Yanis LAHER,https://www.allrugby.com/joueurs/yanis-laher-23696.html,,,,,,,2027-06-30,Aviron Bayonnais (2023 - 2027)
TOP14,BAY,Arthur CRÉPIN LEBLOND,https://www.allrugby.com/joueurs/arthur-crepin-leblond-23112.html,,,,,,,2027-06-30,FC Grenoble Rugby (2024 - 2026) | Aviron Bayonnais (2026 - 2027)
TOP14,BAY,Amine MAALLA,https://www.allrugby.com/joueurs/amine-maalla-14380.html,3,1,111,,,,,Union Bordeaux-Bègles (2022 - 2024) | US Dax Rugby Landes (2024 - 2026)
TOP14,BAY,Telmo FISHER,https://www.allrugby.com/joueurs/telmo-fisher-obieta-18495.html,5,5,390,,,,2027-06-30,Aviron Bayonnais (2024 - 2027)
TOP14,BAY,Jacques NGUIMBOUS,https://www.allrugby.com/joueurs/jacques-nguimbous-17048.html,3,1,98,,,,,Stade Montois Rugby Pro (2025 - 2025) | Union Bordeaux-Bègles (2026 - 2026) | Stade Montois Rugby Pro (2026 - 2027)
TOP14,BAY,Carlü SADIE,https://www.allrugby.com/joueurs/carlu-sadie-6597.html,23,17,1067,2,,,,Lions Rugby (2020 - 2022) | Sharks Rugby Club (2022 - 2023) | Union Bordeaux-Bègles (2023 - 2027)
TOP14,BAY,Christopher VAOTOA,https://www.allrugby.com/joueurs/christopher-vaotoa-4693.html,2,2,80,,,,,Union Bordeaux-Bègles (2024 - 2024) | Oyonnax Rugby (2024 - 2026) | Union Sportive Montalbanaise (2026 - 2027)
TOP14,BAY,Vadim COBILAS,https://www.allrugby.com/joueurs/vadim-cobilas-2799.html,1,1,35,,,,,Union Bordeaux-Bègles (2016 - 2024)
TOP14,USAP,Brad AMITUANAI,https://www.allrugby.com/joueurs/bradley-amituanai-17327.html,2,0,22,,,,2027-06-30,Racing Club Narbonnais (2025 - 2026) | Union Sportive Arlequins Perpignanais (2026 - 2027)
TOP14,USAP,Bruce DEVAUX,https://www.allrugby.com/joueurs/bruce-devaux-7318.html,1,0,31,,,,2027-06-30,Union Sportive Arlequins Perpignanais (2024 - 2027)
TOP14,USAP,Cedate GOMES SA,https://www.allrugby.com/joueurs/cedate-gomes-sa-3431.html,15,4,359,,,,2027-06-30,Lyon Olympique Universitaire Rugby (2024 - 2026) | Union Sportive Arlequins Perpignanais (2026 - 2027)
TOP14,USAP,Enzo FORLETTA,https://www.allrugby.com/joueurs/enzo-forletta-2448.html,2,2,121,,,,2027-06-30,Montpellier Hérault Rugby (2020 - 2026) | Union Sportive Arlequins Perpignanais (2026 - 2027)
TOP14,USAP,Giorgi TETRASHVILI,https://www.allrugby.com/joueurs/giorgi-tetrashvili-1492.html,16,12,671,,,,2027-06-30,Sporting Union Agenais (2014 - 2021) | Union Sportive Arlequins Perpignanais (2021 - 2027)
TOP14,USAP,Lorencio BOYER GALLARDO,https://www.allrugby.com/joueurs/lorencio-boyer-gallardo-17518.html,1,0,8,,,,2027-06-30,Salanque Côte Radieuse (2015 - 2017) | Union Sportive Arlequins Perpignanais (2017 - 2027)
TOP14,USAP,Luke TAGI,https://www.allrugby.com/joueurs/luke-tagi-8934.html,12,7,466,,,,,Provence Rugby (2021 - 2023) | Aviron Bayonnais (2023 - 2027)
TOP14,USAP,Marco RICCIONI,https://www.allrugby.com/joueurs/marco-riccioni-4191.html,1,1,40,,,,2027-06-30,Saracens (2021 - 2026) | Union Sportive Arlequins Perpignanais (2026 - 2027)
TOP14,USAP,Martin VILLAR,https://www.allrugby.com/joueurs/martin-villar-15092.html,6,1,168,1,,,,Stade Montois Rugby Pro (2025 - 2025) | Aviron Bayonnais (2025 - 2025) | Oyonnax Rugby (2025 - 2027)
TOP14,USAP,Pietro CECCARELLI,https://www.allrugby.com/joueurs/pietro-ceccarelli-2238.html,2,2,138,,,,2027-06-30,Edimbourg Rugby (2018 - 2020) | CA Brive Corrèze Limousin (2020 - 2023) | Union Sportive Arlequins Perpignanais (2023 - 2027)
TOP14,USAP,Ignacio RUIZ,https://www.allrugby.com/joueurs/ignacio-ruiz-8280.html,15,8,731,5,,,2027-06-30,Club Regatas de Bella Vista (2022 - 2022) | London Irish (2022 - 2023) | Union Sportive Arlequins Perpignanais (2023 - 2027)
TOP14,USAP,Mathys LOTRIAN,https://www.allrugby.com/joueurs/mathys-lotrian-16459.html,13,7,487,2,,,2027-06-30,Union Sportive Arlequins Perpignanais (2009 - 2027)
TOP14,USAP,Matis PERCHAUD,https://www.allrugby.com/joueurs/matis-perchaud-10981.html,2,1,121,,,,,Aviron Bayonnais (2017 - 2024) | Union Bordeaux-Bègles (2024 - 2027)
TOP14,USAP,Sama MALOLO,https://www.allrugby.com/joueurs/sama-malolo-6883.html,2,0,63,,,,2027-06-30,Auckland (2024 - 2024) | Moana Pasifika (2024 - 2025) | Union Sportive Arlequins Perpignanais (2025 - 2027)
TOP14,USAP,Pascal COTET,https://www.allrugby.com/joueurs/pascal-cotet-1906.html,2,2,102,,,,,Racing Club Narbonnais (2018 - 2022) | Aviron Bayonnais (2022 - 2026) | Provence Rugby (2026 - 2027)
TOP14,USAP,Victor MONTGAILLARD,https://www.allrugby.com/joueurs/victor-montgaillard-9847.html,2,2,97,1,,,2027-06-30,Union Sportive Arlequins Perpignanais (2015 - 2027)
TOP14,USAP,Adrien WARION,https://www.allrugby.com/joueurs/adrien-warion-7647.html,2,2,121,1,,,2027-06-30,Provence Rugby (2021 - 2021) | Rugby Club Toulonnais (2021 - 2024) | Union Sportive Arlequins Perpignanais (2024 - 2027)
TOP14,USAP,Bastien CHINARRO,https://www.allrugby.com/joueurs/bastien-chinarro-14140.html,10,7,492,2,,,2027-06-30,Entente de la Têt (2014 - 2015) | Union Sportive Arlequins Perpignanais (2019 - 2027)
TOP14,USAP,Pierre CASTILLON,https://www.allrugby.com/joueurs/pierre-castillon-17309.html,6,0,147,,,,,Aviron Bayonnais (2018 - 2027)
TOP14,USAP,Pieter SCHOLTZ,https://www.allrugby.com/joueurs/pieter-scholtz-6324.html,17,10,742,1,,,,Wasps (2021 - 2022) | Aviron Bayonnais (2022 - 2025) | Mitsubishi Sagamihara Dynaboars (2025 - 2026)
TOP14,USAP,Jonny GRAY,https://www.allrugby.com/joueurs/jonny-gray-2174.html,2,2,105,,,,2025-06-30,Union Sportive Arlequins Perpignanais (2025 - 2025) | Union Bordeaux-Bègles (2026 - 2026) | Union Sportive Arlequins Perpignanais (2026 - 2027)
TOP14,USAP,Mathieu TANGUY,https://www.allrugby.com/joueurs/mathieu-tanguy-2542.html,21,13,947,,,,2023-06-30,Union Sportive Arlequins Perpignanais (2023 - 2023) | Rugby Club Toulonnais (2024 - 2024) | Union Sportive Arlequins Perpignanais (2024 - 2027)
TOP14,USAP,Quentin BÉTHUNE,https://www.allrugby.com/joueurs/quentin-bethune-3326.html,8,2,201,,,,,Stade Français Paris Rugby (2019 - 2022) | Aviron Bayonnais (2022 - 2025)
TOP14,USAP,Peceli YATO,https://www.allrugby.com/joueurs/peceli-yato-2051.html,2,0,55,2,,,2027-06-30,Union Sportive Arlequins Perpignanais (2025 - 2027)
TOP14,USAP,Posolo TUILAGI,https://www.allrugby.com/joueurs/posolo-tuilagi-13011.html,2,0,48,,,,2027-06-30,Union Sportive Arlequins Perpignanais (2010 - 2027)
TOP14,USAP,Swan CORMENIER,https://www.allrugby.com/joueurs/swan-cormenier-5203.html,1,0,35,,,,,Sporting Club Albigeois (2017 - 2019) | Aviron Bayonnais (2019 - 2027)
TOP14,USAP,Jaco VAN TONDER,https://www.allrugby.com/joueurs/jaco-van-tonder-5568.html,2,0,57,,,,2027-06-30,Union Sportive Arlequins Perpignanais (2023 - 2027)
TOP14,USAP,Tevita TATAFU,https://www.allrugby.com/joueurs/tevita-tatafu-11206.html,2,1,75,1,,,,Aviron Bayonnais (2019 - 2027)
TOP14,USAP,Joaquín OVIEDO,https://www.allrugby.com/joueurs/joaquin-oviedo-12092.html,16,13,1010,5,,,2027-06-30,Union Sportive Arlequins Perpignanais (2021 - 2027)
TOP14,USAP,José MADEIRA,https://www.allrugby.com/joueurs/jose-madeira-9269.html,2,2,149,,,,2027-06-30,FC Grenoble Rugby (2020 - 2026) | Union Sportive Arlequins Perpignanais (2026 - 2027)
TOP14,USAP,Facundo BOSCH,https://www.allrugby.com/joueurs/facundo-bosch-5142.html,20,15,867,2,,,,Stade Rochelais (2019 - 2022) | Aviron Bayonnais (2022 - 2027)
TOP14,USAP,Jules COULON,https://www.allrugby.com/joueurs/jules-coulon-12344.html,17,7,832,,,,2026-06-30,Union Sportive Arlequins Perpignanais (2026 - 2026) | Rugby Club Toulonnais (2027 - 2027) | Union Sportive Arlequins Perpignanais (2027 - 2027)
TOP14,USAP,Lachlan SWINTON,https://www.allrugby.com/joueurs/lachlan-swinton-7538.html,1,1,55,,,,2027-06-30,Union Bordeaux-Bègles (2024 - 2026) | Union Sportive Arlequins Perpignanais (2026 - 2027)
TOP14,USAP,Lucas VELARTE,https://www.allrugby.com/joueurs/lucas-velarte-5569.html,11,7,620,3,,,2027-06-30,Union Sportive Arlequins Perpignanais (2004 - 2027)
TOP14,USAP,Mattéo LE CORVEC,https://www.allrugby.com/joueurs/matteo-le-corvec-8378.html,1,1,70,,,,2027-06-30,Union Sportive Arlequins Perpignanais (2025 - 2027)
TOP14,USAP,Noé DELLA SCHIAVA,https://www.allrugby.com/joueurs/noe-della-schiava-12052.html,2,2,130,,,,2027-06-30,Stade Rochelais (2019 - 2024) | Union Sportive Arlequins Perpignanais (2024 - 2027)
TOP14,USAP,Patrick SOBÉLA,https://www.allrugby.com/joueurs/patrick-sobela-2547.html,1,0,14,,,,2027-06-30,Lyon Olympique Universitaire Rugby (2018 - 2023) | Union Sportive Arlequins Perpignanais (2023 - 2027)
TOP14,USAP,Louis ORTOLAN,https://www.allrugby.com/joueurs/louis-ortolan-12322.html,2,0,16,,,,,Aviron Bayonnais (2017 - 2024)
TOP14,USAP,James HALL,https://www.allrugby.com/joueurs/james-hall-4520.html,2,1,93,,,,2027-06-30,Stade Français Paris Rugby (2019 - 2023) | Racing 92 (2023 - 2024) | Union Sportive Arlequins Perpignanais (2024 - 2027)
TOP14,USAP,Luke MCGRATH,https://www.allrugby.com/joueurs/luke-mcgrath-2703.html,1,0,12,,,,2027-06-30,Union Sportive Arlequins Perpignanais (2026 - 2027)
TOP14,USAP,Tom ECOCHARD,https://www.allrugby.com/joueurs/tom-ecochard-1273.html,1,1,55,,,,2027-06-30,Union Sportive Arlequins Perpignanais (2009 - 2027)
TOP14,USAP,Benjamin URDAPILLETA,https://www.allrugby.com/joueurs/benjamin-urdapilleta-1068.html,13,12,830,,,,2027-06-30,ASM Clermont Auvergne (2025 - 2025) | Club Universitario de Buenos Aires (2025 - 2025) | Union Sportive Arlequins Perpignanais (2025 - 2027)
TOP14,USAP,Jake MCINTYRE,https://www.allrugby.com/joueurs/jake-mcintyre-5475.html,4,4,203,1,,,2027-06-30,ASM Clermont Auvergne (2021 - 2021) | Western Force (2021 - 2022) | Union Sportive Arlequins Perpignanais (2022 - 2027)
TOP14,USAP,Thomas ACQUIER,https://www.allrugby.com/joueurs/thomas-acquier-1418.html,13,2,394,2,,,,CA Brive Corrèze Limousin (2014 - 2022) | Aviron Bayonnais (2022 - 2024) | US Tyrosse (2024 - 2026)
TOP14,USAP,Vincent GIUDICELLI,https://www.allrugby.com/joueurs/vincent-giudicelli-4847.html,2,1,88,2,,,,Montpellier Hérault Rugby (2017 - 2023) | Aviron Bayonnais (2023 - 2026) | Provence Rugby (2026 - 2027)
TOP14,USAP,Paolo GARBISI,https://www.allrugby.com/joueurs/paolo-garbisi-7397.html,2,2,142,1,,,2027-06-30,Montpellier Hérault Rugby (2024 - 2024) | Rugby Club Toulonnais (2024 - 2026) | Union Sportive Arlequins Perpignanais (2026 - 2027)
TOP14,USAP,Braydon ENNOR,https://www.allrugby.com/joueurs/braydon-ennor-6834.html,2,2,147,,,,2027-06-30,Canterbury (2025 - 2025) | Crusaders (2025 - 2026) | Union Sportive Arlequins Perpignanais (2026 - 2027)
TOP14,USAP,Jerónimo DE LA FUENTE,https://www.allrugby.com/joueurs/jeronimo-de-la-fuente-3865.html,19,18,1368,1,,,2027-06-30,Union Sportive Arlequins Perpignanais (2020 - 2027)
TOP14,USAP,Maëlan RABUT,https://www.allrugby.com/joueurs/maelan-rabut-5539.html,2,2,150,,,,2027-06-30,Rugby Club Toulonnais (2022 - 2024) | Oyonnax Rugby (2024 - 2026) | Union Sportive Arlequins Perpignanais (2026 - 2027)
TOP14,USAP,Riko BULIRUARUA,https://www.allrugby.com/joueurs/rico-buliruarua-4482.html,2,0,51,,,,2027-06-30,Stade Rochelais (2021 - 2022) | Aviron Bayonnais (2022 - 2024) | Union Sportive Arlequins Perpignanais (2024 - 2027)
TOP14,USAP,Jefferson-Lee JOSEPH,https://www.allrugby.com/joueurs/jefferson-joseph-11283.html,19,18,1371,7,,,2027-06-30,CA Lormont HG (2015 - 2017) | Sporting Union Agenais (2017 - 2024) | Union Sportive Arlequins Perpignanais (2024 - 2027)
TOP14,USAP,Denis MARCHOIS,https://www.allrugby.com/joueurs/denis-marchois-3589.html,14,7,654,1,,,,Section Paloise Béarn Pyrénées (2019 - 2021) | Aviron Bayonnais (2021 - 2025) | Sporting Union Agenais (2025 - 2027)
TOP14,USAP,Lucas DUBOIS,https://www.allrugby.com/joueurs/lucas-dubois-8875.html,8,7,583,1,,,2027-06-30,Union Sportive Arlequins Perpignanais (2013 - 2027)
TOP14,USAP,Sevu REECE,https://www.allrugby.com/joueurs/sevu-reece-7664.html,2,2,160,,,,2027-06-30,Southland Stags (2025 - 2025) | Crusaders (2025 - 2026) | Union Sportive Arlequins Perpignanais (2026 - 2027)
TOP14,USAP,Théo FORNER,https://www.allrugby.com/joueurs/theo-forner-12707.html,2,2,160,2,,,2027-06-30,US Thuirnoise (2018 - 2019) | Union Sportive Arlequins Perpignanais (2019 - 2027)
TOP14,USAP,Antoine AUCAGNE,https://www.allrugby.com/joueurs/antoine-aucagne-10901.html,2,2,140,1,,,2027-06-30,RC Vichy (2018 - 2019) | Stade Aurillacois Cantal Auvergne (2019 - 2024) | Union Sportive Arlequins Perpignanais (2024 - 2027)
TOP14,USAP,Tristan TEDDER,https://www.allrugby.com/joueurs/tristan-tedder-4660.html,12,11,762,1,,,2023-06-30,Union Sportive Arlequins Perpignanais (2021 - 2023) | Racing 92 (2023 - 2025) | Union Sportive Arlequins Perpignanais (2025 - 2027)
TOP14,USAP,Aymane EL FAHHAL,https://www.allrugby.com/joueurs/aymane-el-fahhal-23771.html,,,,,,,2027-06-30,Racing Club Narbonnais (2022 - 2023) | Union Sportive Arlequins Perpignanais (2023 - 2027)
TOP14,USAP,Badri TSIKHISTAVI,https://www.allrugby.com/joueurs/badri-tsikhistavi-13791.html,4,1,91,,,,,Black Lion (2025 - 2026) | Stade Olympique Chambéry (2026 - 2027)
TOP14,USAP,Benjamin LAHET,https://www.allrugby.com/joueurs/benjamin-lahet-13667.html,,,,,,,,Aviron Bayonnais (2018 - 2025) | Capbreton Hossegor Rugby (2025 - 2026)
TOP14,USAP,Giorgi MESKHIDZE,https://www.allrugby.com/joueurs/giorgi-meskhidze-20957.html,5,0,125,,,,2027-06-30,Union Sportive Arlequins Perpignanais (2024 - 2027)
TOP14,USAP,Imanol THICOÏPE,https://www.allrugby.com/joueurs/imanol-thicoipe-17615.html,,,,,,,,Aviron Bayonnais (2011 - 2024)
TOP14,USAP,Joan BARCENILLA D'ONGHIA,https://www.allrugby.com/joueurs/joan-barcenilla-d-onghia-18849.html,3,0,56,,,,2027-06-30,Union Sportive Arlequins Perpignanais (2023 - 2027)
TOP14,USAP,Lucas OFFICIAL,https://www.allrugby.com/joueurs/lucas-official-22806.html,2,0,44,,,,,AS Urruñarrak (2015 - 2016) | Aviron Bayonnais (2016 - 2027)
TOP14,USAP,Louis MAS,https://www.allrugby.com/joueurs/louis-mas-23773.html,,,,,,,2027-06-30,Étoile Sportive Catalane (2020 - 2022) | Union Sportive Arlequins Perpignanais (2022 - 2027)
TOP14,USAP,Mathys PILLAC,https://www.allrugby.com/joueurs/mathys-pillac-23700.html,,,,,,,2027-06-30,Union Sportive Arlequins Perpignanais (2017 - 2027)
TOP14,USAP,Rudy NDINDA,https://www.allrugby.com/joueurs/rudy-ndinda-21351.html,,,,,,,2027-06-30,FC Grenoble Rugby (2023 - 2025) | Union Sportive Arlequins Perpignanais (2025 - 2027)
TOP14,USAP,Matéo GUÉRIN,https://www.allrugby.com/joueurs/mateo-guerin-17618.html,,,,,,,,Stade Bordelais (2021 - 2023) | Aviron Bayonnais (2023 - 2024) | US Dax Rugby Landes (2024 - 2026)
TOP14,USAP,Sebastián POROH,https://www.allrugby.com/joueurs/sebastian-poroh-22602.html,,,,,,,2027-06-30,Union Sportive Arlequins Perpignanais (2026 - 2027)
TOP14,USAP,Melvyn ZAFRA,https://www.allrugby.com/joueurs/melvyn-zafra-20643.html,,,,,,,2027-06-30,Montpellier Hérault Rugby (2022 - 2025) | Union Sportive Arlequins Perpignanais (2025 - 2027)
TOP14,USAP,Alexandru ION,https://www.allrugby.com/joueurs/alexandru-ion-23742.html,,,,,,,2027-06-30,Union Sportive Arlequins Perpignanais (2013 - 2027)
TOP14,USAP,Peïo DOSPITAL,https://www.allrugby.com/joueurs/peio-dospital-21295.html,,,,,,,,Aviron Bayonnais (2022 - 2025) | Biarritz Olympique Pays Basque (2025 - 2026)
TOP14,USAP,Davit LAGVILAVA,https://www.allrugby.com/joueurs/davit-lagvilava-16874.html,2,0,29,,,,2027-06-30,FC Grenoble Rugby (2023 - 2025) | Union Sportive Arlequins Perpignanais (2025 - 2027)
TOP14,USAP,Gabriel PIGÉ-YOYOTTE,https://www.allrugby.com/joueurs/gabriel-pige-yoyotte-21213.html,,,,,,,2027-06-30,Lyon Olympique Universitaire Rugby (2021 - 2025) | Union Sportive Arlequins Perpignanais (2025 - 2027)
TOP14,USAP,Giani CALLEGARI,https://www.allrugby.com/joueurs/giani-callegari-17878.html,,,,,,,2027-06-30,US Carcassonne (2022 - 2024) | Union Sportive Arlequins Perpignanais (2024 - 2027)
TOP14,USAP,Rafaël CAYUELA,https://www.allrugby.com/joueurs/rafael-cayuela-21054.html,,,,,,,,Aviron Bayonnais (2019 - 2024) | Stado Tarbes Pyrénées Rugby (2024 - 2026)
TOP14,USAP,Thomas SÉRÉZAT,https://www.allrugby.com/joueurs/thomas-serezat-22636.html,1,0,26,,,,2027-06-30,Union Sportive Arlequins Perpignanais (2020 - 2027)
TOP14,USAP,Andro DVALI,https://www.allrugby.com/joueurs/andro-dvali-17319.html,2,0,48,,,,2027-06-30,Union Sportive Arlequins Perpignanais (2024 - 2027)
TOP14,USAP,Ismael MILLÁN,https://www.allrugby.com/joueurs/ismael-millan-17925.html,,,,,,,2027-06-30,Union Sportive Arlequins Perpignanais (2024 - 2027)
TOP14,USAP,Jad OUAZZANI,https://www.allrugby.com/joueurs/jad-ouazzani-20904.html,,,,,,,2027-06-30,Rugby Club Massy Essonne (2021 - 2025) | Union Sportive Arlequins Perpignanais (2025 - 2027)
TOP14,USAP,Yonn RAMOND,https://www.allrugby.com/joueurs/yonn-ramond-21382.html,,,,,,,,Aviron Bayonnais (2023 - 2025) | Rugby Club de Saint-Médard en Jalles (2025 - 2026)
TOP14,USAP,Jovan SRECKOVIC,https://www.allrugby.com/joueurs/jovan-sreckovic-18834.html,1,1,66,,,,2027-06-30,Racing 92 (2017 - 2024) | Rugby Club Toulonnais (2024 - 2026) | Union Sportive Arlequins Perpignanais (2026 - 2027)
TOP14,USAP,Julen GUILLOT,https://www.allrugby.com/joueurs/julen-guillot-20772.html,,,,,,,2027-06-30,USON Nevers Rugby (2022 - 2025) | Union Sportive Arlequins Perpignanais (2025 - 2027)
TOP14,USAP,Hugo AFONSO,https://www.allrugby.com/joueurs/hugo-afonso-17608.html,,,,,,,,Aviron Bayonnais (2015 - 2024) | Saint Jean-de-Luz Olympique Rugby (2024 - 2025)
TOP14,USAP,Jokin DUHALT,https://www.allrugby.com/joueurs/jokin-duhalt-22601.html,,,,,,,,Aviron Bayonnais (2022 - 2026)
TOP14,USAP,Simon TATY,https://www.allrugby.com/joueurs/simon-taty-20649.html,1,0,18,,,,2027-06-30,ABCD XV (2022 - 2025) | Union Sportive Arlequins Perpignanais (2025 - 2027)
TOP14,USAP,Hugo BARON,https://www.allrugby.com/joueurs/hugo-baron-23267.html,,,,,,,2027-06-30,Union Sportive Arlequins Perpignanais (2016 - 2027)
TOP14,USAP,Mathéo FUTHAZAR,https://www.allrugby.com/joueurs/matheo-futhazar-23117.html,,,,,,,,Aviron Bayonnais (2022 - 2026) | Association Sportive Béziers Hérault (2026 - 2027)
TOP14,USAP,Max BRU,https://www.allrugby.com/joueurs/max-bru-18004.html,,,,,,,,Aviron Bayonnais (2018 - 2024) | Anglet Olympique Rugby Club (2024 - 2025)
TOP14,USAP,Joan LLOSENT,https://www.allrugby.com/joueurs/joan-llosent-23772.html,,,,,,,2027-06-30,Union Sportive Arlequins Perpignanais (2021 - 2027)
TOP14,USAP,Marc ARTILES,https://www.allrugby.com/joueurs/marc-artiles-22569.html,,,,,,,2027-06-30,Union Sportive Arlequins Perpignanais (2026 - 2027)
TOP14,USAP,Anthony GUIRADO,https://www.allrugby.com/joueurs/anthony-guirado-17916.html,,,,,,,2027-06-30,Union Sportive Arlequins Perpignanais (2024 - 2027)
TOP14,USAP,Yon CAPÉRAÀ,https://www.allrugby.com/joueurs/yon-caperaa-20327.html,,,,,,,,Aviron Bayonnais (2022 - 2025) | Section Paloise Béarn Pyrénées (2025 - 2027)
TOP14,USAP,Diego MASCARENC,https://www.allrugby.com/joueurs/diego-mascarenc-22084.html,1,1,80,,,,2027-06-30,U.A. Saverdun (2014 - 2022) | Union Sportive Arlequins Perpignanais (2022 - 2027)
TOP14,USAP,Aiden STAIT,https://www.allrugby.com/joueurs/aiden-stait-16308.html,,,,,,,,Aviron Bayonnais (2023 - 2026)
TOP14,USAP,Martin DURAND,https://www.allrugby.com/joueurs/martin-durand-22566.html,,,,,,,2027-06-30,Avenir Bleu et Blanc (2023 - 2024) | Association Sportive Béziers Hérault (2024 - 2026) | Union Sportive Arlequins Perpignanais (2026 - 2027)
TOP14,USAP,Aurélien LÉCLUZE,https://www.allrugby.com/joueurs/aurelien-lecluze-20647.html,,,,,,,2027-06-30,Lyon Olympique Universitaire Rugby (2023 - 2025) | Union Sportive Arlequins Perpignanais (2025 - 2027)
TOP14,USAP,Maxim GRANELL,https://www.allrugby.com/joueurs/maxim-granell-17042.html,9,9,674,4,,,2027-06-30,Union Sportive Arlequins Perpignanais (2015 - 2027)
TOP14,USAP,Dylan INDABURU,https://www.allrugby.com/joueurs/dylan-indaburu-17616.html,,,,,,,,Section Paloise Béarn Pyrénées (2017 - 2019) | Avenir Bizanos (2021 - 2023) | Aviron Bayonnais (2023 - 2024)
TOP14,USAP,Setareki TOGANIYADRAVA,https://www.allrugby.com/joueurs/setareki-toganiyadrava-16876.html,3,2,163,,,,2026-06-30,Union Sportive Arlequins Perpignanais (2026 - 2026) | Sporting Club Albigeois (2026 - 2026) | Union Sportive Arlequins Perpignanais (2026 - 2027)
TOP14,USAP,Hugo LECLERQ,https://www.allrugby.com/joueurs/hugo-leclerq-23766.html,,,,,,,,AS Sain-Martin-de-Seignanx (2018 - 2022) | Aviron Bayonnais (2022 - 2027)
TOP14,USAP,Simon SOL,https://www.allrugby.com/joueurs/simon-sol-22635.html,1,1,80,,,,2027-06-30,Union Sportive Arlequins Perpignanais (2019 - 2027)
TOP14,USAP,Ignacio VALDES-LEIVA,https://www.allrugby.com/joueurs/ignacio-valdes-leiva-20319.html,,,,,,,,Nissa Rugby (2017 - 2019) | Aviron Bayonnais (2019 - 2027)
TOP14,USAP,Charles SALIKIKORO,https://www.allrugby.com/joueurs/charles-salikikoro-21264.html,,,,,,,2027-06-30,Union Sportive Arlequins Perpignanais (2025 - 2027)
TOP14,USAP,Jules DERRE,https://www.allrugby.com/joueurs/jules-derre-22752.html,,,,,,,,US Vicquoise (2018 - 2020) | Stado Tarbes Pyrénées Rugby (2020 - 2022) | Aviron Bayonnais (2022 - 2026)
TOP14,USAP,Mayron FAHY,https://www.allrugby.com/joueurs/mayron-fahy-21218.html,4,1,122,,,,2027-06-30,Union Sportive Arlequins Perpignanais (2022 - 2027)
TOP14,USAP,Jules MARTIN-BONNARD,https://www.allrugby.com/joueurs/jules-martin-bonnard-20849.html,,,,,,,,Aviron Bayonnais (2023 - 2026) | Stade Toulousain (2026 - 2027)
TOP14,USAP,Apisalome RATUNIYARAWA,https://www.allrugby.com/joueurs/apisalome-ratuniyarawa-1787.html,1,0,13,,,,,Northampton Saints (2017 - 2022) | London Irish (2022 - 2023) | Aviron Bayonnais (2023 - 2024)
TOP14,VAN,Giorgi BERIA,https://www.allrugby.com/joueurs/giorgi-beria-7000.html,1,1,52,,,,2027-06-30,Union Sportive Arlequins Perpignanais (2024 - 2026) | Rugby Club Vannes (2026 - 2027)
TOP14,VAN,Hugo DJEHI,https://www.allrugby.com/joueurs/hugo-djehi-8926.html,1,0,29,,,,2027-06-30,Rugby Club Vannes (2024 - 2027)
TOP14,VAN,Nick SCHONERT,https://www.allrugby.com/joueurs/nick-schonert-4274.html,1,0,42,,,,2027-06-30,Sale Sharks (2025 - 2025) | Mitsubishi Sagamihara Dynaboars (2025 - 2025) | Rugby Club Vannes (2025 - 2027)
TOP14,VAN,Rayane TAFILI,https://www.allrugby.com/joueurs/rayane-tafili-22375.html,2,0,46,,,,2027-06-30,CA Brive Corrèze Limousin (2013 - 2017) | Rugby Club Vannes (2017 - 2027)
TOP14,VAN,Santiago MEDRANO,https://www.allrugby.com/joueurs/santiago-medrano-6151.html,2,2,82,,,,2027-06-30,Lyon Olympique Universitaire Rugby (2024 - 2024) | Western Force (2024 - 2024) | Rugby Club Vannes (2024 - 2027)
TOP14,VAN,Simon BOURGEOIS,https://www.allrugby.com/joueurs/simon-bourgeois-12282.html,11,4,420,2,,,2027-06-30,Rugby Club Vannes (2017 - 2027)
TOP14,VAN,Luke TAGI,https://www.allrugby.com/joueurs/luke-tagi-8934.html,12,7,466,,,,,Provence Rugby (2021 - 2023) | Aviron Bayonnais (2023 - 2027)
TOP14,VAN,Sione MAFILEO,https://www.allrugby.com/joueurs/sione-mafileo-6852.html,1,0,29,,,,2027-06-30,North Harbour (2025 - 2025) | Union Sportive Montalbanaise (2025 - 2026) | Rugby Club Vannes (2026 - 2027)
TOP14,VAN,Martin VILLAR,https://www.allrugby.com/joueurs/martin-villar-15092.html,6,1,168,1,,,,Stade Montois Rugby Pro (2025 - 2025) | Aviron Bayonnais (2025 - 2025) | Oyonnax Rugby (2025 - 2027)
TOP14,VAN,Ugo BONIFACE,https://www.allrugby.com/joueurs/ugo-boniface-4465.html,1,0,28,,,,2027-06-30,Aviron Bayonnais (2016 - 2022) | Union Bordeaux-Bègles (2022 - 2026) | Rugby Club Vannes (2026 - 2027)
TOP14,VAN,Wayan DE BENEDITTIS,https://www.allrugby.com/joueurs/wayan-de-benedittis-8441.html,1,1,51,,,,2027-06-30,Castres Olympique (2025 - 2025) | Lyon Olympique Universitaire Rugby (2025 - 2025) | Rugby Club Vannes (2025 - 2027)
TOP14,VAN,Dave CHERRY,https://www.allrugby.com/joueurs/dave-cherry-7051.html,2,2,110,,,,2027-06-30,Rugby Club Vannes (2025 - 2027)
TOP14,VAN,Matis PERCHAUD,https://www.allrugby.com/joueurs/matis-perchaud-10981.html,2,1,121,,,,,Aviron Bayonnais (2017 - 2024) | Union Bordeaux-Bègles (2024 - 2027)
TOP14,VAN,Hayam EL BIBOUJI,https://www.allrugby.com/joueurs/hayam-el-bibouji-13718.html,17,4,590,4,,,2025-06-30,Rugby Club Vannes (2025 - 2025) | Section Paloise Béarn Pyrénées (2026 - 2026) | Rugby Club Vannes (2026 - 2027)
TOP14,VAN,Mills SANERIVI,https://www.allrugby.com/joueurs/mills-sanerivi-15122.html,2,0,50,1,,,2027-06-30,Auckland (2025 - 2025) | Moana Pasifika (2025 - 2026) | Rugby Club Vannes (2026 - 2027)
TOP14,VAN,Pascal COTET,https://www.allrugby.com/joueurs/pascal-cotet-1906.html,2,2,102,,,,,Racing Club Narbonnais (2018 - 2022) | Aviron Bayonnais (2022 - 2026) | Provence Rugby (2026 - 2027)
TOP14,VAN,Théo BÉZIAT,https://www.allrugby.com/joueurs/theo-beziat-3407.html,18,13,805,8,,,2027-06-30,Provence Rugby (2017 - 2020) | Rugby Club Vannes (2020 - 2027)
TOP14,VAN,Edoardo IACHIZZI,https://www.allrugby.com/joueurs/edoardo-iachizzi-4588.html,14,8,692,1,,,2023-06-30,Rugby Club Vannes (2020 - 2023) | Benetton Rugby Trévise (2023 - 2025) | Rugby Club Vannes (2025 - 2027)
TOP14,VAN,Eric MARKS,https://www.allrugby.com/joueurs/eric-marks-4506.html,22,17,1269,,,,2027-06-30,Stade Rochelais (2016 - 2019) | Rugby Club Vannes (2019 - 2027)
TOP14,VAN,Pierre CASTILLON,https://www.allrugby.com/joueurs/pierre-castillon-17309.html,6,0,147,,,,,Aviron Bayonnais (2018 - 2027)
TOP14,VAN,Pieter SCHOLTZ,https://www.allrugby.com/joueurs/pieter-scholtz-6324.html,17,10,742,1,,,,Wasps (2021 - 2022) | Aviron Bayonnais (2022 - 2025) | Mitsubishi Sagamihara Dynaboars (2025 - 2026)
TOP14,VAN,Matías ALEMANNO,https://www.allrugby.com/joueurs/matias-alemanno-3925.html,2,2,108,,,,2027-06-30,Jaguares (2020 - 2020) | Gloucester Rugby (2020 - 2026) | Rugby Club Vannes (2026 - 2027)
TOP14,VAN,Quentin BÉTHUNE,https://www.allrugby.com/joueurs/quentin-bethune-3326.html,8,2,201,,,,,Stade Français Paris Rugby (2019 - 2022) | Aviron Bayonnais (2022 - 2025)
TOP14,VAN,Mattéo DESJEUX,https://www.allrugby.com/joueurs/matteo-desjeux-11436.html,2,2,130,,,,2027-06-30,Rugby Club Vannes (2014 - 2027)
TOP14,VAN,Thomas GEFFRÉ,https://www.allrugby.com/joueurs/thomas-geffre-6130.html,13,6,497,2,,,2027-06-30,CS Bourgoin Jallieu Rugby (2021 - 2022) | Stade Langonnais (2022 - 2025) | Rugby Club Vannes (2025 - 2027)
TOP14,VAN,Timothé MÉZOU,https://www.allrugby.com/joueurs/timothe-mezou-9715.html,2,0,52,,,,2027-06-30,Rugby Club Vannes (2019 - 2027)
TOP14,VAN,Swan CORMENIER,https://www.allrugby.com/joueurs/swan-cormenier-5203.html,1,0,35,,,,,Sporting Club Albigeois (2017 - 2019) | Aviron Bayonnais (2019 - 2027)
TOP14,VAN,Tevita TATAFU,https://www.allrugby.com/joueurs/tevita-tatafu-11206.html,2,1,75,1,,,,Aviron Bayonnais (2019 - 2027)
TOP14,VAN,Francisco GORRISSEN,https://www.allrugby.com/joueurs/francisco-gorrissen-8154.html,2,2,160,,,,2027-06-30,Jaguares XV (2021 - 2021) | Belgrano Athletic Club (2021 - 2021) | Rugby Club Vannes (2021 - 2027)
TOP14,VAN,Ioane IASHAGASHVILI,https://www.allrugby.com/joueurs/ioane-iashagashvili-8111.html,2,1,88,,,,2027-06-30,Valence Romans Drôme Rugby (2022 - 2024) | Stade Montois Rugby Pro (2024 - 2026) | Rugby Club Vannes (2026 - 2027)
TOP14,VAN,Facundo BOSCH,https://www.allrugby.com/joueurs/facundo-bosch-5142.html,20,15,867,2,,,,Stade Rochelais (2019 - 2022) | Aviron Bayonnais (2022 - 2027)
TOP14,VAN,Joe EDWARDS,https://www.allrugby.com/joueurs/joe-edwards-4767.html,2,0,84,,,,2027-06-30,Union Bordeaux-Bègles (2016 - 2017) | Provence Rugby (2017 - 2020) | Rugby Club Vannes (2020 - 2027)
TOP14,VAN,Juan Bautista PEDEMONTE,https://www.allrugby.com/joueurs/juan-bautista-pedemonte-8161.html,16,14,1013,4,,,2027-06-30,Jaguares XV (2021 - 2022) | Rugby Club Vannes (2022 - 2027)
TOP14,VAN,Léon BOULIER,https://www.allrugby.com/joueurs/leon-boulier-10726.html,1,1,26,,,,2027-06-30,Rugby Club Vannes (2017 - 2027)
TOP14,VAN,Rudi BROWN,https://www.allrugby.com/joueurs/rudi-brown-13443.html,5,3,216,,,,2025-06-30,Rugby Club Vannes (2025 - 2025) | Rennes Etudiants Club (2026 - 2026) | Rugby Club Vannes (2026 - 2027)
TOP14,VAN,Louis ORTOLAN,https://www.allrugby.com/joueurs/louis-ortolan-12322.html,2,0,16,,,,,Aviron Bayonnais (2017 - 2024)
TOP14,VAN,Simon AUGRY,https://www.allrugby.com/joueurs/simon-augry-5285.html,1,1,80,,,,2024-06-30,Rugby Club Vannes (2024 - 2024) | Biarritz Olympique Pays Basque (2025 - 2025) | Rugby Club Vannes (2025 - 2027)
TOP14,VAN,Sione KALAMAFONI,https://www.allrugby.com/joueurs/sione-kalafamoni-3131.html,1,1,43,,,,2027-06-30,Leicester Tigers (2020 - 2020) | Scarlets (2020 - 2023) | Rugby Club Vannes (2023 - 2027)
TOP14,VAN,Steeve BLANC-MAPPAZ,https://www.allrugby.com/joueurs/steeve-blanc-mappaz-5214.html,1,0,22,,,,2025-06-30,Rugby Club Vannes (2025 - 2025) | Lyon Olympique Universitaire Rugby (2026 - 2026) | Rugby Club Vannes (2026 - 2027)
TOP14,VAN,Thomas PLOYET,https://www.allrugby.com/joueurs/thomas-ployet-8931.html,10,9,612,2,,,2027-06-30,FC Grenoble Rugby (2024 - 2026) | Rugby Club Vannes (2026 - 2027)
TOP14,VAN,Clovis LE BAIL,https://www.allrugby.com/joueurs/clovis-le-bail-4360.html,1,0,15,,,,2027-06-30,Racing 92 (2023 - 2025) | Rugby Club Toulonnais (2025 - 2026) | Rugby Club Vannes (2026 - 2027)
TOP14,VAN,Thomas ACQUIER,https://www.allrugby.com/joueurs/thomas-acquier-1418.html,13,2,394,2,,,,CA Brive Corrèze Limousin (2014 - 2022) | Aviron Bayonnais (2022 - 2024) | US Tyrosse (2024 - 2026)
TOP14,VAN,Michael RURU,https://www.allrugby.com/joueurs/michael-ruru-6661.html,2,2,145,,,,2022-06-30,Rugby Club Vannes (2022 - 2022) | Aviron Bayonnais (2023 - 2023) | Rugby Club Vannes (2023 - 2027)
TOP14,VAN,Mikheil ALANIA,https://www.allrugby.com/joueurs/mikehil-alania-8102.html,25,4,605,3,,,2027-06-30,Stade Aurillacois Cantal Auvergne (2019 - 2025) | Rugby Club Vannes (2025 - 2027)
TOP14,VAN,Vincent GIUDICELLI,https://www.allrugby.com/joueurs/vincent-giudicelli-4847.html,2,1,88,2,,,,Montpellier Hérault Rugby (2017 - 2023) | Aviron Bayonnais (2023 - 2026) | Provence Rugby (2026 - 2027)
TOP14,VAN,Romain VALENTIN,https://www.allrugby.com/joueurs/romain-valentin-15403.html,1,0,,,,,2027-06-30,Rugby Club Vannes (2020 - 2027)
TOP14,VAN,Simi KURUVOLI,https://www.allrugby.com/joueurs/simione-kuruvoli-8002.html,5,0,153,2,,,2027-06-30,Fijian Drua (2021 - 2026) | Rugby Club Vannes (2026 - 2027)
TOP14,VAN,Maxime LAFAGE,https://www.allrugby.com/joueurs/maxime-lafage-3629.html,2,2,160,,,,2027-06-30,Stade Rochelais (2020 - 2020) | Aviron Bayonnais (2020 - 2022) | Rugby Club Vannes (2022 - 2027)
TOP14,VAN,Pierre POPELIN,https://www.allrugby.com/joueurs/pierre-popelin-4497.html,17,11,887,2,,,2027-06-30,Stade Rochelais (2021 - 2023) | Castres Olympique (2023 - 2026) | Rugby Club Vannes (2026 - 2027)
TOP14,VAN,Denis MARCHOIS,https://www.allrugby.com/joueurs/denis-marchois-3589.html,14,7,654,1,,,,Section Paloise Béarn Pyrénées (2019 - 2021) | Aviron Bayonnais (2021 - 2025) | Sporting Union Agenais (2025 - 2027)
TOP14,VAN,Eliott ROUDIL,https://www.allrugby.com/joueurs/elliot-roudil-2543.html,21,19,1539,5,,,2027-06-30,Section Paloise Béarn Pyrénées (2020 - 2025) | Rugby Club Vannes (2025 - 2027)
TOP14,VAN,Inia TABUAVOU,https://www.allrugby.com/joueurs/inia-tabuavou-11014.html,5,0,152,,,,2027-06-30,Fijian Drua (2024 - 2026) | Rugby Club Vannes (2026 - 2027)
TOP14,VAN,Pierre BOUDEHENT,https://www.allrugby.com/joueurs/pierre-boudehent-4509.html,2,2,160,,,,2024-06-30,Rugby Club Vannes (2024 - 2024) | Stade Français Paris Rugby (2025 - 2025) | Rugby Club Vannes (2025 - 2027)
TOP14,VAN,Ray NU'U,https://www.allrugby.com/joueurs/ray-nu-u-12588.html,2,2,108,,,,2027-06-30,Melbourne Rebels (2022 - 2023) | US Colomiers (2023 - 2026) | Rugby Club Vannes (2026 - 2027)
TOP14,VAN,Ben STEVENSON,https://www.allrugby.com/joueurs/ben-stevenson-4864.html,2,0,52,1,,,2027-06-30,Rugby Club Vannes (2025 - 2027)
TOP14,VAN,Enzo BENMEGAL,https://www.allrugby.com/joueurs/enzo-benmegal-13305.html,1,1,80,,,,2023-06-30,Rugby Club Vannes (2023 - 2023) | Racing 92 (2024 - 2024) | Rugby Club Vannes (2024 - 2027)
TOP14,VAN,Murray TAULAGI,https://www.allrugby.com/joueurs/murray-taulagi-23634.html,,,,,,,2027-06-30,Rugby Club Vannes (2026 - 2027)
TOP14,VAN,Nathanaël HULLEU,https://www.allrugby.com/joueurs/nathanael-hulleu-8266.html,1,1,80,,,,2023-06-30,Rugby Club Vannes (2022 - 2023) | Castres Olympique (2023 - 2026) | Rugby Club Vannes (2026 - 2027)
TOP14,VAN,Konstantine MIKAUTADZE,https://www.allrugby.com/joueurs/konstantine-mikautadze-1279.html,2,1,84,,,,,Montpellier Hérault Rugby (2016 - 2020) | Aviron Bayonnais (2020 - 2024) | CA Brive Corrèze Limousin (2024 - 2027)
TOP14,VAN,Lucas PAULOS,https://www.allrugby.com/joueurs/lucas-paulos-7501.html,2,2,102,,,,,Jaguares (2018 - 2020) | CA Brive Corrèze Limousin (2020 - 2023) | Aviron Bayonnais (2023 - 2027)
TOP14,VAN,Romaric CAMOU,https://www.allrugby.com/joueurs/romarick-camou-4494.html,6,5,375,2,,,2027-06-30,USON Nevers Rugby (2019 - 2022) | Rugby Club Vannes (2022 - 2027)
TOP14,VAN,Manuel LEINDEKAR,https://www.allrugby.com/joueurs/manuel-leindekar-5612.html,2,2,160,,,,,Oyonnax Rugby (2024 - 2026) | FC Grenoble Rugby (2026 - 2027)
TOP14,VAN,Anthony BOUTHIER,https://www.allrugby.com/joueurs/anthony-bouthier-4723.html,2,2,160,,,,2019-06-30,Rugby Club Vannes (2014 - 2019) | Montpellier Hérault Rugby (2019 - 2025) | Rugby Club Vannes (2025 - 2027)
TOP14,VAN,Thomas CEYTE,https://www.allrugby.com/joueurs/thomas-ceyte-3465.html,1,1,80,,,,,USON Nevers Rugby (2017 - 2022) | Aviron Bayonnais (2022 - 2024) | ASM Clermont Auvergne (2024 - 2027)
TOP14,VAN,Joe JONAS,https://www.allrugby.com/joueurs/joe-jonas-9971.html,5,3,177,1,,,2027-06-30,Stade Français Paris Rugby (2026 - 2026) | Biarritz Olympique Pays Basque (2026 - 2026) | Rugby Club Vannes (2026 - 2027)
TOP14,VAN,Paul SURANO,https://www.allrugby.com/joueurs/paul-surano-8881.html,2,2,160,2,,,2027-06-30,Rouen Normandie Rugby (2016 - 2023) | Rugby Club Vannes (2023 - 2027)
TOP14,VAN,Hayden LAVERCOMBE,https://www.allrugby.com/joueurs/hayden-lavercombe-22613.html,,,,,,,2027-06-30,Rugby Club Vannes (2025 - 2027)
TOP14,VAN,Badri TSIKHISTAVI,https://www.allrugby.com/joueurs/badri-tsikhistavi-13791.html,4,1,91,,,,,Black Lion (2025 - 2026) | Stade Olympique Chambéry (2026 - 2027)
TOP14,VAN,Leviticus FUNA IUTA,https://www.allrugby.com/joueurs/leviticus-funa-iuta-23758.html,,,,,,,2027-06-30,Rugby Club Vannes (2025 - 2027)
TOP14,VAN,Benjamin LAHET,https://www.allrugby.com/joueurs/benjamin-lahet-13667.html,,,,,,,,Aviron Bayonnais (2018 - 2025) | Capbreton Hossegor Rugby (2025 - 2026)
TOP14,VAN,Oskars VITOLINS,https://www.allrugby.com/joueurs/oskars-vitolins-23584.html,,,,,,,2027-06-30,Rugby Club Vannes (2025 - 2027)
TOP14,VAN,Imanol THICOÏPE,https://www.allrugby.com/joueurs/imanol-thicoipe-17615.html,,,,,,,,Aviron Bayonnais (2011 - 2024)
TOP14,VAN,Petit Jean IPOSO OHOTO,https://www.allrugby.com/joueurs/petit-jean-iposo-ohoto-23704.html,,,,,,,2027-06-30,Rugby Club Vannes (2021 - 2027)
TOP14,VAN,Lucas OFFICIAL,https://www.allrugby.com/joueurs/lucas-official-22806.html,2,0,44,,,,,AS Urruñarrak (2015 - 2016) | Aviron Bayonnais (2016 - 2027)
TOP14,VAN,Sylvestre VAKAULIAFA,https://www.allrugby.com/joueurs/sylvestre-vakauliafa-18106.html,5,2,195,,,,2027-06-30,Union Bordeaux-Bègles (2020 - 2022) | Montpellier Hérault Rugby (2022 - 2026) | Rugby Club Vannes (2026 - 2027)
TOP14,VAN,Matéo GUÉRIN,https://www.allrugby.com/joueurs/mateo-guerin-17618.html,,,,,,,,Stade Bordelais (2021 - 2023) | Aviron Bayonnais (2023 - 2024) | US Dax Rugby Landes (2024 - 2026)
TOP14,VAN,Alessio CAÏOLO,https://www.allrugby.com/joueurs/alessio-caiolo-16446.html,7,4,289,,,,2027-06-30,Stade Olympique Chambéry (2020 - 2025) | Stade Montois Rugby Pro (2025 - 2026) | Rugby Club Vannes (2026 - 2027)
TOP14,VAN,Armand DE ROCHEBOUËT,https://www.allrugby.com/joueurs/armand-de-rochebouet-22900.html,,,,,,,2027-06-30,Rugby Club de Strasbourg (2023 - 2024) | Rugby Club Vannes (2024 - 2027)
TOP14,VAN,Boudewijn VAN OPPENS,https://www.allrugby.com/joueurs/boudewijn-van-oppens-21266.html,,,,,,,2027-06-30,Rouen Normandie Rugby (2025 - 2026) | Rugby Club Vannes (2026 - 2027)
TOP14,VAN,Peïo DOSPITAL,https://www.allrugby.com/joueurs/peio-dospital-21295.html,,,,,,,,Aviron Bayonnais (2022 - 2025) | Biarritz Olympique Pays Basque (2025 - 2026)
TOP14,VAN,Guénolé JOURDAIN,https://www.allrugby.com/joueurs/guenole-jourdain-23726.html,,,,,,,2027-06-30,Olympique Marcquois Rugby (2017 - 2024) | Rugby Club Vannes (2024 - 2027)
TOP14,VAN,Idris TAALO,https://www.allrugby.com/joueurs/idris-taalo-23714.html,,,,,,,2027-06-30,USON Nevers Rugby (2024 - 2026) | Rugby Club Vannes (2026 - 2027)
TOP14,VAN,Jesse STEGEHUIS,https://www.allrugby.com/joueurs/jesse-stegehuis-20689.html,,,,,,,2027-06-30,Rugby Club Vannes (2024 - 2027)
TOP14,VAN,Rupeni BARAVILALA,https://www.allrugby.com/joueurs/rupeni-baravilala-23705.html,,,,,,,2027-06-30,Rugby Club Vannes (2025 - 2027)
TOP14,VAN,Rafaël CAYUELA,https://www.allrugby.com/joueurs/rafael-cayuela-21054.html,,,,,,,,Aviron Bayonnais (2019 - 2024) | Stado Tarbes Pyrénées Rugby (2024 - 2026)
TOP14,VAN,Tjeerd AIKEMA,https://www.allrugby.com/joueurs/tjeerd-aikema-20777.html,,,,,,,2027-06-30,Aspire Academy (2024 - 2025) | Rugby Club Vannes (2025 - 2027)
TOP14,VAN,Adam BRENNAN,https://www.allrugby.com/joueurs/adam-brennan-22341.html,,,,,,,2027-06-30,Rugby Club Vannes (2022 - 2027)
TOP14,VAN,Basile PAUL,https://www.allrugby.com/joueurs/basile-paul-23727.html,,,,,,,2027-06-30,Cercle Jules Ferry Saint-Malo (2016 - 2022) | Rugby Club Vannes (2022 - 2027)
TOP14,VAN,Ewen MORVAN,https://www.allrugby.com/joueurs/ewen-morvan-23778.html,,,,,,,2027-06-30,RC Saint Sébastien - Basse Goulaine (2015 - 2023) | Rugby Club Vannes (2023 - 2027)
TOP14,VAN,Yonn RAMOND,https://www.allrugby.com/joueurs/yonn-ramond-21382.html,,,,,,,,Aviron Bayonnais (2023 - 2025) | Rugby Club de Saint-Médard en Jalles (2025 - 2026)
TOP14,VAN,Gabin BOURGEOIS,https://www.allrugby.com/joueurs/gabin-bourgeois-20688.html,,,,,,,2027-06-30,Rugby Club Vannes (2021 - 2027)
TOP14,VAN,Hugo AFONSO,https://www.allrugby.com/joueurs/hugo-afonso-17608.html,,,,,,,,Aviron Bayonnais (2015 - 2024) | Saint Jean-de-Luz Olympique Rugby (2024 - 2025)
TOP14,VAN,Lino ALLARD,https://www.allrugby.com/joueurs/lino-allard-23702.html,,,,,,,2027-06-30,Rugby Club Vannes (2021 - 2027)
TOP14,VAN,Jokin DUHALT,https://www.allrugby.com/joueurs/jokin-duhalt-22601.html,,,,,,,,Aviron Bayonnais (2022 - 2026)
TOP14,VAN,Owen NOUVION,https://www.allrugby.com/joueurs/owen-nouvion-18665.html,,,,,,,2027-06-30,Stade Français Paris Rugby (2020 - 2024) | Rugby Club Vannes (2024 - 2027)
TOP14,VAN,Mathéo FUTHAZAR,https://www.allrugby.com/joueurs/matheo-futhazar-23117.html,,,,,,,,Aviron Bayonnais (2022 - 2026) | Association Sportive Béziers Hérault (2026 - 2027)
TOP14,VAN,Max BRU,https://www.allrugby.com/joueurs/max-bru-18004.html,,,,,,,,Aviron Bayonnais (2018 - 2024) | Anglet Olympique Rugby Club (2024 - 2025)
TOP14,VAN,Arthus MAROLLEAU,https://www.allrugby.com/joueurs/arthus-marolleau-23703.html,,,,,,,2027-06-30,U.S. Tours (2016 - 2023) | Rugby Club Vannes (2023 - 2027)
TOP14,VAN,Yon CAPÉRAÀ,https://www.allrugby.com/joueurs/yon-caperaa-20327.html,,,,,,,,Aviron Bayonnais (2022 - 2025) | Section Paloise Béarn Pyrénées (2025 - 2027)
TOP14,VAN,Jean COTARMANAC'H,https://www.allrugby.com/joueurs/jean-cotarmanac-h-15404.html,4,2,190,,,,2027-06-30,Cercle Jules Ferry Saint-Malo (2013 - 2020) | Rugby Club Vannes (2020 - 2027)
TOP14,VAN,Aiden STAIT,https://www.allrugby.com/joueurs/aiden-stait-16308.html,,,,,,,,Aviron Bayonnais (2023 - 2026)
TOP14,VAN,Robin GICQUEL,https://www.allrugby.com/joueurs/robin-gicquel-21846.html,4,1,150,1,,,2027-06-30,Rennes Etudiants Club (2026 - 2026) | Rugby Club Vannes (2027 - 2027) | Rennes Etudiants Club (2027 - 2027)
TOP14,VAN,Terence ROUTIER,https://www.allrugby.com/joueurs/terence-routier-23583.html,,,,,,,2027-06-30,Rugby Union Pays de Lorient (2021 - 2022) | Rugby Club Vannes (2022 - 2027)
TOP14,VAN,Valentin EPIS-KACZMAREK,https://www.allrugby.com/joueurs/valentin-epis-kaczmarek-23813.html,,,,,,,2027-06-30,Rugby Club Vannes (2016 - 2027)
TOP14,VAN,Gaëtan NGASSA MANAC'H,https://www.allrugby.com/joueurs/gaetan-ngassa-manac-h-23701.html,,,,,,,2027-06-30,Rugby Club Vannes (2023 - 2027)
TOP14,VAN,Dylan INDABURU,https://www.allrugby.com/joueurs/dylan-indaburu-17616.html,,,,,,,,Section Paloise Béarn Pyrénées (2017 - 2019) | Avenir Bizanos (2021 - 2023) | Aviron Bayonnais (2023 - 2024)
TOP14,VAN,Marin BOULIER,https://www.allrugby.com/joueurs/marin-boulier-18626.html,9,3,321,2,,,2027-06-30,Rouen Normandie Rugby (2021 - 2025) | Rugby Club Vannes (2025 - 2027)
TOP14,VAN,Hugo LECLERQ,https://www.allrugby.com/joueurs/hugo-leclerq-23766.html,,,,,,,,AS Sain-Martin-de-Seignanx (2018 - 2022) | Aviron Bayonnais (2022 - 2027)
TOP14,VAN,Mateo ARAGÓN,https://www.allrugby.com/joueurs/mateo-aragon-13733.html,1,0,21,,,,2027-06-30,Union Bordeaux-Bègles (2022 - 2026) | Rugby Club Vannes (2026 - 2027)
TOP14,VAN,Ignacio VALDES-LEIVA,https://www.allrugby.com/joueurs/ignacio-valdes-leiva-20319.html,,,,,,,,Nissa Rugby (2017 - 2019) | Aviron Bayonnais (2019 - 2027)
TOP14,VAN,Robin TACCOLA,https://www.allrugby.com/joueurs/robin-taccola-15405.html,23,16,1433,9,,,2027-06-30,RC Suresnes (2014 - 2016) | Rugby Club Vannes (2016 - 2027)
TOP14,VAN,Jules DERRE,https://www.allrugby.com/joueurs/jules-derre-22752.html,,,,,,,,US Vicquoise (2018 - 2020) | Stado Tarbes Pyrénées Rugby (2020 - 2022) | Aviron Bayonnais (2022 - 2026)
TOP14,VAN,Jules MARTIN-BONNARD,https://www.allrugby.com/joueurs/jules-martin-bonnard-20849.html,,,,,,,,Aviron Bayonnais (2023 - 2026) | Stade Toulousain (2026 - 2027)
TOP14,VAN,Nathanaël SENGA KOUO,https://www.allrugby.com/joueurs/nathanael-senga-kouo-23278.html,,,,,,,2027-06-30,Rugby Club Vannes (2024 - 2027)
TOP14,VAN,Paul BARD,https://www.allrugby.com/joueurs/paul-bard-23749.html,,,,,,,2027-06-30,Rugby Club Vannes (2023 - 2027)
TOP14,VAN,Philippe ROUDAUT,https://www.allrugby.com/joueurs/philippe-roudaut-23814.html,,,,,,,2027-06-30,Rugby Club Vannes (2023 - 2027)
TOP14,VAN,Davit AROBELIDZE,https://www.allrugby.com/joueurs/davit-arobelidze-22640.html,3,1,92,,,,2027-06-30,Rugby Club Vannes (2026 - 2027)
TOP14,VAN,Iliesa BARAVILALA,https://www.allrugby.com/joueurs/iliesa-baravilala-22091.html,,,,,,,2027-06-30,Rugby Club Vannes (2025 - 2027)
TOP14,VAN,Txomin ITHURBIDE,https://www.allrugby.com/joueurs/txomin-ithurbide-20709.html,,,,,,,,Saint Jean-de-Luz Olympique Rugby (2025 - 2026)
TOP14,VAN,Apisalome RATUNIYARAWA,https://www.allrugby.com/joueurs/apisalome-ratuniyarawa-1787.html,1,0,13,,,,,Northampton Saints (2017 - 2022) | London Irish (2022 - 2023) | Aviron Bayonnais (2023 - 2024)
PROD2,BEZ,Julien RASAMOELINA,https://www.allrugby.com/joueurs/julien-rasamoelina-11916.html,2,1,70,,,,2027-06-30,Montpellier Hérault Rugby (2021 - 2022) | Association Sportive Béziers Hérault (2022 - 2027)
PROD2,BEZ,Killian TAOFIFENUA,https://www.allrugby.com/joueurs/killian-taofifenua-8874.html,2,1,56,,,,2027-06-30,Biarritz Olympique Pays Basque (2023 - 2025) | US Carcassonne (2025 - 2026) | Association Sportive Béziers Hérault (2026 - 2027)
PROD2,BEZ,Luka AZARIASHVILI,https://www.allrugby.com/joueurs/luka-azariashvili-8100.html,2,2,85,,,,2027-06-30,Rouen Normandie Rugby (2023 - 2024) | Union Sportive Montalbanaise (2024 - 2026) | Association Sportive Béziers Hérault (2026 - 2027)
PROD2,BEZ,Luka GOGINAVA,https://www.allrugby.com/joueurs/luka-goginava-5395.html,3,2,157,,,,2027-06-30,FC Grenoble Rugby (2021 - 2024) | Stade Montois Rugby Pro (2024 - 2026) | Association Sportive Béziers Hérault (2026 - 2027)
PROD2,BEZ,Alex BURIN,https://www.allrugby.com/joueurs/alex-burin-7289.html,24,17,1067,1,,,,Sporting Union Agenais (2017 - 2026) | Castres Olympique (2026 - 2027)
PROD2,BEZ,Maka MAFILEO,https://www.allrugby.com/joueurs/maka-mafileo-23484.html,2,0,79,,,,2027-06-30,Association Sportive Béziers Hérault (2026 - 2027)
PROD2,BEZ,Yahnis EL MASLOUHI,https://www.allrugby.com/joueurs/yahnis-el-maslouhi-13809.html,1,0,20,,,,2027-06-30,Union Bordeaux-Bègles (2022 - 2024) | Association Sportive Béziers Hérault (2024 - 2027)
PROD2,BEZ,Jonathan MAÏAU,https://www.allrugby.com/joueurs/jonathan-maiau-11004.html,7,2,237,,,,2027-06-30,USON Nevers Rugby (2023 - 2025) | Association Sportive Béziers Hérault (2025 - 2027)
PROD2,BEZ,Nika SUTIDZE,https://www.allrugby.com/joueurs/nika-sutidze-13788.html,1,1,60,,,,2027-06-30,Lelo Saracens Tbilissi (2022 - 2022) | Stade Rochelais (2022 - 2026) | Association Sportive Béziers Hérault (2026 - 2027)
PROD2,BEZ,Beau FARRANCE,https://www.allrugby.com/joueurs/beau-farrance-8270.html,15,4,530,,,,,Stado Tarbes Pyrénées Rugby (2023 - 2023) | Sporting Union Agenais (2023 - 2026) | Nissa Rugby (2026 - 2027)
PROD2,BEZ,Yanis BOULASSEL,https://www.allrugby.com/joueurs/yanis-boulassel-12343.html,1,0,24,,,,2027-06-30,Rugby Club Toulonnais (2024 - 2024) | Association Sportive Béziers Hérault (2024 - 2027)
PROD2,BEZ,Yanis LOCKWOOD,https://www.allrugby.com/joueurs/yanis-lockwood-18213.html,2,0,97,,,,2027-06-30,RC Cevenol (2016 - 2021) | Association Sportive Béziers Hérault (2021 - 2027)
PROD2,BEZ,Yvann LALEVÉE,https://www.allrugby.com/joueurs/yvann-lalevee-5494.html,2,2,59,,,,2022-06-30,Association Sportive Béziers Hérault (2022 - 2022) | Valence Romans Drôme Rugby (2022 - 2022) | Association Sportive Béziers Hérault (2022 - 2027)
PROD2,BEZ,Cam DODSON,https://www.allrugby.com/joueurs/cameron-dodson-11053.html,3,2,190,,,,2027-06-30,Chicago Hounds (2023 - 2023) | Stade Aurillacois Cantal Auvergne (2023 - 2024) | Association Sportive Béziers Hérault (2024 - 2027)
PROD2,BEZ,Gillian BENOY,https://www.allrugby.com/joueurs/gillian-benoy-5978.html,1,1,80,,,,2027-06-30,RC Suresnes (2019 - 2021) | Association Sportive Béziers Hérault (2021 - 2027)
PROD2,BEZ,Ian KITWANGA,https://www.allrugby.com/joueurs/ian-kitwanga-8405.html,3,1,120,,,,2027-06-30,Soyaux-Angoulême XV Charente (2022 - 2026) | Association Sportive Béziers Hérault (2026 - 2027)
PROD2,BEZ,Jérôme DUFOUR,https://www.allrugby.com/joueurs/jerome-dufour-7924.html,2,2,92,,,,2027-06-30,Stade Aurillacois Cantal Auvergne (2019 - 2021) | Provence Rugby (2021 - 2025) | Association Sportive Béziers Hérault (2025 - 2027)
PROD2,BEZ,Florent GUION,https://www.allrugby.com/joueurs/florent-guion-5163.html,1,0,32,,,,,Soyaux-Angoulême XV Charente (2017 - 2019) | Rouen Normandie Rugby (2019 - 2021) | Sporting Union Agenais (2021 - 2027)
PROD2,BEZ,Shahn ERU,https://www.allrugby.com/joueurs/eru-shahn-5154.html,3,1,109,,,,2027-06-30,Union Sportive Arlequins Perpignanais (2017 - 2024) | Association Sportive Béziers Hérault (2024 - 2027)
PROD2,BEZ,Hans LOMBARD-BURET,https://www.allrugby.com/joueurs/hans-lombard-buret-6129.html,2,2,110,,,,,Stade Toulousain (2015 - 2018) | Sporting Union Agenais (2018 - 2027)
PROD2,BEZ,Antoine PAYRASTRE,https://www.allrugby.com/joueurs/antoine-payrastre-14340.html,2,0,29,,,,2027-06-30,Association Sportive Béziers Hérault (2016 - 2027)
PROD2,BEZ,Apisalome KURUISAQILA,https://www.allrugby.com/joueurs/apisalome-kuruisaqila-16510.html,8,2,259,,,,2027-06-30,Association Sportive Béziers Hérault (2022 - 2027)
PROD2,BEZ,Clément ANCELY,https://www.allrugby.com/joueurs/clement-ancely-1097.html,1,1,70,,,,2027-06-30,FC Grenoble Rugby (2018 - 2023) | Association Sportive Béziers Hérault (2023 - 2027)
PROD2,BEZ,Mackenzie MARTIN,https://www.allrugby.com/joueurs/mackenzie-martin-14023.html,3,1,92,,,,2027-06-30,Dragons RFC (2025 - 2026) | Association Sportive Béziers Hérault (2026 - 2027)
PROD2,BEZ,Sias KOEN,https://www.allrugby.com/joueurs/sias-koen-8993.html,3,3,214,1,,,2027-06-30,Central Cheetahs (2019 - 2020) | Association Sportive Béziers Hérault (2020 - 2027)
PROD2,BEZ,Malik HAMADACHE,https://www.allrugby.com/joueurs/malik-hamadache-1497.html,7,6,313,,,,,Section Paloise Béarn Pyrénées (2016 - 2021) | Montpellier Hérault Rugby (2021 - 2022) | Sporting Union Agenais (2022 - 2024)
PROD2,BEZ,Tanguy JAILLON,https://www.allrugby.com/joueurs/tanguy-jaillon-17889.html,1,1,51,,,,2027-06-30,Lyon Olympique Universitaire Rugby (2020 - 2024) | Association Sportive Béziers Hérault (2024 - 2027)
PROD2,BEZ,Thomas CANALETA,https://www.allrugby.com/joueurs/thomas-canaleta-14312.html,3,3,218,,,,2027-06-30,Association Sportive Béziers Hérault (2016 - 2027)
PROD2,BEZ,Mamuka MSTOIANI,https://www.allrugby.com/joueurs/mamuka-mstoiani-11285.html,2,2,108,,,,,Sporting Union Agenais (2021 - 2026) | US Colomiers (2026 - 2027)
PROD2,BEZ,William VAN BOST,https://www.allrugby.com/joueurs/william-van-bost-7576.html,1,0,18,,,,2027-06-30,Association Sportive Béziers Hérault (2019 - 2027)
PROD2,BEZ,Adrien BAU,https://www.allrugby.com/joueurs/adrien-bau-1458.html,1,1,60,,,,2026-06-30,Association Sportive Béziers Hérault (2026 - 2026) | Soyaux-Angoulême XV Charente (2027 - 2027) | Association Sportive Béziers Hérault (2027 - 2027)
PROD2,BEZ,Damien AÑON,https://www.allrugby.com/joueurs/damien-anon-4684.html,1,1,80,,,,2027-06-30,US Carcassonne (2017 - 2024) | Association Sportive Béziers Hérault (2024 - 2027)
PROD2,BEZ,David DELARUE,https://www.allrugby.com/joueurs/david-delarue-4086.html,21,18,979,5,,,2027-06-30,Stade Aurillacois Cantal Auvergne (2021 - 2026) | Association Sportive Béziers Hérault (2026 - 2027)
PROD2,BEZ,Martin VERDU,https://www.allrugby.com/joueurs/martin-verdu-18189.html,2,0,59,,,,2027-06-30,Castres Olympique (2021 - 2026) | Association Sportive Béziers Hérault (2026 - 2027)
PROD2,BEZ,Mathieu FRÉRET,https://www.allrugby.com/joueurs/mathieu-freret-23638.html,2,1,56,,,,2027-06-30,Association Sportive Béziers Hérault (2018 - 2027)
PROD2,BEZ,Richard BARRINGTON,https://www.allrugby.com/joueurs/richard-barrington-2255.html,18,1,374,,,,,Sporting Union Agenais (2022 - 2024) | Ampthill Rugby (2024 - 2027)
PROD2,BEZ,Charly MALIÉ,https://www.allrugby.com/joueurs/charly-malie-1744.html,2,2,160,,,,2027-06-30,Section Paloise Béarn Pyrénées (2015 - 2021) | Association Sportive Béziers Hérault (2021 - 2027)
PROD2,BEZ,Gabin KRETCHMANN,https://www.allrugby.com/joueurs/gabin-kretchmann-18454.html,1,0,28,,,,2027-06-30,Union Sportive Arlequins Perpignanais (2019 - 2026) | Association Sportive Béziers Hérault (2026 - 2027)
PROD2,BEZ,Théo SAUZARET,https://www.allrugby.com/joueurs/theo-sauzaret-8376.html,2,0,54,,,,,Stade Olympique Chambéry (2020 - 2022) | Sporting Union Agenais (2022 - 2024) | US Carcassonne (2024 - 2027)
PROD2,BEZ,Joseph LAHARRAGUE,https://www.allrugby.com/joueurs/joseph-laharrague-18067.html,2,2,160,1,,,2027-06-30,Stado Tarbes Pyrénées Rugby (2016 - 2023) | Union Bordeaux-Bègles (2023 - 2026) | Association Sportive Béziers Hérault (2026 - 2027)
PROD2,BEZ,Victor DREUILLE,https://www.allrugby.com/joueurs/victor-dreuille-5130.html,2,1,120,,,,2027-06-30,Association Sportive Béziers Hérault (2005 - 2027)
PROD2,BEZ,Guillaume GALLETIER,https://www.allrugby.com/joueurs/guillaume-galletier-4433.html,1,1,74,,,,2027-06-30,CA Brive Corrèze Limousin (2019 - 2025) | Provence Rugby (2025 - 2026) | Association Sportive Béziers Hérault (2026 - 2027)
PROD2,BEZ,Clément MARTINEZ,https://www.allrugby.com/joueurs/clement-martinez-5465.html,3,1,118,2,,,,Sporting Union Agenais (2019 - 2024) | Biarritz Olympique Pays Basque (2024 - 2026) | Nissa Rugby (2026 - 2027)
PROD2,BEZ,Job POULET,https://www.allrugby.com/joueurs/job-poulet-12332.html,2,2,160,,,,2027-06-30,Racing 92 (2021 - 2023) | Union Sportive Arlequins Perpignanais (2023 - 2026) | Association Sportive Béziers Hérault (2026 - 2027)
PROD2,BEZ,Malakai FEKITOA,https://www.allrugby.com/joueurs/malakai-fekitoa-3906.html,2,2,160,,,,2027-06-30,Munster Rugby (2022 - 2023) | Benetton Rugby Trévise (2023 - 2026) | Association Sportive Béziers Hérault (2026 - 2027)
PROD2,BEZ,Paul GADÉA,https://www.allrugby.com/joueurs/paul-gadea-10859.html,2,1,86,,,,2027-06-30,RC Hyères Carqueiranne La Crau (2023 - 2024) | US Carcassonne (2024 - 2026) | Association Sportive Béziers Hérault (2026 - 2027)
PROD2,BEZ,Paul RECOR,https://www.allrugby.com/joueurs/paul-recor-6582.html,16,14,1068,1,,,2027-06-30,Association Sportive Béziers Hérault (2014 - 2027)
PROD2,BEZ,Jordon JANSE VAN RENSBURG,https://www.allrugby.com/joueurs/jordon-janse-van-rensburg-8892.html,2,1,93,1,,,2027-06-30,Stade Aurillacois Cantal Auvergne (2019 - 2026) | Association Sportive Béziers Hérault (2026 - 2027)
PROD2,BEZ,Nicolas PLAZY,https://www.allrugby.com/joueurs/nicolas-plazy-4355.html,1,1,2,,,,2027-06-30,Union Bordeaux-Bègles (2018 - 2020) | Association Sportive Béziers Hérault (2020 - 2027)
PROD2,BEZ,Paul RÉAU,https://www.allrugby.com/joueurs/paul-reau-13711.html,16,15,1113,5,,,2027-06-30,Association Sportive Béziers Hérault (2009 - 2027)
PROD2,BEZ,Pierre COURTAUD,https://www.allrugby.com/joueurs/pierre-courtaud-8598.html,2,2,160,1,,,2027-06-30,ASM Clermont Auvergne (2015 - 2019) | Association Sportive Béziers Hérault (2019 - 2027)
PROD2,BEZ,Barnabé MÉCHENTEL,https://www.allrugby.com/joueurs/barnabe-mechentel-16365.html,3,3,212,1,,,2027-06-30,Rugby Club Toulonnais (2023 - 2026) | Association Sportive Béziers Hérault (2026 - 2027)
PROD2,BEZ,Duran KOEVORT,https://www.allrugby.com/joueurs/duran-koevort-13988.html,13,13,923,1,,,2027-06-30,University of Cape Town (2022 - 2025) | Association Sportive Béziers Hérault (2025 - 2027)
PROD2,BEZ,Adrien PAGANOTTO,https://www.allrugby.com/joueurs/adrien-paganotto-9977.html,,,,,,,,Sporting Union Agenais (2020 - 2025) | US Marmande (2025 - 2026)
PROD2,BEZ,Tubuna MAKA,https://www.allrugby.com/joueurs/tubuna-maka-18161.html,3,0,45,,,,2027-06-30,Cambridge RUFC (2026 - 2026) | Leicester Tigers (2026 - 2026) | Association Sportive Béziers Hérault (2026 - 2027)
PROD2,BEZ,Alexandre EVERAERT,https://www.allrugby.com/joueurs/alexandre-everaert-15860.html,,,,,,,,ASM Clermont Auvergne (2019 - 2023) | Sporting Union Agenais (2023 - 2027)
PROD2,BEZ,Louis JIMENEZ,https://www.allrugby.com/joueurs/louis-jimenez-22603.html,,,,,,,2027-06-30,Montpellier Hérault Rugby (2018 - 2026) | Association Sportive Béziers Hérault (2026 - 2027)
PROD2,BEZ,Bastien DARRÉ,https://www.allrugby.com/joueurs/bastien-darre-21330.html,,,,,,,,Sporting Union Agenais (2021 - 2027)
PROD2,BEZ,Mathéo FUTHAZAR,https://www.allrugby.com/joueurs/matheo-futhazar-23117.html,,,,,,,2027-06-30,Aviron Bayonnais (2022 - 2026) | Association Sportive Béziers Hérault (2026 - 2027)
PROD2,BEZ,Brice HOARAU,https://www.allrugby.com/joueurs/brice-hoarau-14462.html,,,,,,,,Sporting Union Agenais (2017 - 2025) | AS Fleurance (2025 - 2026)
PROD2,BEZ,Diesel VAN DYK,https://www.allrugby.com/joueurs/diesel-van-dyk-21087.html,,,,,,,2027-06-30,Association Sportive Béziers Hérault (2025 - 2027)
PROD2,BEZ,Clovis SAMARUT,https://www.allrugby.com/joueurs/clovis-samarut-18341.html,,,,,,,,Sporting Union Agenais (2023 - 2026) | 4 Cantons Bastides Haut Agenais Périgord (2026 - 2027)
PROD2,BEZ,Elyan DUTHIL,https://www.allrugby.com/joueurs/elyan-duthil-21463.html,,,,,,,,Sporting Union Agenais (2021 - 2025) | Castres Olympique (2025 - 2027)
PROD2,BEZ,Malo MALVAL,https://www.allrugby.com/joueurs/malo-malval-23542.html,,,,,,,2025-06-30,Association Sportive Béziers Hérault (2025 - 2025) | Montpellier Hérault Rugby (2025 - 2026) | Association Sportive Béziers Hérault (2026 - 2027)
PROD2,BEZ,Nathan SERRES,https://www.allrugby.com/joueurs/nathan-serres-20593.html,,,,,,,2027-06-30,Association Sportive Béziers Hérault (2017 - 2027)
PROD2,BEZ,Julien KOTEUREU,https://www.allrugby.com/joueurs/julien-koteureu-18340.html,1,1,52,,,,,RC Saint-Gilles (2017 - 2018) | Union Rugby Club Dumbéa (2018 - 2019) | Sporting Union Agenais (2019 - 2027)
PROD2,BEZ,Maïno PAKIHIVATAU,https://www.allrugby.com/joueurs/maino-pakihivatau-9976.html,1,0,15,,,,,Sporting Union Agenais (2020 - 2024) | US Marmande (2024 - 2026)
PROD2,BEZ,Monty LOGGENBERG,https://www.allrugby.com/joueurs/monty-loggenberg-21653.html,2,0,19,,,,2027-06-30,Chinnor R.F.C. (2026 - 2026) | Cambridge RUFC (2026 - 2026) | Association Sportive Béziers Hérault (2026 - 2027)
PROD2,BEZ,Mathis GENSUL,https://www.allrugby.com/joueurs/mathis-gensul-18342.html,,,,,,,,Sanary Ovalie (2016 - 2018) | Union Sportive Seynoise (2018 - 2021) | Sporting Union Agenais (2021 - 2025)
PROD2,BEZ,Louie WADE,https://www.allrugby.com/joueurs/louie-wade-23635.html,,,,,,,2027-06-30,Association Sportive Béziers Hérault (2026 - 2027)
PROD2,BEZ,Noah DERON,https://www.allrugby.com/joueurs/noah-deron-18348.html,,,,,,,,Sporting Union Agenais (2018 - 2026)
PROD2,BEZ,Eliot BELLIEUD,https://www.allrugby.com/joueurs/eliot-bellieud-22513.html,,,,,,,2027-06-30,AS Mâcon Rugby (2026 - 2026) | Ordizia Rugby Elkartea (2026 - 2026) | Association Sportive Béziers Hérault (2026 - 2027)
PROD2,BEZ,Riley PULU,https://www.allrugby.com/joueurs/riley-pulu-13787.html,,,,,,,,Sporting Union Agenais (2022 - 2024) | Union Sportive Arlequins Perpignanais (2024 - 2026)
PROD2,BEZ,Hugo LOGGENBERG,https://www.allrugby.com/joueurs/hugo-loggenberg-21265.html,,,,,,,2027-06-30,Association Sportive Béziers Hérault (2025 - 2027)
PROD2,BEZ,Arthur LEROUX,https://www.allrugby.com/joueurs/arthur-leroux-22698.html,,,,,,,2027-06-30,Rugby Club Vannes (2020 - 2022) | Rennes Etudiants Club (2022 - 2026) | Association Sportive Béziers Hérault (2026 - 2027)
PROD2,BEZ,Clovis CHIZAT,https://www.allrugby.com/joueurs/clovis-chizat-18458.html,,,,,,,,Sporting Union Agenais (2020 - 2024) | US Colomiers (2024 - 2027)
PROD2,BEZ,Deyan NEPVEUX,https://www.allrugby.com/joueurs/deyan-nepveux-22357.html,,,,,,,,Sporting Union Agenais (2015 - 2027)
PROD2,BEZ,Enslin CLAASEN,https://www.allrugby.com/joueurs/enslin-claasen-21395.html,1,1,80,,,,2027-06-30,Association Sportive Béziers Hérault (2025 - 2027)
PROD2,BEZ,Enzo FARNET,https://www.allrugby.com/joueurs/enzo-farnet-23637.html,,,,,,,2027-06-30,XV du Coudon (2025 - 2026) | Association Sportive Béziers Hérault (2026 - 2027)
PROD2,BEZ,Ethan VINCENT,https://www.allrugby.com/joueurs/ethan-vincent-18351.html,,,,,,,,Sporting Union Agenais (2010 - 2025)
PROD2,BEZ,Grégory ROBERT,https://www.allrugby.com/joueurs/gregory-robert-15452.html,,,,,,,,US Bergerac Rugby (2011 - 2017) | Sporting Union Agenais (2017 - 2024) | US Bergerac Rugby (2024 - 2025)
PROD2,BEZ,Jules JEUNEHOMME,https://www.allrugby.com/joueurs/jules-jeunehomme-18345.html,,,,,,,,Sporting Union Agenais (2020 - 2025) | Anglet Olympique Rugby Club (2025 - 2026)
PROD2,BEZ,Wassil ZERKA,https://www.allrugby.com/joueurs/wassil-zerka-23636.html,,,,,,,2027-06-30,Stade Nantais (2024 - 2025) | Niort RC (2025 - 2026) | Association Sportive Béziers Hérault (2026 - 2027)
PROD2,BEZ,Maé RIVIÈRE,https://www.allrugby.com/joueurs/mae-riviere-21331.html,,,,,,,,Pessac (2016 - 2022) | Sporting Union Agenais (2022 - 2027)
PROD2,BEZ,Nathan BOSSO,https://www.allrugby.com/joueurs/nathan-bosso-20592.html,,,,,,,2027-06-30,Association Sportive Béziers Hérault (2015 - 2027)
PROD2,BEZ,Walter DESMAISON,https://www.allrugby.com/joueurs/walter-desmaison-1941.html,1,0,32,,,,,FC Grenoble Rugby (2015 - 2017) | Stade Montois Rugby Pro (2017 - 2019) | Sporting Union Agenais (2019 - 2024)
PROD2,OYO,Ali OZ,https://www.allrugby.com/joueurs/ali-oz-4378.html,16,9,654,2,,,2027-06-30,Racing 92 (2019 - 2023) | Oyonnax Rugby (2023 - 2027)
PROD2,OYO,Antoine ABRAHAM,https://www.allrugby.com/joueurs/antoine-abraham-2826.html,3,3,180,,,,2027-06-30,Rugby Club Vannes (2019 - 2022) | Oyonnax Rugby (2022 - 2027)
PROD2,OYO,Charlie ABEL,https://www.allrugby.com/joueurs/charlie-abel-9288.html,2,0,74,,,,2027-06-30,Auckland (2022 - 2022) | Chicago Hounds (2022 - 2026) | Oyonnax Rugby (2026 - 2027)
PROD2,OYO,Alex BURIN,https://www.allrugby.com/joueurs/alex-burin-7289.html,24,17,1067,1,,,,Sporting Union Agenais (2017 - 2026) | Castres Olympique (2026 - 2027)
PROD2,OYO,Martin VILLAR,https://www.allrugby.com/joueurs/martin-villar-15092.html,6,1,168,1,,,2027-06-30,Stade Montois Rugby Pro (2025 - 2025) | Aviron Bayonnais (2025 - 2025) | Oyonnax Rugby (2025 - 2027)
PROD2,OYO,Mayco VIVAS,https://www.allrugby.com/joueurs/mayco-vivas-7502.html,20,16,1038,,,,2027-06-30,Gloucester Rugby (2022 - 2025) | Oyonnax Rugby (2025 - 2027)
PROD2,OYO,Mohamed MEGHERBI,https://www.allrugby.com/joueurs/mohamed-megherbi-18717.html,2,2,94,,,,2027-06-30,Stade Toulousain (2026 - 2026) | Oyonnax Rugby (2026 - 2027)
PROD2,OYO,Beau FARRANCE,https://www.allrugby.com/joueurs/beau-farrance-8270.html,15,4,530,,,,,Stado Tarbes Pyrénées Rugby (2023 - 2023) | Sporting Union Agenais (2023 - 2026) | Nissa Rugby (2026 - 2027)
PROD2,OYO,Rémi DI PIETRO,https://www.allrugby.com/joueurs/remi-di-pietro-14785.html,3,0,60,,,,2027-06-30,Racing Club Narbonnais (2025 - 2026) | Oyonnax Rugby (2026 - 2027)
PROD2,OYO,Yannick ARROYO,https://www.allrugby.com/joueurs/yannick-arroyo-7739.html,2,1,72,,,,2027-06-30,Montpellier Hérault Rugby (2020 - 2022) | Association Sportive Béziers Hérault (2022 - 2026) | Oyonnax Rugby (2026 - 2027)
PROD2,OYO,Feleti KAITU'U,https://www.allrugby.com/joueurs/feleti-kaitu-u-10428.html,2,1,83,,,,2027-06-30,Western Force (2023 - 2024) | Racing 92 (2024 - 2026) | Oyonnax Rugby (2026 - 2027)
PROD2,OYO,Julien RATAJCZAK,https://www.allrugby.com/joueurs/julien-ratajczak-14724.html,2,0,55,3,,,2027-06-30,CS Bourgoin Jallieu Rugby (2024 - 2025) | Oyonnax Rugby (2025 - 2027)
PROD2,OYO,Florent GUION,https://www.allrugby.com/joueurs/florent-guion-5163.html,1,0,32,,,,,Soyaux-Angoulême XV Charente (2017 - 2019) | Rouen Normandie Rugby (2019 - 2021) | Sporting Union Agenais (2021 - 2027)
PROD2,OYO,Hans LOMBARD-BURET,https://www.allrugby.com/joueurs/hans-lombard-buret-6129.html,2,2,110,,,,,Stade Toulousain (2015 - 2018) | Sporting Union Agenais (2018 - 2027)
PROD2,OYO,Vano KARKADZE,https://www.allrugby.com/joueurs/vano-karkadze-6737.html,2,2,102,,,,2027-06-30,CA Brive Corrèze Limousin (2019 - 2023) | Montpellier Hérault Rugby (2023 - 2025) | Oyonnax Rugby (2025 - 2027)
PROD2,OYO,Alban ROUSSEL,https://www.allrugby.com/joueurs/alban-roussel-5810.html,3,1,109,,,,2027-06-30,Lyon Olympique Universitaire Rugby (2023 - 2025) | Oyonnax Rugby (2025 - 2027)
PROD2,OYO,Koen BLOEMEN,https://www.allrugby.com/joueurs/koen-bloemen-6973.html,3,3,214,,,,2027-06-30,Rugby Club Vannes (2024 - 2024) | Stade Aurillacois Cantal Auvergne (2024 - 2026) | Oyonnax Rugby (2026 - 2027)
PROD2,OYO,Leone ROTUISOLIA,https://www.allrugby.com/joueurs/ratu-rotuisolia-12039.html,14,9,726,2,,,2027-06-30,Fijian Drua (2021 - 2025) | Oyonnax Rugby (2025 - 2027)
PROD2,OYO,Malik HAMADACHE,https://www.allrugby.com/joueurs/malik-hamadache-1497.html,7,6,313,,,,,Section Paloise Béarn Pyrénées (2016 - 2021) | Montpellier Hérault Rugby (2021 - 2022) | Sporting Union Agenais (2022 - 2024)
PROD2,OYO,Phoenix BATTYE,https://www.allrugby.com/joueurs/phoenix-battye-2380.html,3,2,157,1,,,2027-06-30,Association Sportive Béziers Hérault (2014 - 2017) | Oyonnax Rugby (2017 - 2027)
PROD2,OYO,Antoine MIQUEL,https://www.allrugby.com/joueurs/antoine-miquel-4227.html,19,8,752,4,,,2027-06-30,Union Bordeaux-Bègles (2022 - 2024) | Oyonnax Rugby (2024 - 2027)
PROD2,OYO,Mamuka MSTOIANI,https://www.allrugby.com/joueurs/mamuka-mstoiani-11285.html,2,2,108,,,,,Sporting Union Agenais (2021 - 2026) | US Colomiers (2026 - 2027)
PROD2,OYO,Cyriac GUILLY,https://www.allrugby.com/joueurs/cyriac-guilly-11218.html,3,2,178,2,,,2027-06-30,ASM Clermont Auvergne (2021 - 2024) | US Tyrosse (2024 - 2025) | Oyonnax Rugby (2025 - 2027)
PROD2,OYO,Hugo HERMET,https://www.allrugby.com/joueurs/hugo-hermet-8932.html,2,1,106,2,,,2027-06-30,Castres Olympique (2017 - 2022) | Oyonnax Rugby (2022 - 2027)
PROD2,OYO,Kévin LEBRETON,https://www.allrugby.com/joueurs/kevin-lebreton-3597.html,3,2,170,,,,2027-06-30,Stade Aurillacois Cantal Auvergne (2016 - 2020) | Rouen Normandie Rugby (2020 - 2021) | Oyonnax Rugby (2021 - 2027)
PROD2,OYO,Loïc GODENER,https://www.allrugby.com/joueurs/loic-godener-4403.html,2,1,62,1,,,2027-06-30,Stade Français Paris Rugby (2019 - 2022) | ASM Clermont Auvergne (2022 - 2023) | Oyonnax Rugby (2023 - 2027)
PROD2,OYO,Richard BARRINGTON,https://www.allrugby.com/joueurs/richard-barrington-2255.html,18,1,374,,,,,Sporting Union Agenais (2022 - 2024) | Ampthill Rugby (2024 - 2027)
PROD2,OYO,Pierre-Samuel PACHECO,https://www.allrugby.com/joueurs/pierre-pacheco-6586.html,8,6,371,1,,,2027-06-30,Lyon Olympique Universitaire Rugby (2023 - 2025) | Oyonnax Rugby (2025 - 2027)
PROD2,OYO,Uzair CASSIEM,https://www.allrugby.com/joueurs/uzair-cassiem-5104.html,1,1,54,,,,2027-06-30,Aviron Bayonnais (2021 - 2025) | Oyonnax Rugby (2025 - 2027)
PROD2,OYO,Théo SAUZARET,https://www.allrugby.com/joueurs/theo-sauzaret-8376.html,2,0,54,,,,,Stade Olympique Chambéry (2020 - 2022) | Sporting Union Agenais (2022 - 2024) | US Carcassonne (2024 - 2027)
PROD2,OYO,Wandrille PICAULT,https://www.allrugby.com/joueurs/wandrille-picault-5129.html,2,2,150,,,,2027-06-30,Union Sportive Arlequins Perpignanais (2013 - 2017) | Rugby Club Vannes (2017 - 2022) | Oyonnax Rugby (2022 - 2027)
PROD2,OYO,Jonathan RURU,https://www.allrugby.com/joueurs/jonathan-ruru-6648.html,25,21,1467,3,,,2027-06-30,Auckland (2021 - 2021) | Provence Rugby (2021 - 2023) | Oyonnax Rugby (2023 - 2027)
PROD2,OYO,Jules SOLINAS,https://www.allrugby.com/joueurs/jules-solinas-13445.html,3,0,58,,,,2027-06-30,Nissa Rugby (2023 - 2025) | Oyonnax Rugby (2025 - 2027)
PROD2,OYO,Clément MARTINEZ,https://www.allrugby.com/joueurs/clement-martinez-5465.html,3,1,118,2,,,,Sporting Union Agenais (2019 - 2024) | Biarritz Olympique Pays Basque (2024 - 2026) | Nissa Rugby (2026 - 2027)
PROD2,OYO,Vasil LOBZHANIDZE,https://www.allrugby.com/joueurs/vasil-lobzhanidze-3734.html,3,3,182,1,,,2027-06-30,Rugby Club Toulonnais (2024 - 2024) | CA Brive Corrèze Limousin (2024 - 2024) | Oyonnax Rugby (2024 - 2027)
PROD2,OYO,Luka MATKAVA,https://www.allrugby.com/joueurs/luka-matkava-14669.html,3,1,123,2,,,2027-06-30,Black Lion (2025 - 2025) | Castres Olympique (2025 - 2025) | Oyonnax Rugby (2025 - 2027)
PROD2,OYO,Thomas VINCENT,https://www.allrugby.com/joueurs/thomas-vincent-5905.html,2,2,130,1,,,2027-06-30,Sporting Union Agenais (2021 - 2024) | Montpellier Hérault Rugby (2024 - 2026) | Oyonnax Rugby (2026 - 2027)
PROD2,OYO,Danny TOALA,https://www.allrugby.com/joueurs/danny-toala-7698.html,11,10,635,2,,,2027-06-30,Hawke's Bay Magpies (2024 - 2024) | Moana Pasifika (2024 - 2025) | Oyonnax Rugby (2025 - 2027)
PROD2,OYO,François JOLY,https://www.allrugby.com/joueurs/francois-joly-21132.html,3,1,123,,,,2025-06-30,Oyonnax Rugby (2025 - 2025) | Niort RC (2026 - 2026) | Oyonnax Rugby (2026 - 2027)
PROD2,OYO,Iñaki AYARZA,https://www.allrugby.com/joueurs/inaki-ayarza-8999.html,1,0,17,1,,,2027-06-30,Rugby Club Vannes (2024 - 2026) | Oyonnax Rugby (2026 - 2027)
PROD2,OYO,Louis MORLAND,https://www.allrugby.com/joueurs/louis-morland-14215.html,3,3,196,1,,,2027-06-30,ABCD XV (2021 - 2022) | Rugby Club Toulonnais (2022 - 2025) | Oyonnax Rugby (2025 - 2027)
PROD2,OYO,Lucas MENSA,https://www.allrugby.com/joueurs/lucas-mensa-8887.html,2,2,131,,,,2027-06-30,Valence Romans Drôme Rugby (2020 - 2021) | Stade Montois Rugby Pro (2021 - 2023) | Oyonnax Rugby (2023 - 2027)
PROD2,OYO,Mike SOSENE-FEAGAI,https://www.allrugby.com/joueurs/michelangelo-sosene-feagai-8867.html,2,0,33,,,,,Rugby Club Toulonnais (2021 - 2022) | Sporting Union Agenais (2022 - 2024) | RFC Los Angeles (2024 - 2025)
PROD2,OYO,Thomas DARMON,https://www.allrugby.com/joueurs/thomas-darmon-5256.html,10,0,209,1,,,2027-06-30,Oyonnax Rugby (2026 - 2027)
PROD2,OYO,Enzo REYBIER,https://www.allrugby.com/joueurs/enzo-reybier-10408.html,2,2,160,1,,,2027-06-30,Union Bordeaux-Bègles (2024 - 2025) | Oyonnax Rugby (2025 - 2027)
PROD2,OYO,Pierre JOUVIN,https://www.allrugby.com/joueurs/pierre-jouvin-14463.html,2,1,70,,,,,RC Buguois (2012 - 2018) | Sporting Union Agenais (2018 - 2027)
PROD2,OYO,Gavin STARK,https://www.allrugby.com/joueurs/gavin-stark-7954.html,17,17,1250,8,,,2027-06-30,Biarritz Olympique Pays Basque (2019 - 2022) | Oyonnax Rugby (2022 - 2027)
PROD2,OYO,Karim QADIRI,https://www.allrugby.com/joueurs/karim-qadiri-3457.html,2,2,160,1,,,2027-06-30,CS Beaune (2018 - 2020) | FC Grenoble Rugby (2020 - 2024) | Oyonnax Rugby (2024 - 2027)
PROD2,OYO,Liam COOMBES-FABLING,https://www.allrugby.com/joueurs/liam-coombes-fabling-13453.html,2,2,150,,,,2027-06-30,Waikato Mooloos (2025 - 2025) | Chiefs (2025 - 2026) | Oyonnax Rugby (2026 - 2027)
PROD2,OYO,Maxime SALLES,https://www.allrugby.com/joueurs/maxime-salles-5288.html,4,2,218,,,,2027-06-30,Sporting Club Albigeois (2015 - 2017) | Union Sportive Montalbanaise (2017 - 2023) | Oyonnax Rugby (2023 - 2027)
PROD2,OYO,Corentin VERNET,https://www.allrugby.com/joueurs/corentin-vernet-5377.html,1,0,12,,,,,Sporting Union Agenais (2020 - 2024) | Rouen Normandie Rugby (2024 - 2027)
PROD2,OYO,Alex NEWSOME,https://www.allrugby.com/joueurs/alex-newsome-6732.html,2,2,160,,,,2027-06-30,ASM Clermont Auvergne (2022 - 2026) | Oyonnax Rugby (2026 - 2027)
PROD2,OYO,Evan OLMSTEAD,https://www.allrugby.com/joueurs/evan-olmstead-3931.html,1,1,80,,,,,Sporting Union Agenais (2022 - 2026) | Nissa Rugby (2026 - 2027)
PROD2,OYO,Paul AURADOU,https://www.allrugby.com/joueurs/paul-auradou-11781.html,1,1,80,,,,2027-06-30,Racing Club Narbonnais (2022 - 2024) | Nissa Rugby (2024 - 2025) | Oyonnax Rugby (2025 - 2027)
PROD2,OYO,Adrien PAGANOTTO,https://www.allrugby.com/joueurs/adrien-paganotto-9977.html,,,,,,,,Sporting Union Agenais (2020 - 2025) | US Marmande (2025 - 2026)
PROD2,OYO,Fedi GHARBI,https://www.allrugby.com/joueurs/fedi-gharbi-21003.html,,,,,,,2027-06-30,Oyonnax Rugby (2017 - 2027)
PROD2,OYO,Francesco GANDOSSI,https://www.allrugby.com/joueurs/francesco-gandossi-15708.html,,,,,,,2027-06-30,Oyonnax Rugby (2023 - 2027)
PROD2,OYO,Martin CHAUVETTE,https://www.allrugby.com/joueurs/martin-chauvette-22883.html,,,,,,,2027-06-30,Oyonnax Rugby (2017 - 2027)
PROD2,OYO,Alexandre EVERAERT,https://www.allrugby.com/joueurs/alexandre-everaert-15860.html,,,,,,,,ASM Clermont Auvergne (2019 - 2023) | Sporting Union Agenais (2023 - 2027)
PROD2,OYO,Maxime NYSSEN,https://www.allrugby.com/joueurs/maxime-nyssen-22895.html,,,,,,,2027-06-30,Oyonnax Rugby (2026 - 2027)
PROD2,OYO,Bastien DARRÉ,https://www.allrugby.com/joueurs/bastien-darre-21330.html,,,,,,,,Sporting Union Agenais (2021 - 2027)
PROD2,OYO,Nikoloz KORAKHASHVILI,https://www.allrugby.com/joueurs/nikoloz-korakhashvili-21086.html,,,,,,,2027-06-30,Oyonnax Rugby (2025 - 2027)
PROD2,OYO,Orhan AKBABA,https://www.allrugby.com/joueurs/orhan-akbaba-17805.html,2,1,55,,,,2027-06-30,Union Sportive Bressane Pays de l'Ain (2026 - 2026) | Oyonnax Rugby (2027 - 2027) | Union Sportive Bressane Pays de l'Ain (2027 - 2027)
PROD2,OYO,Brice HOARAU,https://www.allrugby.com/joueurs/brice-hoarau-14462.html,,,,,,,,Sporting Union Agenais (2017 - 2025) | AS Fleurance (2025 - 2026)
PROD2,OYO,Thibault GRAVEL,https://www.allrugby.com/joueurs/thibault-gravel-22890.html,,,,,,,2027-06-30,US Dole (2017 - 2022) | Oyonnax Rugby (2022 - 2027)
PROD2,OYO,Clovis SAMARUT,https://www.allrugby.com/joueurs/clovis-samarut-18341.html,,,,,,,,Sporting Union Agenais (2023 - 2026) | 4 Cantons Bastides Haut Agenais Périgord (2026 - 2027)
PROD2,OYO,Clément PICHOWSKA,https://www.allrugby.com/joueurs/clement-pichowska-22884.html,,,,,,,2027-06-30,Oyonnax Rugby (2022 - 2027)
PROD2,OYO,Elyan DUTHIL,https://www.allrugby.com/joueurs/elyan-duthil-21463.html,,,,,,,,Sporting Union Agenais (2021 - 2025) | Castres Olympique (2025 - 2027)
PROD2,OYO,Louis BEDEAU,https://www.allrugby.com/joueurs/louis-bedeau-21083.html,2,1,85,,,,2027-06-30,Rugby Club Pays de Fayence (2019 - 2020) | Nissa Rugby (2020 - 2025) | Oyonnax Rugby (2025 - 2027)
PROD2,OYO,Mattéo MALLET,https://www.allrugby.com/joueurs/matteo-mallet-17847.html,,,,,,,2027-06-30,Section Paloise Béarn Pyrénées (2021 - 2023) | Oyonnax Rugby (2023 - 2027)
PROD2,OYO,Sacha LONCHAMPT,https://www.allrugby.com/joueurs/sacha-lonchampt-17550.html,13,1,339,3,,,2027-06-30,CA Pontarlier (2019 - 2020) | Oyonnax Rugby (2020 - 2027)
PROD2,OYO,Antonin CORSO,https://www.allrugby.com/joueurs/antonin-corso-14696.html,9,6,410,,,,2027-06-30,Oyonnax Rugby (2018 - 2027)
PROD2,OYO,Julien KOTEUREU,https://www.allrugby.com/joueurs/julien-koteureu-18340.html,1,1,52,,,,,RC Saint-Gilles (2017 - 2018) | Union Rugby Club Dumbéa (2018 - 2019) | Sporting Union Agenais (2019 - 2027)
PROD2,OYO,Benjamin REY,https://www.allrugby.com/joueurs/benjamin-rey-22885.html,,,,,,,2027-06-30,Oyonnax Rugby (2024 - 2027)
PROD2,OYO,Maïno PAKIHIVATAU,https://www.allrugby.com/joueurs/maino-pakihivatau-9976.html,1,0,15,,,,,Sporting Union Agenais (2020 - 2024) | US Marmande (2024 - 2026)
PROD2,OYO,Mathis LOCATELLI,https://www.allrugby.com/joueurs/mathis-locatelli-17551.html,,,,,,,2027-06-30,Oyonnax Rugby (2021 - 2027)
PROD2,OYO,Alessio CONTIGLIANI,https://www.allrugby.com/joueurs/alessio-contigliani-17448.html,1,0,10,,,,2027-06-30,Provence Rugby (2021 - 2026) | Oyonnax Rugby (2026 - 2027)
PROD2,OYO,Giusca CODRIN,https://www.allrugby.com/joueurs/giusca-codrin-22896.html,,,,,,,2027-06-30,Oyonnax Rugby (2026 - 2027)
PROD2,OYO,Mathis GENSUL,https://www.allrugby.com/joueurs/mathis-gensul-18342.html,,,,,,,,Sanary Ovalie (2016 - 2018) | Union Sportive Seynoise (2018 - 2021) | Sporting Union Agenais (2021 - 2025)
PROD2,OYO,Noah DERON,https://www.allrugby.com/joueurs/noah-deron-18348.html,,,,,,,,Sporting Union Agenais (2018 - 2026)
PROD2,OYO,Luke PEREIRA,https://www.allrugby.com/joueurs/luke-pereira-20620.html,,,,,,,2027-06-30,Provence Rugby (2022 - 2025) | Oyonnax Rugby (2025 - 2027)
PROD2,OYO,Nathan LAVAKA,https://www.allrugby.com/joueurs/nathan-lavaka-21084.html,,,,,,,2027-06-30,ABCD XV (2022 - 2025) | Oyonnax Rugby (2025 - 2027)
PROD2,OYO,Riley PULU,https://www.allrugby.com/joueurs/riley-pulu-13787.html,,,,,,,,Sporting Union Agenais (2022 - 2024) | Union Sportive Arlequins Perpignanais (2024 - 2026)
PROD2,OYO,Valentin CHAMBERAUD,https://www.allrugby.com/joueurs/valentin-chamberaud-17553.html,,,,,,,2027-06-30,US Meyzieu Rugby (2019 - 2021) | Oyonnax Rugby (2021 - 2027)
PROD2,OYO,Lisandru BLANC,https://www.allrugby.com/joueurs/lisandru-blanc-22887.html,,,,,,,2027-06-30,Oyonnax Rugby (2023 - 2027)
PROD2,OYO,Paul NAVA,https://www.allrugby.com/joueurs/paul-nava-21004.html,,,,,,,2027-06-30,Oyonnax Rugby (2017 - 2027)
PROD2,OYO,Gigi SIRBILADZE,https://www.allrugby.com/joueurs/gigi-sirbiladze-20965.html,4,3,251,,,,2027-06-30,Oyonnax Rugby (2025 - 2027)
PROD2,OYO,Clovis CHIZAT,https://www.allrugby.com/joueurs/clovis-chizat-18458.html,,,,,,,,Sporting Union Agenais (2020 - 2024) | US Colomiers (2024 - 2027)
PROD2,OYO,Nathan FLAYEUX,https://www.allrugby.com/joueurs/nathan-flayeux-21005.html,,,,,,,2027-06-30,RC Metz (2020 - 2022) | Oyonnax Rugby (2022 - 2027)
PROD2,OYO,Deyan NEPVEUX,https://www.allrugby.com/joueurs/deyan-nepveux-22357.html,,,,,,,,Sporting Union Agenais (2015 - 2027)
PROD2,OYO,Clément TERRAZ,https://www.allrugby.com/joueurs/clement-terraz-21006.html,,,,,,,2027-06-30,Oyonnax Rugby (2013 - 2027)
PROD2,OYO,Ethan VINCENT,https://www.allrugby.com/joueurs/ethan-vincent-18351.html,,,,,,,,Sporting Union Agenais (2010 - 2025)
PROD2,OYO,Élien BROS,https://www.allrugby.com/joueurs/elien-bros-17802.html,,,,,,,2027-06-30,Stade Aurillacois Cantal Auvergne (2021 - 2024) | Oyonnax Rugby (2024 - 2027)
PROD2,OYO,Grégory ROBERT,https://www.allrugby.com/joueurs/gregory-robert-15452.html,,,,,,,,US Bergerac Rugby (2011 - 2017) | Sporting Union Agenais (2017 - 2024) | US Bergerac Rugby (2024 - 2025)
PROD2,OYO,Gabin ALLEMAND,https://www.allrugby.com/joueurs/gabin-allemand-21007.html,,,,,,,2027-06-30,Oyonnax Rugby (2023 - 2027)
PROD2,OYO,Jules JEUNEHOMME,https://www.allrugby.com/joueurs/jules-jeunehomme-18345.html,,,,,,,,Sporting Union Agenais (2020 - 2025) | Anglet Olympique Rugby Club (2025 - 2026)
PROD2,OYO,Louka MAYRE,https://www.allrugby.com/joueurs/louka-mayre-22694.html,,,,,,,2027-06-30,Lyon Olympique Universitaire Rugby (2018 - 2026) | Oyonnax Rugby (2026 - 2027)
PROD2,OYO,Maé RIVIÈRE,https://www.allrugby.com/joueurs/mae-riviere-21331.html,,,,,,,,Pessac (2016 - 2022) | Sporting Union Agenais (2022 - 2027)
PROD2,OYO,Siolesio HOATAU,https://www.allrugby.com/joueurs/siolesio-hoatau-21346.html,,,,,,,2027-06-30,RC Suresnes (2023 - 2025) | Rugby Club Toulonnais (2025 - 2026) | Oyonnax Rugby (2026 - 2027)
PROD2,OYO,Trystan MAJCSAK,https://www.allrugby.com/joueurs/trystan-majcsak-22891.html,,,,,,,2027-06-30,Oyonnax Rugby (2022 - 2027)
PROD2,OYO,Millian OULDJI,https://www.allrugby.com/joueurs/millian-ouldji-18571.html,15,1,358,1,,,,Biarritz Olympique Pays Basque (2025 - 2027)
PROD2,OYO,Benjamin DUTARD,https://www.allrugby.com/joueurs/benjamin-dutard-20320.html,3,3,178,2,,,2027-06-30,Nissa Rugby (2021 - 2025) | Oyonnax Rugby (2025 - 2027)
PROD2,OYO,Ewan PAQUET,https://www.allrugby.com/joueurs/ewan-paquet-21010.html,,,,,,,2027-06-30,Oyonnax Rugby (2012 - 2027)
PROD2,OYO,Angelo PREVITALI,https://www.allrugby.com/joueurs/angelo-previtali-22358.html,,,,,,,,Sporting Union Agenais (2022 - 2027)
PROD2,OYO,Ben NEHRING,https://www.allrugby.com/joueurs/ben-nehring-15864.html,,,,,,,,Sporting Union Agenais (2023 - 2027)
PROD2,OYO,Loan LINARD,https://www.allrugby.com/joueurs/loan-linard-21008.html,,,,,,,2027-06-30,XV de la Dombes (2020 - 2022) | Oyonnax Rugby (2022 - 2027)
PROD2,OYO,Mathéo MORAIS,https://www.allrugby.com/joueurs/matheo-morais-21009.html,,,,,,,2027-06-30,Oyonnax Rugby (2014 - 2027)
PROD2,OYO,Camille GERMAIN,https://www.allrugby.com/joueurs/camille-germain-22356.html,,,,,,,,Sporting Union Agenais (2023 - 2027)
PROD2,OYO,Nolan DEBERNARD,https://www.allrugby.com/joueurs/nolan-debernard-23752.html,,,,,,,2027-06-30,US Bellegarde-Coupy (2019 - 2024) | Oyonnax Rugby (2024 - 2027)
PROD2,OYO,Sacha COURTHALIAC,https://www.allrugby.com/joueurs/sacha-courthaliac-14319.html,6,5,337,1,,,2027-06-30,Lyon Olympique Universitaire Rugby (2022 - 2024) | Oyonnax Rugby (2024 - 2027)
PROD2,OYO,Théo PAVIOT,https://www.allrugby.com/joueurs/theo-paviot-22888.html,,,,,,,2027-06-30,Oyonnax Rugby (2023 - 2027)
PROD2,OYO,Dorian PAUL,https://www.allrugby.com/joueurs/dorian-paul-18349.html,,,,,,,,Sporting Union Agenais (2019 - 2025) | CA Périgueux Dordogne (2025 - 2026)
PROD2,OYO,Elijah ELDER,https://www.allrugby.com/joueurs/elijah-elder-21259.html,,,,,,,2027-06-30,US Pays de Gex (2016 - 2023) | Oyonnax Rugby (2023 - 2027)
PROD2,OYO,Martin COLLOCH,https://www.allrugby.com/joueurs/martin-colloch-22889.html,,,,,,,2027-06-30,Oyonnax Rugby (2023 - 2027)
PROD2,OYO,Maxime BELLETERRE,https://www.allrugby.com/joueurs/maxime-belleterre-15707.html,,,,,,,2027-06-30,ABCD XV (2021 - 2023) | Oyonnax Rugby (2023 - 2027)
PROD2,OYO,Hugo ACKAERT,https://www.allrugby.com/joueurs/hugo-ackaert-9978.html,,,,,,,,Racing Club Narbonnais (2018 - 2020) | Sporting Union Agenais (2020 - 2024) | SC Leucate Corbieres Méditerranée XV (2024 - 2025)
PROD2,OYO,Walter DESMAISON,https://www.allrugby.com/joueurs/walter-desmaison-1941.html,1,0,32,,,,,FC Grenoble Rugby (2015 - 2017) | Stade Montois Rugby Pro (2017 - 2019) | Sporting Union Agenais (2019 - 2024)
PROD2,COL,Atonio ULUTUIPALELEI,https://www.allrugby.com/joueurs/ulutuipalelei-atonio-8193.html,2,2,103,,,,2027-06-30,Union Sportive Bressane Pays de l'Ain (2025 - 2025) | Stade Olympique Chambéry (2025 - 2025) | US Colomiers (2025 - 2027)
PROD2,COL,Eliès EL ANSARI,https://www.allrugby.com/joueurs/elies-el-ansari-5138.html,14,7,544,,,,2027-06-30,Soyaux-Angoulême XV Charente (2020 - 2023) | Rouen Normandie Rugby (2023 - 2024) | US Colomiers (2024 - 2027)
PROD2,COL,Alex BURIN,https://www.allrugby.com/joueurs/alex-burin-7289.html,24,17,1067,1,,,,Sporting Union Agenais (2017 - 2026) | Castres Olympique (2026 - 2027)
PROD2,COL,Guillaume TARTAS,https://www.allrugby.com/joueurs/guillaume-tartas-5503.html,3,1,111,,,,2027-06-30,Sporting Union Agenais (2016 - 2017) | US Colomiers (2017 - 2027)
PROD2,COL,Mamuka MSTOIANI,https://www.allrugby.com/joueurs/mamuka-mstoiani-11285.html,2,2,108,,,,2027-06-30,Sporting Union Agenais (2021 - 2026) | US Colomiers (2026 - 2027)
PROD2,COL,Michaël SIMUTOGA,https://www.allrugby.com/joueurs/michael-simutoga-3466.html,16,9,704,,,,2027-06-30,FC Grenoble Rugby (2019 - 2021) | CS Bourgoin Jallieu Rugby (2021 - 2023) | US Colomiers (2023 - 2027)
PROD2,COL,Phil KITÉ,https://www.allrugby.com/joueurs/phil-kite-5388.html,2,1,74,,,,2027-06-30,Queensland Reds (2017 - 2017) | Rugby Club Vannes (2017 - 2025) | US Colomiers (2025 - 2027)
PROD2,COL,Pierre-Emmanuel PACHECO,https://www.allrugby.com/joueurs/pierre-emmanuel-pacheco-13429.html,1,0,14,,,,2027-06-30,US Colomiers (2014 - 2027)
PROD2,COL,Robin BELLEMAND,https://www.allrugby.com/joueurs/robin-bellemand-12860.html,2,0,55,,,,2027-06-30,US Colomiers (2013 - 2027)
PROD2,COL,Beau FARRANCE,https://www.allrugby.com/joueurs/beau-farrance-8270.html,15,4,530,,,,,Stado Tarbes Pyrénées Rugby (2023 - 2023) | Sporting Union Agenais (2023 - 2026) | Nissa Rugby (2026 - 2027)
PROD2,COL,Pablo DIMCHEFF,https://www.allrugby.com/joueurs/pablo-dimcheff-8165.html,1,0,28,,,,2027-06-30,Stade Montois Rugby Pro (2022 - 2022) | Union Bordeaux-Bègles (2022 - 2023) | US Colomiers (2023 - 2027)
PROD2,COL,Théo LACHAUD,https://www.allrugby.com/joueurs/theo-lachaud-7985.html,2,2,108,2,,,2027-06-30,Stade Aurillacois Cantal Auvergne (2021 - 2023) | RC Hyères Carqueiranne La Crau (2023 - 2024) | US Colomiers (2024 - 2027)
PROD2,COL,Thomas LARRIEU,https://www.allrugby.com/joueurs/thomas-larrieu-1860.html,3,1,104,1,,,2027-06-30,Stade Rodez Aveyron (2014 - 2015) | Valence Romans Drôme Rugby (2015 - 2020) | US Colomiers (2020 - 2027)
PROD2,COL,Federico LAVANINI,https://www.allrugby.com/joueurs/federico-lavanini-16125.html,2,2,99,,,,2027-06-30,Pampas XV (2023 - 2023) | Hindú Club (2023 - 2025) | US Colomiers (2025 - 2027)
PROD2,COL,Jean THOMAS,https://www.allrugby.com/joueurs/jean-thomas-2223.html,1,1,55,,,,2027-06-30,US Colomiers (2004 - 2027)
PROD2,COL,Florent GUION,https://www.allrugby.com/joueurs/florent-guion-5163.html,1,0,32,,,,,Soyaux-Angoulême XV Charente (2017 - 2019) | Rouen Normandie Rugby (2019 - 2021) | Sporting Union Agenais (2021 - 2027)
PROD2,COL,Maxime GRANOUILLET,https://www.allrugby.com/joueurs/maxime-granouillet-1055.html,18,13,1003,,,,2027-06-30,Stade Aurillacois Cantal Auvergne (2014 - 2018) | US Colomiers (2018 - 2027)
PROD2,COL,Hans LOMBARD-BURET,https://www.allrugby.com/joueurs/hans-lombard-buret-6129.html,2,2,110,,,,,Stade Toulousain (2015 - 2018) | Sporting Union Agenais (2018 - 2027)
PROD2,COL,Myles EDWARDS,https://www.allrugby.com/joueurs/myles-edwards-5249.html,3,1,107,,,,2027-06-30,Rugby Club Vannes (2021 - 2023) | Stade Montois Rugby Pro (2023 - 2025) | US Colomiers (2025 - 2027)
PROD2,COL,Steven CUMMINS,https://www.allrugby.com/joueurs/steven-cummins-5869.html,2,2,140,,,,2027-06-30,Dragons RFC (2026 - 2026) | Urayasu D-Rocks (2026 - 2026) | US Colomiers (2026 - 2027)
PROD2,COL,Théo PÉDÉMONS,https://www.allrugby.com/joueurs/theo-pedemons-17049.html,2,0,49,1,,,2027-06-30,US Colomiers (2014 - 2027)
PROD2,COL,Alexis CAUMEL,https://www.allrugby.com/joueurs/alexis-caumel-17039.html,8,0,137,1,,,2027-06-30,Niort RC (2021 - 2022) | US Colomiers (2022 - 2027)
PROD2,COL,Eliott MAUREL,https://www.allrugby.com/joueurs/eliott-maurel-15198.html,3,1,94,,,,2027-06-30,US Colomiers (2014 - 2027)
PROD2,COL,Malik HAMADACHE,https://www.allrugby.com/joueurs/malik-hamadache-1497.html,7,6,313,,,,,Section Paloise Béarn Pyrénées (2016 - 2021) | Montpellier Hérault Rugby (2021 - 2022) | Sporting Union Agenais (2022 - 2024)
PROD2,COL,Grégoire BAZIN,https://www.allrugby.com/joueurs/gregoire-bazin-8877.html,2,2,147,1,,,2027-06-30,Rugby Club Vannes (2017 - 2024) | US Colomiers (2024 - 2027)
PROD2,COL,Jérémy BÉCHU,https://www.allrugby.com/joueurs/jeremy-bechu-13428.html,1,0,24,,,,2027-06-30,US Colomiers (2008 - 2027)
PROD2,COL,Mamuka MSTOIANI,https://www.allrugby.com/joueurs/mamuka-mstoiani-11285.html,2,2,108,,,,2027-06-30,Sporting Union Agenais (2021 - 2026) | US Colomiers (2026 - 2027)
PROD2,COL,Luka PLATARET,https://www.allrugby.com/joueurs/luka-plataret-6962.html,3,3,237,,,,2027-06-30,USON Nevers Rugby (2018 - 2025) | US Colomiers (2025 - 2027)
PROD2,COL,Paolo PARPAGIOLA,https://www.allrugby.com/joueurs/paolo-parpagiola-15288.html,2,1,83,,,,2027-06-30,Avenir Castanéen Rugby XV (2019 - 2021) | US Colomiers (2021 - 2027)
PROD2,COL,Richard HARDWICK,https://www.allrugby.com/joueurs/richard-hardwick-5319.html,2,2,142,,,,2027-06-30,Ealing Trailfinders (2023 - 2024) | FC Grenoble Rugby (2024 - 2026) | US Colomiers (2026 - 2027)
PROD2,COL,Tuaina Taii TUALIMA,https://www.allrugby.com/joueurs/tuaina-taii-tualima-9116.html,4,4,259,,,,2027-06-30,Auckland (2024 - 2024) | Brumbies (2024 - 2026) | US Colomiers (2026 - 2027)
PROD2,COL,Guillaume LAFFONT,https://www.allrugby.com/joueurs/guillaume-laffont-19961.html,1,0,12,,,,2027-06-30,US Colomiers (2020 - 2027)
PROD2,COL,Jules DANGLOT,https://www.allrugby.com/joueurs/jules-danglot-10251.html,2,2,112,1,,,2027-06-30,Rugby Club Toulonnais (2021 - 2025) | US Colomiers (2025 - 2027)
PROD2,COL,Richard BARRINGTON,https://www.allrugby.com/joueurs/richard-barrington-2255.html,18,1,374,,,,,Sporting Union Agenais (2022 - 2024) | Ampthill Rugby (2024 - 2027)
PROD2,COL,Ugo SÉGUÉLA,https://www.allrugby.com/joueurs/ugo-seguela-10724.html,3,1,116,,,,2027-06-30,US Colomiers (2016 - 2027)
PROD2,COL,Théo SAUZARET,https://www.allrugby.com/joueurs/theo-sauzaret-8376.html,2,0,54,,,,,Stade Olympique Chambéry (2020 - 2022) | Sporting Union Agenais (2022 - 2024) | US Carcassonne (2024 - 2027)
PROD2,COL,Théo GIRAL,https://www.allrugby.com/joueurs/theo-giral-9888.html,3,1,115,,,,2027-06-30,ASM Clermont Auvergne (2010 - 2025) | US Colomiers (2025 - 2027)
PROD2,COL,Thibault DEBAËS,https://www.allrugby.com/joueurs/thibault-debaes-9051.html,3,2,216,,,,2027-06-30,Section Paloise Béarn Pyrénées (2024 - 2024) | Rugby Club Vannes (2024 - 2026) | US Colomiers (2026 - 2027)
PROD2,COL,Baptiste SERRANO,https://www.allrugby.com/joueurs/baptiste-serrano-15772.html,1,1,80,,,,2023-06-30,US Colomiers (2023 - 2023) | Blagnac (2024 - 2024) | US Colomiers (2024 - 2027)
PROD2,COL,Clément MARTINEZ,https://www.allrugby.com/joueurs/clement-martinez-5465.html,3,1,118,2,,,,Sporting Union Agenais (2019 - 2024) | Biarritz Olympique Pays Basque (2024 - 2026) | Nissa Rugby (2026 - 2027)
PROD2,COL,Enzo SALLES,https://www.allrugby.com/joueurs/enzo-salles-13840.html,2,2,160,,,,2027-06-30,US Tyrosse (2011 - 2022) | US Colomiers (2022 - 2027)
PROD2,COL,Lucas VIGNÈRES,https://www.allrugby.com/joueurs/lucas-vigneres-18169.html,1,0,19,,,,2027-06-30,Stade Toulousain (2018 - 2026) | US Colomiers (2026 - 2027)
PROD2,COL,Martin DULON,https://www.allrugby.com/joueurs/martin-dulon-8439.html,2,2,160,,,,2027-06-30,US Carcassonne (2020 - 2023) | US Colomiers (2023 - 2027)
PROD2,COL,Seamus BARDOUL,https://www.allrugby.com/joueurs/seamus-bardoul-16111.html,1,1,80,,,,2027-06-30,US Colomiers (2026 - 2027)
PROD2,COL,Alberto CARMONA,https://www.allrugby.com/joueurs/alberto-carmona-14058.html,3,3,187,1,,,2027-06-30,Rugby Club Toulonnais (2022 - 2025) | US Colomiers (2025 - 2027)
PROD2,COL,Farell DELOURMEL,https://www.allrugby.com/joueurs/farell-delourmel-17040.html,3,3,240,1,,,2027-06-30,Stade Toulousain (2015 - 2018) | US Colomiers (2018 - 2027)
PROD2,COL,Martin ALONSO,https://www.allrugby.com/joueurs/martin-alonso-8249.html,16,15,1134,9,,,2024-06-30,US Colomiers (2024 - 2024) | Rugby Club Vannes (2025 - 2025) | US Colomiers (2025 - 2027)
PROD2,COL,Rayan HOUARI,https://www.allrugby.com/joueurs/rayan-houari-20550.html,1,1,80,,,,2027-06-30,US Colomiers (2015 - 2027)
PROD2,COL,Viliami FINE,https://www.allrugby.com/joueurs/viliami-fine-12113.html,1,1,80,,,,2027-06-30,Western Force (2025 - 2025) | Palmyra Rugby Union Club (2025 - 2026) | US Colomiers (2026 - 2027)
PROD2,COL,Vincent PINTO,https://www.allrugby.com/joueurs/vincent-pinto-7310.html,1,1,80,,,,2027-06-30,US Colomiers (2023 - 2027)
PROD2,COL,Alexandre BORIE,https://www.allrugby.com/joueurs/alexandre-borie-7879.html,1,1,21,,,,2027-06-30,Rugby Club Orléans (2023 - 2024) | Rugby Club Massy Essonne (2024 - 2025) | US Colomiers (2025 - 2027)
PROD2,COL,Simão BENTO,https://www.allrugby.com/joueurs/simao-bento-12350.html,2,2,160,,,,2027-06-30,Stade Montois Rugby Pro (2021 - 2026) | US Colomiers (2026 - 2027)
PROD2,COL,Mike SOSENE-FEAGAI,https://www.allrugby.com/joueurs/michelangelo-sosene-feagai-8867.html,2,0,33,,,,,Rugby Club Toulonnais (2021 - 2022) | Sporting Union Agenais (2022 - 2024) | RFC Los Angeles (2024 - 2025)
PROD2,COL,Damien LAM,https://www.allrugby.com/joueurs/damien-lam-23709.html,,,,,,,2027-06-30,US Colomiers (2013 - 2027)
PROD2,COL,Adrien PAGANOTTO,https://www.allrugby.com/joueurs/adrien-paganotto-9977.html,,,,,,,,Sporting Union Agenais (2020 - 2025) | US Marmande (2025 - 2026)
PROD2,COL,Fernando LARIOS,https://www.allrugby.com/joueurs/fernando-larios-20982.html,,,,,,,2027-06-30,Montpellier Hérault Rugby (2025 - 2026) | US Colomiers (2026 - 2027)
PROD2,COL,Alexandre EVERAERT,https://www.allrugby.com/joueurs/alexandre-everaert-15860.html,,,,,,,,ASM Clermont Auvergne (2019 - 2023) | Sporting Union Agenais (2023 - 2027)
PROD2,COL,Bastien DARRÉ,https://www.allrugby.com/joueurs/bastien-darre-21330.html,,,,,,,,Sporting Union Agenais (2021 - 2027)
PROD2,COL,Valentin BARRET,https://www.allrugby.com/joueurs/valentin-barret-16198.html,,,,,,,2027-06-30,Castres Olympique (2022 - 2023) | Biarritz Olympique Pays Basque (2023 - 2025) | US Colomiers (2025 - 2027)
PROD2,COL,Valentin TEMPLIN,https://www.allrugby.com/joueurs/valentin-templin-23526.html,,,,,,,2027-06-30,Avenir Valencien (2020 - 2023) | US Colomiers (2023 - 2027)
PROD2,COL,Brice HOARAU,https://www.allrugby.com/joueurs/brice-hoarau-14462.html,,,,,,,,Sporting Union Agenais (2017 - 2025) | AS Fleurance (2025 - 2026)
PROD2,COL,Arthur CROS,https://www.allrugby.com/joueurs/arthur-cros-18286.html,,,,,,,2027-06-30,Stade Toulousain (2019 - 2025) | US Colomiers (2025 - 2027)
PROD2,COL,Clovis CHIZAT,https://www.allrugby.com/joueurs/clovis-chizat-18458.html,,,,,,,2027-06-30,Sporting Union Agenais (2020 - 2024) | US Colomiers (2024 - 2027)
PROD2,COL,Clovis SAMARUT,https://www.allrugby.com/joueurs/clovis-samarut-18341.html,,,,,,,,Sporting Union Agenais (2023 - 2026) | 4 Cantons Bastides Haut Agenais Périgord (2026 - 2027)
PROD2,COL,Elyan DUTHIL,https://www.allrugby.com/joueurs/elyan-duthil-21463.html,,,,,,,,Sporting Union Agenais (2021 - 2025) | Castres Olympique (2025 - 2027)
PROD2,COL,Mathis GRANGIER,https://www.allrugby.com/joueurs/mathis-grangier-22336.html,,,,,,,2027-06-30,US Colomiers (2022 - 2027)
PROD2,COL,Julien KOTEUREU,https://www.allrugby.com/joueurs/julien-koteureu-18340.html,1,1,52,,,,,RC Saint-Gilles (2017 - 2018) | Union Rugby Club Dumbéa (2018 - 2019) | Sporting Union Agenais (2019 - 2027)
PROD2,COL,Baptiste ZUERAS,https://www.allrugby.com/joueurs/baptiste-zueras-23527.html,,,,,,,2027-06-30,Rugby Club Auch (2020 - 2024) | US Colomiers (2024 - 2027)
PROD2,COL,Maïno PAKIHIVATAU,https://www.allrugby.com/joueurs/maino-pakihivatau-9976.html,1,0,15,,,,,Sporting Union Agenais (2020 - 2024) | US Marmande (2024 - 2026)
PROD2,COL,Eliott DUTHIL,https://www.allrugby.com/joueurs/eliott-duthil-23523.html,,,,,,,2027-06-30,Blagnac (2013 - 2016) | US Colomiers (2016 - 2027)
PROD2,COL,Mathis GENSUL,https://www.allrugby.com/joueurs/mathis-gensul-18342.html,,,,,,,,Sanary Ovalie (2016 - 2018) | Union Sportive Seynoise (2018 - 2021) | Sporting Union Agenais (2021 - 2025)
PROD2,COL,Noah DERON,https://www.allrugby.com/joueurs/noah-deron-18348.html,,,,,,,,Sporting Union Agenais (2018 - 2026)
PROD2,COL,Natan CULINAT,https://www.allrugby.com/joueurs/natan-culinat-18315.html,3,0,42,,,,2027-06-30,US Colomiers (2011 - 2027)
PROD2,COL,Riley PULU,https://www.allrugby.com/joueurs/riley-pulu-13787.html,,,,,,,,Sporting Union Agenais (2022 - 2024) | Union Sportive Arlequins Perpignanais (2024 - 2026)
PROD2,COL,Antoine WORCZYNSKI,https://www.allrugby.com/joueurs/antoine-worczynski-23710.html,,,,,,,2027-06-30,US Colomiers (2012 - 2027)
PROD2,COL,Gabin GALY,https://www.allrugby.com/joueurs/gabin-galy-18841.html,,,,,,,2027-06-30,Castres Olympique (2023 - 2026) | US Colomiers (2026 - 2027)
PROD2,COL,Alizio IGLESIAS,https://www.allrugby.com/joueurs/alizio-iglesias-23708.html,,,,,,,2027-06-30,Grenade Sports (2021 - 2022) | US Colomiers (2022 - 2027)
PROD2,COL,Clovis CHIZAT,https://www.allrugby.com/joueurs/clovis-chizat-18458.html,,,,,,,2027-06-30,Sporting Union Agenais (2020 - 2024) | US Colomiers (2024 - 2027)
PROD2,COL,Maxime DUNAC,https://www.allrugby.com/joueurs/maxime-dunac-23522.html,,,,,,,2027-06-30,US Colomiers (2021 - 2027)
PROD2,COL,Deyan NEPVEUX,https://www.allrugby.com/joueurs/deyan-nepveux-22357.html,,,,,,,,Sporting Union Agenais (2015 - 2027)
PROD2,COL,Romain PERRIER,https://www.allrugby.com/joueurs/romain-perrier-23525.html,,,,,,,2027-06-30,Union Sportive Du Canton De Saint-Lys (2017 - 2024) | US Colomiers (2024 - 2027)
PROD2,COL,Samuel LE SAUX,https://www.allrugby.com/joueurs/samuel-le-saux-23524.html,,,,,,,2027-06-30,US Colomiers (2024 - 2027)
PROD2,COL,Ethan VINCENT,https://www.allrugby.com/joueurs/ethan-vincent-18351.html,,,,,,,,Sporting Union Agenais (2010 - 2025)
PROD2,COL,Grégory ROBERT,https://www.allrugby.com/joueurs/gregory-robert-15452.html,,,,,,,,US Bergerac Rugby (2011 - 2017) | Sporting Union Agenais (2017 - 2024) | US Bergerac Rugby (2024 - 2025)
PROD2,COL,Jules JEUNEHOMME,https://www.allrugby.com/joueurs/jules-jeunehomme-18345.html,,,,,,,,Sporting Union Agenais (2020 - 2025) | Anglet Olympique Rugby Club (2025 - 2026)
PROD2,COL,Maé RIVIÈRE,https://www.allrugby.com/joueurs/mae-riviere-21331.html,,,,,,,,Pessac (2016 - 2022) | Sporting Union Agenais (2022 - 2027)
PROD2,COL,Walter DESMAISON,https://www.allrugby.com/joueurs/walter-desmaison-1941.html,1,0,32,,,,,FC Grenoble Rugby (2015 - 2017) | Stade Montois Rugby Pro (2017 - 2019) | Sporting Union Agenais (2019 - 2024)
PROD2,NEV,Aitor KITUTU,https://www.allrugby.com/joueurs/aitor-kitutu-6051.html,2,2,94,,,,2027-06-30,USON Nevers Rugby (2018 - 2027)
PROD2,NEV,Aselo IKAHEHEGI,https://www.allrugby.com/joueurs/aselo-ikahehegi-9273.html,2,1,68,,,,2027-06-30,Racing 92 (2015 - 2021) | USON Nevers Rugby (2021 - 2027)
PROD2,NEV,Alex BURIN,https://www.allrugby.com/joueurs/alex-burin-7289.html,24,17,1067,1,,,,Sporting Union Agenais (2017 - 2026) | Castres Olympique (2026 - 2027)
PROD2,NEV,Henzo KITEAU,https://www.allrugby.com/joueurs/henzo-kiteau-10753.html,1,0,23,,,,2027-06-30,ASM Clermont Auvergne (2023 - 2024) | CA Brive Corrèze Limousin (2024 - 2026) | USON Nevers Rugby (2026 - 2027)
PROD2,NEV,Herman COETZEE,https://www.allrugby.com/joueurs/herman-coetzee-16511.html,2,2,77,,,,2027-06-30,Racing 92 (2023 - 2026) | USON Nevers Rugby (2026 - 2027)
PROD2,NEV,Kamaliele TUFELE,https://www.allrugby.com/joueurs/kamaliele-tufele-4752.html,10,4,353,,,,2027-06-30,Sporting Union Agenais (2019 - 2020) | Union Sportive Montalbanaise (2020 - 2022) | USON Nevers Rugby (2022 - 2027)
PROD2,NEV,Luka UNGIADZE,https://www.allrugby.com/joueurs/luka-ungiadze-15266.html,2,0,95,,,,2027-06-30,USON Nevers Rugby (2023 - 2027)
PROD2,NEV,Beau FARRANCE,https://www.allrugby.com/joueurs/beau-farrance-8270.html,15,4,530,,,,,Stado Tarbes Pyrénées Rugby (2023 - 2023) | Sporting Union Agenais (2023 - 2026) | Nissa Rugby (2026 - 2027)
PROD2,NEV,Yan ARNOLD,https://www.allrugby.com/joueurs/yan-arnold-13924.html,3,1,123,,,,2027-06-30,US Carcassonne (2023 - 2026) | USON Nevers Rugby (2026 - 2027)
PROD2,NEV,Cilliers VILJOEN,https://www.allrugby.com/joueurs/cilliers-viljoen-18575.html,3,1,83,,,,2027-06-30,Aviron Bayonnais (2024 - 2026) | USON Nevers Rugby (2026 - 2027)
PROD2,NEV,Efi MA'AFU,https://www.allrugby.com/joueurs/efi-ma-afu-7480.html,3,2,157,1,,,2027-06-30,Melbourne Rebels (2021 - 2022) | Rouen Normandie Rugby (2022 - 2024) | USON Nevers Rugby (2024 - 2027)
PROD2,NEV,Luka PETRIASHVILI,https://www.allrugby.com/joueurs/luka-petriashvili-11756.html,26,14,1096,10,,,2027-06-30,Stade Français Paris Rugby (2024 - 2025) | USON Nevers Rugby (2025 - 2027)
PROD2,NEV,Ahmed KANE,https://www.allrugby.com/joueurs/ahmed-kane-11259.html,3,3,194,,,,2027-06-30,Stade Olympique Chambéry (2023 - 2026) | USON Nevers Rugby (2026 - 2027)
PROD2,NEV,Charlie FRANCOZ,https://www.allrugby.com/joueurs/charlie-francoz-5124.html,18,15,1092,1,,,2027-06-30,Stade Français Paris Rugby (2021 - 2022) | Biarritz Olympique Pays Basque (2022 - 2024) | USON Nevers Rugby (2024 - 2027)
PROD2,NEV,Florent GUION,https://www.allrugby.com/joueurs/florent-guion-5163.html,1,0,32,,,,,Soyaux-Angoulême XV Charente (2017 - 2019) | Rouen Normandie Rugby (2019 - 2021) | Sporting Union Agenais (2021 - 2027)
PROD2,NEV,Maxence BARJAUD,https://www.allrugby.com/joueurs/maxence-barjaud-5551.html,13,8,609,,,,2027-06-30,USON Nevers Rugby (2018 - 2027)
PROD2,NEV,Hans LOMBARD-BURET,https://www.allrugby.com/joueurs/hans-lombard-buret-6129.html,2,2,110,,,,,Stade Toulousain (2015 - 2018) | Sporting Union Agenais (2018 - 2027)
PROD2,NEV,Oskar RIXEN,https://www.allrugby.com/joueurs/oskar-rixen-12127.html,4,1,81,,,,2027-06-30,CA Brive Corrèze Limousin (2022 - 2024) | ASM Clermont Auvergne (2024 - 2025) | USON Nevers Rugby (2025 - 2027)
PROD2,NEV,Paul JEDRASIAK,https://www.allrugby.com/joueurs/paul-jedrasiak-1094.html,1,1,60,1,,,2027-06-30,ASM Clermont Auvergne (2010 - 2024) | Castres Olympique (2024 - 2026) | USON Nevers Rugby (2026 - 2027)
PROD2,NEV,Rémy LANEN,https://www.allrugby.com/joueurs/remy-lanen-15388.html,1,0,20,,,,2027-06-30,ASM Clermont Auvergne (2021 - 2026) | USON Nevers Rugby (2026 - 2027)
PROD2,NEV,Ted CONDON,https://www.allrugby.com/joueurs/ted-condon-16809.html,1,0,17,,,,2027-06-30,Stade Toulousain (2026 - 2026) | USON Nevers Rugby (2026 - 2027)
PROD2,NEV,Ugo VIGNOLLES,https://www.allrugby.com/joueurs/ugo-vignolles-9834.html,12,2,376,,,,2027-06-30,Montpellier Hérault Rugby (2018 - 2020) | Lyon Olympique Universitaire Rugby (2020 - 2024) | USON Nevers Rugby (2024 - 2027)
PROD2,NEV,Victor TEMPLIER,https://www.allrugby.com/joueurs/victor-templier-14262.html,14,10,705,1,,,2027-06-30,Section Paloise Béarn Pyrénées (2022 - 2025) | Union Sportive Bressane Pays de l'Ain (2025 - 2026) | USON Nevers Rugby (2026 - 2027)
PROD2,NEV,Malik HAMADACHE,https://www.allrugby.com/joueurs/malik-hamadache-1497.html,7,6,313,,,,,Section Paloise Béarn Pyrénées (2016 - 2021) | Montpellier Hérault Rugby (2021 - 2022) | Sporting Union Agenais (2022 - 2024)
PROD2,NEV,Arno BOTHA,https://www.allrugby.com/joueurs/arno-botha-6204.html,3,2,189,,,,2027-06-30,Bulls (2020 - 2022) | Lyon Olympique Universitaire Rugby (2022 - 2026) | USON Nevers Rugby (2026 - 2027)
PROD2,NEV,Camille VALLÉE,https://www.allrugby.com/joueurs/camille-vallee-17982.html,2,1,72,,,,2027-06-30,Association Sportive Béziers Hérault (2024 - 2026) | USON Nevers Rugby (2026 - 2027)
PROD2,NEV,Mamuka MSTOIANI,https://www.allrugby.com/joueurs/mamuka-mstoiani-11285.html,2,2,108,,,,,Sporting Union Agenais (2021 - 2026) | US Colomiers (2026 - 2027)
PROD2,NEV,Guillem CALMON,https://www.allrugby.com/joueurs/guillem-calmon-9959.html,3,2,194,,,,2027-06-30,ASV Lavaur (2021 - 2022) | Sporting Club Albigeois (2022 - 2026) | USON Nevers Rugby (2026 - 2027)
PROD2,NEV,Hugues BASTIDE,https://www.allrugby.com/joueurs/hugues-bastide-5508.html,3,1,131,,,,2027-06-30,USON Nevers Rugby (2013 - 2027)
PROD2,NEV,Jason FRASER,https://www.allrugby.com/joueurs/jason-fraser-5231.html,17,13,960,1,,,2027-06-30,Pumas (2016 - 2016) | Griquas (2016 - 2017) | USON Nevers Rugby (2017 - 2027)
PROD2,NEV,Richard BARRINGTON,https://www.allrugby.com/joueurs/richard-barrington-2255.html,18,1,374,,,,,Sporting Union Agenais (2022 - 2024) | Ampthill Rugby (2024 - 2027)
PROD2,NEV,Julien KAZUBEK,https://www.allrugby.com/joueurs/julien-kazubek-1870.html,1,1,68,,,,2027-06-30,USON Nevers Rugby (2015 - 2027)
PROD2,NEV,Mahamadou COULIBALY,https://www.allrugby.com/joueurs/mahamadou-coulibaly-13317.html,15,8,653,4,,,2027-06-30,Racing 92 (2019 - 2024) | USON Nevers Rugby (2024 - 2027)
PROD2,NEV,Phillip KLEYNHANS,https://www.allrugby.com/joueurs/phillip-kleynhans-12290.html,2,2,116,,,,2027-06-30,USON Nevers Rugby (2021 - 2027)
PROD2,NEV,Théo SAUZARET,https://www.allrugby.com/joueurs/theo-sauzaret-8376.html,2,0,54,,,,,Stade Olympique Chambéry (2020 - 2022) | Sporting Union Agenais (2022 - 2024) | US Carcassonne (2024 - 2027)
PROD2,NEV,Rati ZAZADZE,https://www.allrugby.com/joueurs/rati-zazadze-14041.html,2,1,48,,,,2027-06-30,USON Nevers Rugby (2022 - 2027)
PROD2,NEV,Wendemi VIELLARD,https://www.allrugby.com/joueurs/wendemi-viellard-14213.html,2,1,92,,,,2027-06-30,Rugby Club Toulonnais (2022 - 2025) | USON Nevers Rugby (2025 - 2027)
PROD2,NEV,Guillaume MANEVY,https://www.allrugby.com/joueurs/guillaume-manevy-6996.html,5,2,158,,,,2027-06-30,RC Aubenas Vals (2019 - 2020) | USON Nevers Rugby (2020 - 2027)
PROD2,NEV,Clément MARTINEZ,https://www.allrugby.com/joueurs/clement-martinez-5465.html,3,1,118,2,,,,Sporting Union Agenais (2019 - 2024) | Biarritz Olympique Pays Basque (2024 - 2026) | Nissa Rugby (2026 - 2027)
PROD2,NEV,Jules BOUSQUET,https://www.allrugby.com/joueurs/jules-bousquet-15086.html,3,1,106,,,,2027-06-30,ASM Clermont Auvergne (2023 - 2025) | USON Nevers Rugby (2025 - 2027)
PROD2,NEV,Simon TAREL,https://www.allrugby.com/joueurs/simon-tarel-11792.html,3,2,174,1,,,2027-06-30,Montpellier Hérault Rugby (2015 - 2021) | Provence Rugby (2021 - 2024) | USON Nevers Rugby (2024 - 2027)
PROD2,NEV,Anselme CELLIER,https://www.allrugby.com/joueurs/anselme-cellier-20700.html,3,2,164,,,,2027-06-30,US Salles (2022 - 2025) | Rugby Club Massy Essonne (2025 - 2026) | USON Nevers Rugby (2026 - 2027)
PROD2,NEV,Fred GUILLET,https://www.allrugby.com/joueurs/fred-guillet-23568.html,1,1,80,1,,,2027-06-30,AS Mâcon Rugby (2015 - 2025) | USON Nevers Rugby (2025 - 2027)
PROD2,NEV,Shaun REYNOLDS,https://www.allrugby.com/joueurs/shaun-reynolds-6828.html,2,2,160,2,,,2027-06-30,USON Nevers Rugby (2020 - 2027)
PROD2,NEV,Liam TURNER,https://www.allrugby.com/joueurs/liam-turner-7412.html,1,0,59,,,,2027-06-30,USON Nevers Rugby (2025 - 2027)
PROD2,NEV,Nicolas RAGOEVI,https://www.allrugby.com/joueurs/nicolas-ragoevi-15589.html,12,7,628,,,,2019-06-30,USON Nevers Rugby (2019 - 2019) | US Massif Central (2020 - 2020) | USON Nevers Rugby (2020 - 2027)
PROD2,NEV,Noa POMMELET,https://www.allrugby.com/joueurs/noa-pommelet-13740.html,2,2,160,,,,2027-06-30,Lyon Olympique Universitaire Rugby (2022 - 2024) | USON Nevers Rugby (2024 - 2027)
PROD2,NEV,Raphaël SANCHEZ,https://www.allrugby.com/joueurs/raphael-sanchez-10483.html,18,12,1127,1,,,2027-06-30,Union Sportive Montalbanaise (2021 - 2024) | Niort RC (2024 - 2026) | USON Nevers Rugby (2026 - 2027)
PROD2,NEV,Rudy DERRIEUX,https://www.allrugby.com/joueurs/rudy-derrieux-5512.html,2,2,97,,,,2027-06-30,USON Nevers Rugby (2014 - 2027)
PROD2,NEV,Varian PASQUET,https://www.allrugby.com/joueurs/varian-pasquet-10309.html,1,1,61,,,,2027-06-30,France 7 (2021 - 2025) | USON Nevers Rugby (2025 - 2027)
PROD2,NEV,Mike SOSENE-FEAGAI,https://www.allrugby.com/joueurs/michelangelo-sosene-feagai-8867.html,2,0,33,,,,,Rugby Club Toulonnais (2021 - 2022) | Sporting Union Agenais (2022 - 2024) | RFC Los Angeles (2024 - 2025)
PROD2,NEV,Ebenezer TSHIMANGA,https://www.allrugby.com/joueurs/ebenezer-tshimanga-14977.html,1,1,80,,,,2027-06-30,FC Grenoble Rugby (2024 - 2025) | USON Nevers Rugby (2025 - 2027)
PROD2,NEV,Gabin ROCHER,https://www.allrugby.com/joueurs/gabin-rocher-13938.html,2,2,160,,,,2027-06-30,FC Grenoble Rugby (2019 - 2022) | Montpellier Hérault Rugby (2022 - 2024) | USON Nevers Rugby (2024 - 2027)
PROD2,NEV,Jioji KOROINAWAI,https://www.allrugby.com/joueurs/jioji-koroinawai-22344.html,2,1,99,,,,2027-06-30,USON Nevers Rugby (2023 - 2027)
PROD2,NEV,Johan WASSERMAN,https://www.allrugby.com/joueurs/johan-wasserman-11390.html,2,2,160,1,,,2027-06-30,USON Nevers Rugby (2012 - 2027)
PROD2,NEV,Pierre JOUVIN,https://www.allrugby.com/joueurs/pierre-jouvin-14463.html,2,1,70,,,,,RC Buguois (2012 - 2018) | Sporting Union Agenais (2018 - 2027)
PROD2,NEV,Lucas BLANC,https://www.allrugby.com/joueurs/lucas-blanc-2539.html,11,11,863,2,,,2027-06-30,Sporting Club Albigeois (2016 - 2017) | USON Nevers Rugby (2017 - 2027)
PROD2,NEV,Perry MAYO,https://www.allrugby.com/joueurs/perry-mayo-13745.html,1,1,49,,,,2027-06-30,Rugby Club Massy Essonne (2018 - 2022) | USON Nevers Rugby (2022 - 2027)
PROD2,NEV,Dylan JAMINET,https://www.allrugby.com/joueurs/dylan-jaminet-10180.html,1,1,40,,,,2027-06-30,Union Sportive Arlequins Perpignanais (2020 - 2022) | USON Nevers Rugby (2022 - 2027)
PROD2,NEV,Tom DELEUZE,https://www.allrugby.com/joueurs/tom-deleuze-11306.html,15,8,731,2,,,2027-06-30,Rugby Club Massy Essonne (2022 - 2024) | USON Nevers Rugby (2024 - 2027)
PROD2,NEV,Alban FAIVRE,https://www.allrugby.com/joueurs/alban-faivre-23569.html,,,,,,,2027-06-30,USON Nevers Rugby (2020 - 2027)
PROD2,NEV,Adrien PAGANOTTO,https://www.allrugby.com/joueurs/adrien-paganotto-9977.html,,,,,,,,Sporting Union Agenais (2020 - 2025) | US Marmande (2025 - 2026)
PROD2,NEV,Erik MEROI,https://www.allrugby.com/joueurs/erik-meroi-22168.html,4,1,161,,,,2027-06-30,USON Nevers Rugby (2026 - 2027)
PROD2,NEV,Alexandre EVERAERT,https://www.allrugby.com/joueurs/alexandre-everaert-15860.html,,,,,,,,ASM Clermont Auvergne (2019 - 2023) | Sporting Union Agenais (2023 - 2027)
PROD2,NEV,Léopold LEROUEIL,https://www.allrugby.com/joueurs/leopold-leroueil-23570.html,,,,,,,2027-06-30,USON Nevers Rugby (2021 - 2027)
PROD2,NEV,Bastien DARRÉ,https://www.allrugby.com/joueurs/bastien-darre-21330.html,,,,,,,,Sporting Union Agenais (2021 - 2027)
PROD2,NEV,Mattéo DONJOUX,https://www.allrugby.com/joueurs/matteo-donjoux-23571.html,,,,,,,2027-06-30,USON Nevers Rugby (2022 - 2027)
PROD2,NEV,Saba NOZADZE,https://www.allrugby.com/joueurs/saba-nozadze-20334.html,4,0,84,1,,,2027-06-30,USON Nevers Rugby (2025 - 2027)
PROD2,NEV,Brice HOARAU,https://www.allrugby.com/joueurs/brice-hoarau-14462.html,,,,,,,,Sporting Union Agenais (2017 - 2025) | AS Fleurance (2025 - 2026)
PROD2,NEV,Bastien PÉPIN,https://www.allrugby.com/joueurs/bastien-pepin-21511.html,,,,,,,2027-06-30,USON Nevers Rugby (2021 - 2027)
PROD2,NEV,Clovis SAMARUT,https://www.allrugby.com/joueurs/clovis-samarut-18341.html,,,,,,,,Sporting Union Agenais (2023 - 2026) | 4 Cantons Bastides Haut Agenais Périgord (2026 - 2027)
PROD2,NEV,Jean-Maxence JULES-ROSETTE,https://www.allrugby.com/joueurs/jean-maxence-jules-rosette-11166.html,16,9,621,5,,,2027-06-30,AS Gannat Rugby (2016 - 2017) | ASM Clermont Auvergne (2018 - 2024) | USON Nevers Rugby (2024 - 2027)
PROD2,NEV,Elyan DUTHIL,https://www.allrugby.com/joueurs/elyan-duthil-21463.html,,,,,,,,Sporting Union Agenais (2021 - 2025) | Castres Olympique (2025 - 2027)
PROD2,NEV,Charlie HELLER,https://www.allrugby.com/joueurs/charlie-heller-23378.html,,,,,,,2027-06-30,USON Nevers Rugby (2026 - 2027)
PROD2,NEV,Julien KOTEUREU,https://www.allrugby.com/joueurs/julien-koteureu-18340.html,1,1,52,,,,,RC Saint-Gilles (2017 - 2018) | Union Rugby Club Dumbéa (2018 - 2019) | Sporting Union Agenais (2019 - 2027)
PROD2,NEV,Maïno PAKIHIVATAU,https://www.allrugby.com/joueurs/maino-pakihivatau-9976.html,1,0,15,,,,,Sporting Union Agenais (2020 - 2024) | US Marmande (2024 - 2026)
PROD2,NEV,Enzo LOISEAU,https://www.allrugby.com/joueurs/enzo-loiseau-21510.html,,,,,,,2027-06-30,USON Nevers Rugby (2021 - 2027)
PROD2,NEV,Fasio TAALO,https://www.allrugby.com/joueurs/fasio-taalo-18196.html,,,,,,,2027-06-30,Montpellier Hérault Rugby (2022 - 2024) | USON Nevers Rugby (2024 - 2027)
PROD2,NEV,Mathis GENSUL,https://www.allrugby.com/joueurs/mathis-gensul-18342.html,,,,,,,,Sanary Ovalie (2016 - 2018) | Union Sportive Seynoise (2018 - 2021) | Sporting Union Agenais (2021 - 2025)
PROD2,NEV,Giorgi ZAZADZE,https://www.allrugby.com/joueurs/giorgi-zazadze-22922.html,4,2,168,,,,2027-06-30,USON Nevers Rugby (2026 - 2027)
PROD2,NEV,Noah DERON,https://www.allrugby.com/joueurs/noah-deron-18348.html,,,,,,,,Sporting Union Agenais (2018 - 2026)
PROD2,NEV,Riley PULU,https://www.allrugby.com/joueurs/riley-pulu-13787.html,,,,,,,,Sporting Union Agenais (2022 - 2024) | Union Sportive Arlequins Perpignanais (2024 - 2026)
PROD2,NEV,Manaïa LAPE,https://www.allrugby.com/joueurs/manaia-lape-22092.html,6,4,287,1,,,2027-06-30,USON Nevers Rugby (2021 - 2027)
PROD2,NEV,Suliano SAVENACA,https://www.allrugby.com/joueurs/suliano-savenaca-23221.html,3,1,142,,,,2027-06-30,USON Nevers Rugby (2026 - 2027)
PROD2,NEV,Hugo FRANIATTE,https://www.allrugby.com/joueurs/hugo-franiatte-18320.html,,,,,,,2027-06-30,Oyonnax Rugby (2021 - 2024) | USON Nevers Rugby (2024 - 2027)
PROD2,NEV,Clovis CHIZAT,https://www.allrugby.com/joueurs/clovis-chizat-18458.html,,,,,,,,Sporting Union Agenais (2020 - 2024) | US Colomiers (2024 - 2027)
PROD2,NEV,Deyan NEPVEUX,https://www.allrugby.com/joueurs/deyan-nepveux-22357.html,,,,,,,,Sporting Union Agenais (2015 - 2027)
PROD2,NEV,Yanis BRILLANT,https://www.allrugby.com/joueurs/yanis-brillant-15273.html,5,3,254,,,,2027-06-30,Biarritz Olympique Pays Basque (2019 - 2023) | Aviron Bayonnais (2023 - 2025) | USON Nevers Rugby (2025 - 2027)
PROD2,NEV,Ethan VINCENT,https://www.allrugby.com/joueurs/ethan-vincent-18351.html,,,,,,,,Sporting Union Agenais (2010 - 2025)
PROD2,NEV,Josefa UBITAU,https://www.allrugby.com/joueurs/josefa-ubitau-17863.html,3,1,132,,,,2027-06-30,USON Nevers Rugby (2024 - 2027)
PROD2,NEV,Grégory ROBERT,https://www.allrugby.com/joueurs/gregory-robert-15452.html,,,,,,,,US Bergerac Rugby (2011 - 2017) | Sporting Union Agenais (2017 - 2024) | US Bergerac Rugby (2024 - 2025)
PROD2,NEV,Maxime CLAUX,https://www.allrugby.com/joueurs/maxime-claux-12172.html,,,,,,,2027-06-30,CA Brive Corrèze Limousin (2019 - 2024) | USON Nevers Rugby (2024 - 2027)
PROD2,NEV,Jules JEUNEHOMME,https://www.allrugby.com/joueurs/jules-jeunehomme-18345.html,,,,,,,,Sporting Union Agenais (2020 - 2025) | Anglet Olympique Rugby Club (2025 - 2026)
PROD2,NEV,Maé RIVIÈRE,https://www.allrugby.com/joueurs/mae-riviere-21331.html,,,,,,,,Pessac (2016 - 2022) | Sporting Union Agenais (2022 - 2027)
PROD2,NEV,Millian OULDJI,https://www.allrugby.com/joueurs/millian-ouldji-18571.html,15,1,358,1,,,,Biarritz Olympique Pays Basque (2025 - 2027)
PROD2,NEV,Angelo PREVITALI,https://www.allrugby.com/joueurs/angelo-previtali-22358.html,,,,,,,,Sporting Union Agenais (2022 - 2027)
PROD2,NEV,Titouan ROINEL,https://www.allrugby.com/joueurs/titouan-roinel-23715.html,,,,,,,2027-06-30,USON Nevers Rugby (2021 - 2027)
PROD2,NEV,Enoal JOGUET,https://www.allrugby.com/joueurs/enoal-joguet-20344.html,6,2,237,,,,2027-06-30,USON Nevers Rugby (2021 - 2027)
PROD2,NEV,Ben NEHRING,https://www.allrugby.com/joueurs/ben-nehring-15864.html,,,,,,,,Sporting Union Agenais (2023 - 2027)
PROD2,NEV,Shamesdine HASNAOUI,https://www.allrugby.com/joueurs/shamesdine-hasnaoui-23716.html,,,,,,,2027-06-30,USON Nevers Rugby (2023 - 2027)
PROD2,NEV,Camille GERMAIN,https://www.allrugby.com/joueurs/camille-germain-22356.html,,,,,,,,Sporting Union Agenais (2023 - 2027)
PROD2,NEV,Walter DESMAISON,https://www.allrugby.com/joueurs/walter-desmaison-1941.html,1,0,32,,,,,FC Grenoble Rugby (2015 - 2017) | Stade Montois Rugby Pro (2017 - 2019) | Sporting Union Agenais (2019 - 2024)
PROD2,AIX,Andréa PONTANIER,https://www.allrugby.com/joueurs/andrea-pontanier-11943.html,3,1,122,,,,2027-06-30,Valence Romans Drôme Rugby (2019 - 2026) | Provence Rugby (2026 - 2027)
PROD2,AIX,Aurélien AZAR,https://www.allrugby.com/joueurs/aurelien-azar-4379.html,1,0,34,,,,2027-06-30,US Carcassonne (2019 - 2022) | Castres Olympique (2022 - 2026) | Provence Rugby (2026 - 2027)
PROD2,AIX,Eliott YEMSI,https://www.allrugby.com/joueurs/eliott-yemsi-9651.html,1,0,50,,,,2027-06-30,Rugby Club Toulonnais (2020 - 2023) | Provence Rugby (2023 - 2027)
PROD2,AIX,Alex BURIN,https://www.allrugby.com/joueurs/alex-burin-7289.html,24,17,1067,1,,,,Sporting Union Agenais (2017 - 2026) | Castres Olympique (2026 - 2027)
PROD2,AIX,Federico WEGRZYN,https://www.allrugby.com/joueurs/federico-wegrzyn-11780.html,19,14,887,2,,,2027-06-30,Jaguares XV (2020 - 2021) | Provence Rugby (2021 - 2027)
PROD2,AIX,Hugo N'DIAYE,https://www.allrugby.com/joueurs/hugo-ndiaye-11171.html,2,1,44,,,,2027-06-30,Stade Français Paris Rugby (2025 - 2025) | USON Nevers Rugby (2025 - 2025) | Provence Rugby (2025 - 2027)
PROD2,AIX,Julius NOSTADT,https://www.allrugby.com/joueurs/julius-nostadt-5812.html,2,1,72,,,,2027-06-30,Stade Aurillacois Cantal Auvergne (2017 - 2020) | Castres Olympique (2020 - 2022) | Provence Rugby (2022 - 2027)
PROD2,AIX,Lino JULIEN,https://www.allrugby.com/joueurs/lino-julien-14125.html,1,1,46,1,,,2025-06-30,Provence Rugby (2025 - 2025) | Racing 92 (2026 - 2026) | Provence Rugby (2026 - 2027)
PROD2,AIX,Beau FARRANCE,https://www.allrugby.com/joueurs/beau-farrance-8270.html,15,4,530,,,,,Stado Tarbes Pyrénées Rugby (2023 - 2023) | Sporting Union Agenais (2023 - 2026) | Nissa Rugby (2026 - 2027)
PROD2,AIX,Pascal COTET,https://www.allrugby.com/joueurs/pascal-cotet-1906.html,2,2,102,,,,2027-06-30,Racing Club Narbonnais (2018 - 2022) | Aviron Bayonnais (2022 - 2026) | Provence Rugby (2026 - 2027)
PROD2,AIX,Sébastien TAOFIFENUA,https://www.allrugby.com/joueurs/sebastien-taofifenua-1144.html,19,10,740,1,,,2027-06-30,Rugby Club Toulonnais (2018 - 2021) | Lyon Olympique Universitaire Rugby (2021 - 2025) | Provence Rugby (2025 - 2027)
PROD2,AIX,Kapeli PIFELETI JR,https://www.allrugby.com/joueurs/kapeli-pifeleti-jr-8825.html,1,0,34,,,,2024-06-30,Provence Rugby (2024 - 2024) | Saracens (2025 - 2025) | Provence Rugby (2025 - 2027)
PROD2,AIX,Florent GUION,https://www.allrugby.com/joueurs/florent-guion-5163.html,1,0,32,,,,,Soyaux-Angoulême XV Charente (2017 - 2019) | Rouen Normandie Rugby (2019 - 2021) | Sporting Union Agenais (2021 - 2027)
PROD2,AIX,Romain LATTERRADE,https://www.allrugby.com/joueurs/romain-latterrade-5559.html,3,2,118,1,,,2027-06-30,Union Bordeaux-Bègles (2023 - 2025) | Provence Rugby (2025 - 2027)
PROD2,AIX,Vincent GIUDICELLI,https://www.allrugby.com/joueurs/vincent-giudicelli-4847.html,2,1,88,2,,,2027-06-30,Montpellier Hérault Rugby (2017 - 2023) | Aviron Bayonnais (2023 - 2026) | Provence Rugby (2026 - 2027)
PROD2,AIX,Hans LOMBARD-BURET,https://www.allrugby.com/joueurs/hans-lombard-buret-6129.html,2,2,110,,,,,Stade Toulousain (2015 - 2018) | Sporting Union Agenais (2018 - 2027)
PROD2,AIX,Andrés ZAFRA,https://www.allrugby.com/joueurs/andres-zafra-4677.html,2,2,160,,,,2027-06-30,Sporting Union Agenais (2018 - 2021) | CA Brive Corrèze Limousin (2021 - 2023) | Provence Rugby (2023 - 2027)
PROD2,AIX,Izack RODDA,https://www.allrugby.com/joueurs/izack-rodda-5595.html,3,2,155,,,,2027-06-30,Western Force (2021 - 2024) | Provence Rugby (2024 - 2027)
PROD2,AIX,Raphaël PORTAT,https://www.allrugby.com/joueurs/raphael-portat-12989.html,1,0,15,,,,2025-06-30,Provence Rugby (2025 - 2025) | Stade Toulousain (2026 - 2026) | Provence Rugby (2026 - 2027)
PROD2,AIX,Malik HAMADACHE,https://www.allrugby.com/joueurs/malik-hamadache-1497.html,7,6,313,,,,,Section Paloise Béarn Pyrénées (2016 - 2021) | Montpellier Hérault Rugby (2021 - 2022) | Sporting Union Agenais (2022 - 2024)
PROD2,AIX,Renger VAN EERTEN,https://www.allrugby.com/joueurs/renger-van-eerten-8814.html,22,15,1136,2,,,2027-06-30,CA Brive Corrèze Limousin (2019 - 2025) | Provence Rugby (2025 - 2027)
PROD2,AIX,Mamuka MSTOIANI,https://www.allrugby.com/joueurs/mamuka-mstoiani-11285.html,2,2,108,,,,,Sporting Union Agenais (2021 - 2026) | US Colomiers (2026 - 2027)
PROD2,AIX,Yannick YOUYOUTTE,https://www.allrugby.com/joueurs/yannick-youyoutte-8295.html,3,2,150,,,,2024-06-30,Provence Rugby (2024 - 2024) | Rugby Club Toulonnais (2025 - 2025) | Provence Rugby (2025 - 2027)
PROD2,AIX,Albert TUISUE,https://www.allrugby.com/joueurs/albert-tuisue-6225.html,2,1,95,,,,2027-06-30,London Irish (2019 - 2022) | Gloucester Rugby (2022 - 2025) | Provence Rugby (2025 - 2027)
PROD2,AIX,Charly GAMBINI,https://www.allrugby.com/joueurs/charly-gambini-14755.html,3,2,184,,,,2027-06-30,RC Orangeois (2018 - 2019) | Provence Rugby (2019 - 2027)
PROD2,AIX,Etonia WAQA,https://www.allrugby.com/joueurs/etonia-waqa-7989.html,1,1,80,2,,,2027-06-30,Bay of Plenty Steamers (2023 - 2023) | Fijian Drua (2023 - 2026) | Provence Rugby (2026 - 2027)
PROD2,AIX,Richard BARRINGTON,https://www.allrugby.com/joueurs/richard-barrington-2255.html,18,1,374,,,,,Sporting Union Agenais (2022 - 2024) | Ampthill Rugby (2024 - 2027)
PROD2,AIX,Guillaume PIAZZOLI,https://www.allrugby.com/joueurs/guillaume-piazzoli-7167.html,11,8,565,5,,,2027-06-30,Provence Rugby (2016 - 2027)
PROD2,AIX,Malohi SUTA,https://www.allrugby.com/joueurs/malohi-suta-12545.html,15,5,530,4,,,2027-06-30,Rugby Club Nîmois (2017 - 2020) | Provence Rugby (2020 - 2027)
PROD2,AIX,Théo SAUZARET,https://www.allrugby.com/joueurs/theo-sauzaret-8376.html,2,0,54,,,,,Stade Olympique Chambéry (2020 - 2022) | Sporting Union Agenais (2022 - 2024) | US Carcassonne (2024 - 2027)
PROD2,AIX,Teimana HARRISON,https://www.allrugby.com/joueurs/teimana-harrison-2733.html,2,2,55,,,,2027-06-30,Provence Rugby (2022 - 2027)
PROD2,AIX,Thibaut MARTEL,https://www.allrugby.com/joueurs/thibaut-martel-5317.html,3,1,89,,,,2027-06-30,FC Grenoble Rugby (2013 - 2026) | Provence Rugby (2026 - 2027)
PROD2,AIX,Tornike JALAGONIA,https://www.allrugby.com/joueurs/tornike-jalagonia-6174.html,1,1,58,,,,2027-06-30,Biarritz Olympique Pays Basque (2018 - 2024) | Provence Rugby (2024 - 2027)
PROD2,AIX,Tyler ARDRON,https://www.allrugby.com/joueurs/tyler-ardron-2763.html,2,1,109,,,,2027-06-30,Castres Olympique (2020 - 2026) | Provence Rugby (2026 - 2027)
PROD2,AIX,Clément MARTINEZ,https://www.allrugby.com/joueurs/clement-martinez-5465.html,3,1,118,2,,,,Sporting Union Agenais (2019 - 2024) | Biarritz Olympique Pays Basque (2024 - 2026) | Nissa Rugby (2026 - 2027)
PROD2,AIX,Arthur COVILLE,https://www.allrugby.com/joueurs/arthur-coville-4422.html,2,1,103,,,,2027-06-30,Rugby Club Vannes (2017 - 2017) | Stade Français Paris Rugby (2017 - 2023) | Provence Rugby (2023 - 2027)
PROD2,AIX,Joris CAZENAVE,https://www.allrugby.com/joueurs/joris-cazenave-2463.html,3,2,131,,,,2027-06-30,US Colomiers (2014 - 2019) | USON Nevers Rugby (2019 - 2022) | Provence Rugby (2022 - 2027)
PROD2,AIX,Tom NOBLE,https://www.allrugby.com/joueurs/tom-noble-17315.html,1,0,17,,,,2027-06-30,Provence Rugby (2021 - 2027)
PROD2,AIX,Caleb MUNTZ,https://www.allrugby.com/joueurs/caleb-muntz-7994.html,2,1,91,1,,,2027-06-30,Fijian Drua (2021 - 2025) | Provence Rugby (2025 - 2027)
PROD2,AIX,Thomas SALLES,https://www.allrugby.com/joueurs/thomas-salles-5148.html,1,0,11,,,,2027-06-30,Rugby Club Toulonnais (2021 - 2023) | Provence Rugby (2023 - 2027)
PROD2,AIX,Baptiste LENOIR,https://www.allrugby.com/joueurs/baptiste-lenoir-18178.html,1,1,69,1,,,2027-06-30,Provence Rugby (2012 - 2027)
PROD2,AIX,Inga FINAU,https://www.allrugby.com/joueurs/inga-finau-9190.html,2,2,160,,,,2027-06-30,Crusaders (2022 - 2022) | Bay of Plenty Steamers (2022 - 2022) | Provence Rugby (2022 - 2027)
PROD2,AIX,Mathias COLOMBET,https://www.allrugby.com/joueurs/mathias-colombet-5151.html,2,2,160,,,,2023-06-30,Provence Rugby (2023 - 2023) | Section Paloise Béarn Pyrénées (2024 - 2024) | Provence Rugby (2024 - 2027)
PROD2,AIX,Pierre LUCAS,https://www.allrugby.com/joueurs/pierre-lucas-4760.html,1,0,77,,,,2027-06-30,Union Sportive Arlequins Perpignanais (2015 - 2021) | Montpellier Hérault Rugby (2021 - 2025) | Provence Rugby (2025 - 2027)
PROD2,AIX,Romain TROUILLOUD,https://www.allrugby.com/joueurs/romain-trouilloud-10920.html,3,2,156,2,,,2027-06-30,CS Bourgoin Jallieu Rugby (2016 - 2018) | FC Grenoble Rugby (2018 - 2026) | Provence Rugby (2026 - 2027)
PROD2,AIX,Mike SOSENE-FEAGAI,https://www.allrugby.com/joueurs/michelangelo-sosene-feagai-8867.html,2,0,33,,,,,Rugby Club Toulonnais (2021 - 2022) | Sporting Union Agenais (2022 - 2024) | RFC Los Angeles (2024 - 2025)
PROD2,AIX,Sireli MASIWINI,https://www.allrugby.com/joueurs/sireli-masiwini-15634.html,1,1,80,1,,,2027-06-30,Association Sportive Béziers Hérault (2024 - 2026) | Provence Rugby (2026 - 2027)
PROD2,AIX,Adrien LAPÈGUE,https://www.allrugby.com/joueurs/adrien-lapegue-6069.html,3,3,163,2,,,2027-06-30,Stade Français Paris Rugby (2018 - 2022) | Provence Rugby (2022 - 2027)
PROD2,AIX,Pierre JOUVIN,https://www.allrugby.com/joueurs/pierre-jouvin-14463.html,2,1,70,,,,,RC Buguois (2012 - 2018) | Sporting Union Agenais (2018 - 2027)
PROD2,AIX,Léo DROUET,https://www.allrugby.com/joueurs/leo-drouet-11791.html,1,1,80,,,,2027-06-30,Montpellier Hérault Rugby (2018 - 2021) | Provence Rugby (2021 - 2027)
PROD2,AIX,Nadir BOUHEDJEUR,https://www.allrugby.com/joueurs/nadir-bouhedjeur-10240.html,11,9,706,3,,,2027-06-30,Valence Romans Drôme Rugby (2019 - 2021) | Provence Rugby (2021 - 2027)
PROD2,AIX,Setareki BITUNIYATA,https://www.allrugby.com/joueurs/setareki-bituniyata-5258.html,2,2,149,1,,,2027-06-30,CA Brive Corrèze Limousin (2019 - 2023) | Stade Toulousain (2023 - 2025) | Provence Rugby (2025 - 2027)
PROD2,AIX,Sione TUI,https://www.allrugby.com/joueurs/sione-tui-8025.html,1,1,80,,,,2027-06-30,US Carcassonne (2021 - 2022) | Stade Français Paris Rugby (2022 - 2023) | Provence Rugby (2023 - 2027)
PROD2,AIX,Manuel VAREIRO,https://www.allrugby.com/joueurs/manuel-vareiro-18056.html,2,2,143,1,,,2027-06-30,Provence Rugby (2025 - 2027)
PROD2,AIX,Corentin VERNET,https://www.allrugby.com/joueurs/corentin-vernet-5377.html,1,0,12,,,,,Sporting Union Agenais (2020 - 2024) | Rouen Normandie Rugby (2024 - 2027)
PROD2,AIX,Martin BOGADO,https://www.allrugby.com/joueurs/martin-bogado-14608.html,12,11,893,2,,,2027-06-30,Highlanders (2023 - 2024) | Oyonnax Rugby (2024 - 2026) | Provence Rugby (2026 - 2027)
PROD2,AIX,Adrien PAGANOTTO,https://www.allrugby.com/joueurs/adrien-paganotto-9977.html,,,,,,,,Sporting Union Agenais (2020 - 2025) | US Marmande (2025 - 2026)
PROD2,AIX,Enzo DELFOSSE,https://www.allrugby.com/joueurs/enzo-delfosse-21229.html,,,,,,,2027-06-30,Entente Provençale De Manosque (2017 - 2020) | Provence Rugby (2021 - 2027)
PROD2,AIX,Alexandre EVERAERT,https://www.allrugby.com/joueurs/alexandre-everaert-15860.html,,,,,,,,ASM Clermont Auvergne (2019 - 2023) | Sporting Union Agenais (2023 - 2027)
PROD2,AIX,Kélian AISSIOU,https://www.allrugby.com/joueurs/kelian-aissiou-22781.html,,,,,,,2027-06-30,Provence Rugby (2024 - 2027)
PROD2,AIX,Bastien DARRÉ,https://www.allrugby.com/joueurs/bastien-darre-21330.html,,,,,,,,Sporting Union Agenais (2021 - 2027)
PROD2,AIX,Mathéo ALLIER,https://www.allrugby.com/joueurs/matheo-allier-22490.html,,,,,,,2027-06-30,Rugby Club Nîmois (2019 - 2023) | Provence Rugby (2023 - 2027)
PROD2,AIX,Mattéo FOURCADE,https://www.allrugby.com/joueurs/matteo-fourcade-23022.html,,,,,,,2027-06-30,Provence Rugby (2026 - 2027)
PROD2,AIX,Noam PION,https://www.allrugby.com/joueurs/noam-pion-20333.html,17,13,818,1,,,2027-06-30,Rouen Normandie Rugby (2020 - 2026) | Provence Rugby (2026 - 2027)
PROD2,AIX,Brice HOARAU,https://www.allrugby.com/joueurs/brice-hoarau-14462.html,,,,,,,,Sporting Union Agenais (2017 - 2025) | AS Fleurance (2025 - 2026)
PROD2,AIX,Clovis SAMARUT,https://www.allrugby.com/joueurs/clovis-samarut-18341.html,,,,,,,,Sporting Union Agenais (2023 - 2026) | 4 Cantons Bastides Haut Agenais Périgord (2026 - 2027)
PROD2,AIX,Wesley MASIMA,https://www.allrugby.com/joueurs/wesley-masima-20044.html,,,,,,,2027-06-30,Istres Saint Mitre Les Remparts XV (2020 - 2023) | Provence Rugby (2023 - 2027)
PROD2,AIX,Augustin MOLLET,https://www.allrugby.com/joueurs/augustin-mollet-21232.html,,,,,,,2027-06-30,RC Draguignan (2020 - 2021) | Provence Rugby (2021 - 2027)
PROD2,AIX,Balthazar CHAPEAU,https://www.allrugby.com/joueurs/balthazar-chapeau-23737.html,,,,,,,2027-06-30,Montpellier Hérault Rugby (2021 - 2024) | Provence Rugby (2024 - 2027)
PROD2,AIX,Elyan DUTHIL,https://www.allrugby.com/joueurs/elyan-duthil-21463.html,,,,,,,,Sporting Union Agenais (2021 - 2025) | Castres Olympique (2025 - 2027)
PROD2,AIX,Joris CAVAGLIERI,https://www.allrugby.com/joueurs/joris-cavaglieri-18082.html,,,,,,,2027-06-30,Provence Rugby (2015 - 2027)
PROD2,AIX,Bas VAN RAVENSTEIN,https://www.allrugby.com/joueurs/bas-van-ravenstein-23432.html,,,,,,,2027-06-30,Provence Rugby (2025 - 2027)
PROD2,AIX,Julien KOTEUREU,https://www.allrugby.com/joueurs/julien-koteureu-18340.html,1,1,52,,,,,RC Saint-Gilles (2017 - 2018) | Union Rugby Club Dumbéa (2018 - 2019) | Sporting Union Agenais (2019 - 2027)
PROD2,AIX,Cyprien KILEZTKY,https://www.allrugby.com/joueurs/cyprien-kileztky-18179.html,,,,,,,2027-06-30,Provence Rugby (2021 - 2027)
PROD2,AIX,Idris ABID,https://www.allrugby.com/joueurs/idris-abid-23718.html,,,,,,,2027-06-30,Pennes-Mirabeau Cadeneaux Rugby (2019 - 2024) | Provence Rugby (2024 - 2027)
PROD2,AIX,Maïno PAKIHIVATAU,https://www.allrugby.com/joueurs/maino-pakihivatau-9976.html,1,0,15,,,,,Sporting Union Agenais (2020 - 2024) | US Marmande (2024 - 2026)
PROD2,AIX,Rémi ROUX,https://www.allrugby.com/joueurs/remi-roux-23720.html,,,,,,,2027-06-30,Marseille Rugby Méditerranée (2022 - 2023) | Provence Rugby (2023 - 2027)
PROD2,AIX,Sjoerd BAKKER,https://www.allrugby.com/joueurs/sjoerd-bakker-22845.html,,,,,,,2027-06-30,Provence Rugby (2026 - 2027)
PROD2,AIX,Mathis GENSUL,https://www.allrugby.com/joueurs/mathis-gensul-18342.html,,,,,,,,Sanary Ovalie (2016 - 2018) | Union Sportive Seynoise (2018 - 2021) | Sporting Union Agenais (2021 - 2025)
PROD2,AIX,Bobby BISSU,https://www.allrugby.com/joueurs/bobby-bissu-18406.html,1,0,16,,,,2027-06-30,Union Bordeaux-Bègles (2024 - 2026) | Provence Rugby (2026 - 2027)
PROD2,AIX,Noah DERON,https://www.allrugby.com/joueurs/noah-deron-18348.html,,,,,,,,Sporting Union Agenais (2018 - 2026)
PROD2,AIX,Florent BERTOUT,https://www.allrugby.com/joueurs/florent-bertout-23790.html,,,,,,,2027-06-30,Marseille Rugby Méditerranée (2021 - 2022) | Provence Rugby (2022 - 2027)
PROD2,AIX,Riley PULU,https://www.allrugby.com/joueurs/riley-pulu-13787.html,,,,,,,,Sporting Union Agenais (2022 - 2024) | Union Sportive Arlequins Perpignanais (2024 - 2026)
PROD2,AIX,Luca MAZÈRES,https://www.allrugby.com/joueurs/luca-mazeres-18083.html,1,0,22,,,,2027-06-30,RC Draguignan (2015 - 2022) | Provence Rugby (2022 - 2027)
PROD2,AIX,Unax CARBALLO,https://www.allrugby.com/joueurs/unax-carballo-22815.html,3,2,151,,,,2027-06-30,Provence Rugby (2026 - 2027)
PROD2,AIX,Clovis CHIZAT,https://www.allrugby.com/joueurs/clovis-chizat-18458.html,,,,,,,,Sporting Union Agenais (2020 - 2024) | US Colomiers (2024 - 2027)
PROD2,AIX,Virgile GALLEGO DA SILVA,https://www.allrugby.com/joueurs/virgile-gallego-da-silva-22597.html,,,,,,,2027-06-30,Rugby Club Massy Essonne (2023 - 2026) | Provence Rugby (2026 - 2027)
PROD2,AIX,Deyan NEPVEUX,https://www.allrugby.com/joueurs/deyan-nepveux-22357.html,,,,,,,,Sporting Union Agenais (2015 - 2027)
PROD2,AIX,Aubin GEFFRAY,https://www.allrugby.com/joueurs/aubin-geffray-22650.html,,,,,,,2027-06-30,Lyon Olympique Universitaire Rugby (2023 - 2026) | Provence Rugby (2026 - 2027)
PROD2,AIX,Ethan VINCENT,https://www.allrugby.com/joueurs/ethan-vincent-18351.html,,,,,,,,Sporting Union Agenais (2010 - 2025)
PROD2,AIX,Martino PUCCIARIELLO,https://www.allrugby.com/joueurs/martino-pucciariello-17083.html,5,5,383,,,,2027-06-30,Biarritz Olympique Pays Basque (2024 - 2025) | Provence Rugby (2025 - 2027)
PROD2,AIX,Noah CHAMPET,https://www.allrugby.com/joueurs/noah-champet-23719.html,,,,,,,2027-06-30,Provence Rugby (2014 - 2027)
PROD2,AIX,Grégory ROBERT,https://www.allrugby.com/joueurs/gregory-robert-15452.html,,,,,,,,US Bergerac Rugby (2011 - 2017) | Sporting Union Agenais (2017 - 2024) | US Bergerac Rugby (2024 - 2025)
PROD2,AIX,Imran DHAOUADI,https://www.allrugby.com/joueurs/imran-dhaouadi-21230.html,,,,,,,2027-06-30,Marseille Rugby Méditerranée (2022 - 2024) | Provence Rugby (2024 - 2027)
PROD2,AIX,Jules JEUNEHOMME,https://www.allrugby.com/joueurs/jules-jeunehomme-18345.html,,,,,,,,Sporting Union Agenais (2020 - 2025) | Anglet Olympique Rugby Club (2025 - 2026)
PROD2,AIX,Maé RIVIÈRE,https://www.allrugby.com/joueurs/mae-riviere-21331.html,,,,,,,,Pessac (2016 - 2022) | Sporting Union Agenais (2022 - 2027)
PROD2,AIX,Tom FRÉLAUT,https://www.allrugby.com/joueurs/tom-frelaut-21231.html,,,,,,,2027-06-30,Provence Rugby (2023 - 2027)
PROD2,AIX,Millian OULDJI,https://www.allrugby.com/joueurs/millian-ouldji-18571.html,15,1,358,1,,,,Biarritz Olympique Pays Basque (2025 - 2027)
PROD2,AIX,Valentin IBANEZ,https://www.allrugby.com/joueurs/valentin-ibanez-18181.html,,,,,,,2027-06-30,RC Noves-Eyragues (2013 - 2020) | Provence Rugby (2020 - 2027)
PROD2,AIX,Gabin SADONES,https://www.allrugby.com/joueurs/gabin-sadones-23738.html,,,,,,,2027-06-30,Provence Rugby (2018 - 2027)
PROD2,AIX,Angelo PREVITALI,https://www.allrugby.com/joueurs/angelo-previtali-22358.html,,,,,,,,Sporting Union Agenais (2022 - 2027)
PROD2,AIX,Nicolas MAGIMEL,https://www.allrugby.com/joueurs/nicolas-magimel-21167.html,,,,,,,2027-06-30,Provence Rugby (2021 - 2027)
PROD2,AIX,Paul CELLIO-ZWILER,https://www.allrugby.com/joueurs/paul-cellio-18086.html,8,8,640,2,,,2027-06-30,Sporting Club Salonais (2018 - 2021) | Provence Rugby (2021 - 2027)
PROD2,AIX,Ben NEHRING,https://www.allrugby.com/joueurs/ben-nehring-15864.html,,,,,,,,Sporting Union Agenais (2023 - 2027)
PROD2,AIX,Camille GERMAIN,https://www.allrugby.com/joueurs/camille-germain-22356.html,,,,,,,,Sporting Union Agenais (2023 - 2027)
PROD2,AIX,Johan BOIRON,https://www.allrugby.com/joueurs/johan-boiron-23753.html,,,,,,,2027-06-30,Provence Rugby (2023 - 2027)
PROD2,AIX,Walter DESMAISON,https://www.allrugby.com/joueurs/walter-desmaison-1941.html,1,0,32,,,,,FC Grenoble Rugby (2015 - 2017) | Stade Montois Rugby Pro (2017 - 2019) | Sporting Union Agenais (2019 - 2024)
PROD2,GRE,Cody THOMAS,https://www.allrugby.com/joueurs/cody-thomas-5555.html,2,0,47,,,,2027-06-30,CA Brive Corrèze Limousin (2018 - 2022) | Rouen Normandie Rugby (2022 - 2024) | FC Grenoble Rugby (2024 - 2027)
PROD2,GRE,Éli ÉGLAINE,https://www.allrugby.com/joueurs/eli-eglaine-7341.html,2,0,38,,,,2027-06-30,FC Grenoble Rugby (2016 - 2027)
PROD2,GRE,Giorgi PERTAIA,https://www.allrugby.com/joueurs/giorgi-pertaia-13811.html,3,3,182,,,,2027-06-30,Stade Olympique Chambéry (2022 - 2024) | FC Grenoble Rugby (2024 - 2027)
PROD2,GRE,Alex BURIN,https://www.allrugby.com/joueurs/alex-burin-7289.html,24,17,1067,1,,,,Sporting Union Agenais (2017 - 2026) | Castres Olympique (2026 - 2027)
PROD2,GRE,Johannes JONKER,https://www.allrugby.com/joueurs/johannes-jonker-5801.html,17,9,673,,,,2027-06-30,Ealing Trailfinders (2020 - 2021) | Bath Rugby (2021 - 2024) | FC Grenoble Rugby (2024 - 2027)
PROD2,GRE,Sascha MISTRULLI,https://www.allrugby.com/joueurs/sascha-mistrulli-16294.html,1,0,16,,,,2027-06-30,FC Grenoble Rugby (2020 - 2027)
PROD2,GRE,Théo LAVOINE,https://www.allrugby.com/joueurs/theo-lavoine-16295.html,1,0,10,,,,2023-06-30,FC Grenoble Rugby (2023 - 2023) | Stade Olympique Chambéry (2024 - 2024) | FC Grenoble Rugby (2024 - 2027)
PROD2,GRE,Beau FARRANCE,https://www.allrugby.com/joueurs/beau-farrance-8270.html,15,4,530,,,,,Stado Tarbes Pyrénées Rugby (2023 - 2023) | Sporting Union Agenais (2023 - 2026) | Nissa Rugby (2026 - 2027)
PROD2,GRE,Tommy RAYNAUD,https://www.allrugby.com/joueurs/tommy-raynaud-2433.html,25,17,1112,1,,,2027-06-30,Oyonnax Rugby (2016 - 2024) | FC Grenoble Rugby (2024 - 2027)
PROD2,GRE,Zack GAUTHIER,https://www.allrugby.com/joueurs/zack-gauthier-11143.html,3,3,176,,,,2027-06-30,FC Grenoble Rugby (2017 - 2027)
PROD2,GRE,Bastien SOURY,https://www.allrugby.com/joueurs/bastien-soury-3643.html,3,3,177,1,,,2027-06-30,Rugby Club Toulonnais (2022 - 2022) | Biarritz Olympique Pays Basque (2022 - 2024) | FC Grenoble Rugby (2024 - 2027)
PROD2,GRE,Jérémy TOEVALU,https://www.allrugby.com/joueurs/jeremy-toevalu-18003.html,2,0,38,,,,2025-06-30,FC Grenoble Rugby (2025 - 2025) | Rugby Club Toulonnais (2026 - 2026) | FC Grenoble Rugby (2026 - 2027)
PROD2,GRE,Lilian ROSSI,https://www.allrugby.com/joueurs/lilian-rossi-7083.html,1,0,25,,,,2022-06-30,FC Grenoble Rugby (2022 - 2022) | Rugby Club Vannes (2022 - 2022) | FC Grenoble Rugby (2022 - 2027)
PROD2,GRE,Florent GUION,https://www.allrugby.com/joueurs/florent-guion-5163.html,1,0,32,,,,,Soyaux-Angoulême XV Charente (2017 - 2019) | Rouen Normandie Rugby (2019 - 2021) | Sporting Union Agenais (2021 - 2027)
PROD2,GRE,Romain RUFFENACH,https://www.allrugby.com/joueurs/romain-ruffenach-1319.html,13,4,463,1,,,2027-06-30,Biarritz Olympique Pays Basque (2019 - 2022) | Section Paloise Béarn Pyrénées (2022 - 2025) | FC Grenoble Rugby (2025 - 2027)
PROD2,GRE,Hans LOMBARD-BURET,https://www.allrugby.com/joueurs/hans-lombard-buret-6129.html,2,2,110,,,,,Stade Toulousain (2015 - 2018) | Sporting Union Agenais (2018 - 2027)
PROD2,GRE,Brandon NANSEN,https://www.allrugby.com/joueurs/brandon-nansen-5831.html,20,10,798,,,,2027-06-30,Northampton Saints (2023 - 2023) | Bedford Blues (2023 - 2023) | FC Grenoble Rugby (2023 - 2027)
PROD2,GRE,Cameron HOLT,https://www.allrugby.com/joueurs/cameron-holt-18836.html,3,2,178,,,,2027-06-30,FC Grenoble Rugby (2024 - 2027)
PROD2,GRE,James FENDER,https://www.allrugby.com/joueurs/james-fender-9125.html,10,6,475,,,,2027-06-30,Cornish Pirates (2023 - 2023) | Ospreys (2023 - 2026) | FC Grenoble Rugby (2026 - 2027)
PROD2,GRE,Malik HAMADACHE,https://www.allrugby.com/joueurs/malik-hamadache-1497.html,7,6,313,,,,,Section Paloise Béarn Pyrénées (2016 - 2021) | Montpellier Hérault Rugby (2021 - 2022) | Sporting Union Agenais (2022 - 2024)
PROD2,GRE,Josh THOMPSON,https://www.allrugby.com/joueurs/josh-thompson-18329.html,2,2,143,,,,2027-06-30,Western Force (2024 - 2025) | FC Grenoble Rugby (2025 - 2027)
PROD2,GRE,Manuel LEINDEKAR,https://www.allrugby.com/joueurs/manuel-leindekar-5612.html,2,2,160,,,,2027-06-30,Oyonnax Rugby (2024 - 2026) | FC Grenoble Rugby (2026 - 2027)
PROD2,GRE,Mamuka MSTOIANI,https://www.allrugby.com/joueurs/mamuka-mstoiani-11285.html,2,2,108,,,,,Sporting Union Agenais (2021 - 2026) | US Colomiers (2026 - 2027)
PROD2,GRE,Tristan LABOUTELEY,https://www.allrugby.com/joueurs/tristan-labouteley-4387.html,1,0,17,,,,2025-06-30,FC Grenoble Rugby (2025 - 2025) | Union Sportive Arlequins Perpignanais (2026 - 2026) | FC Grenoble Rugby (2026 - 2027)
PROD2,GRE,Antonin BERRUYER,https://www.allrugby.com/joueurs/antonin-berruyer-5312.html,3,3,224,,,,2027-06-30,FC Grenoble Rugby (2012 - 2027)
PROD2,GRE,Baptiste ABESCAT,https://www.allrugby.com/joueurs/baptiste-abescat-9647.html,3,1,69,1,,,2027-06-30,Association Sportive Béziers Hérault (2024 - 2026) | FC Grenoble Rugby (2026 - 2027)
PROD2,GRE,Richard BARRINGTON,https://www.allrugby.com/joueurs/richard-barrington-2255.html,18,1,374,,,,,Sporting Union Agenais (2022 - 2024) | Ampthill Rugby (2024 - 2027)
PROD2,GRE,Fergus LEE-WARNER,https://www.allrugby.com/joueurs/fergus-lee-warner-10429.html,3,2,176,,,,2027-06-30,New South Wales Waratahs (2024 - 2025) | Newcastle (2025 - 2026) | FC Grenoble Rugby (2026 - 2027)
PROD2,GRE,Théo SAUZARET,https://www.allrugby.com/joueurs/theo-sauzaret-8376.html,2,0,54,,,,,Stade Olympique Chambéry (2020 - 2022) | Sporting Union Agenais (2022 - 2024) | US Carcassonne (2024 - 2027)
PROD2,GRE,Mathis BARET,https://www.allrugby.com/joueurs/mathis-baret-17812.html,1,1,55,1,,,2027-06-30,Seyssins (2020 - 2022) | FC Grenoble Rugby (2022 - 2027)
PROD2,GRE,Otunuku PAUTA,https://www.allrugby.com/joueurs/otunuku-pauta-15464.html,3,2,163,3,,,2027-06-30,Association Sportive Béziers Hérault (2023 - 2026) | FC Grenoble Rugby (2026 - 2027)
PROD2,GRE,Clément MARTINEZ,https://www.allrugby.com/joueurs/clement-martinez-5465.html,3,1,118,2,,,,Sporting Union Agenais (2019 - 2024) | Biarritz Olympique Pays Basque (2024 - 2026) | Nissa Rugby (2026 - 2027)
PROD2,GRE,Steven DAVID,https://www.allrugby.com/joueurs/steven-david-5536.html,19,15,1215,3,,,2027-06-30,Valence Romans Drôme Rugby (2021 - 2022) | USON Nevers Rugby (2022 - 2026) | FC Grenoble Rugby (2026 - 2027)
PROD2,GRE,Victor GUILLAUMOND,https://www.allrugby.com/joueurs/victor-guillaumond-11438.html,13,9,703,,,,2027-06-30,FC Grenoble Rugby (2015 - 2027)
PROD2,GRE,Barnabé COUILLOUD,https://www.allrugby.com/joueurs/barnabe-couilloud-7968.html,3,3,211,1,,,2027-06-30,Biarritz Olympique Pays Basque (2019 - 2023) | FC Grenoble Rugby (2023 - 2027)
PROD2,GRE,Eric ESCANDE,https://www.allrugby.com/joueurs/eric-escande-1379.html,23,11,865,3,,,2027-06-30,Rugby Club Toulonnais (2014 - 2019) | FC Grenoble Rugby (2019 - 2027)
PROD2,GRE,Lucas BERTI,https://www.allrugby.com/joueurs/lucas-berti-14293.html,1,1,66,,,,2027-06-30,Montpellier Hérault Rugby (2022 - 2025) | Selknam (2025 - 2026) | FC Grenoble Rugby (2026 - 2027)
PROD2,GRE,Maël NAVIZET,https://www.allrugby.com/joueurs/mael-navizet-21615.html,1,1,53,,,,2027-06-30,FC Grenoble Rugby (2015 - 2027)
PROD2,GRE,Marc PALMIER,https://www.allrugby.com/joueurs/marc-palmier-7765.html,2,2,120,,,,2027-06-30,ASM Clermont Auvergne (2020 - 2020) | Stade Aurillacois Cantal Auvergne (2020 - 2024) | FC Grenoble Rugby (2024 - 2027)
PROD2,GRE,Max CLÉMENT,https://www.allrugby.com/joueurs/max-clement-11696.html,3,0,29,,,,2027-06-30,FC Grenoble Rugby (2021 - 2027)
PROD2,GRE,Sam DAVIES,https://www.allrugby.com/joueurs/sam-davies-2768.html,1,0,27,,,,2027-06-30,Dragons RFC (2019 - 2023) | FC Grenoble Rugby (2023 - 2027)
PROD2,GRE,Mike SOSENE-FEAGAI,https://www.allrugby.com/joueurs/michelangelo-sosene-feagai-8867.html,2,0,33,,,,,Rugby Club Toulonnais (2021 - 2022) | Sporting Union Agenais (2022 - 2024) | RFC Los Angeles (2024 - 2025)
PROD2,GRE,Corentin PECCAUD,https://www.allrugby.com/joueurs/corentin-peccaud-21478.html,2,0,39,1,,,2027-06-30,FC Grenoble Rugby (2020 - 2027)
PROD2,GRE,Eddie SAWAILAU,https://www.allrugby.com/joueurs/edward-sawailau-4750.html,3,3,203,,,,2027-06-30,Union Sportive Arlequins Perpignanais (2021 - 2024) | Oyonnax Rugby (2024 - 2026) | FC Grenoble Rugby (2026 - 2027)
PROD2,GRE,Gerswin MOUTON,https://www.allrugby.com/joueurs/gerswin-mouton-16072.html,2,1,82,1,,,2027-06-30,FC Grenoble Rugby (2024 - 2027)
PROD2,GRE,Pierre JOUVIN,https://www.allrugby.com/joueurs/pierre-jouvin-14463.html,2,1,70,,,,,RC Buguois (2012 - 2018) | Sporting Union Agenais (2018 - 2027)
PROD2,GRE,Julien HÉRITEAU,https://www.allrugby.com/joueurs/julien-heriteau-3327.html,1,0,23,,,,2027-06-30,Rugby Club Toulonnais (2019 - 2022) | ASM Clermont Auvergne (2022 - 2024) | FC Grenoble Rugby (2024 - 2027)
PROD2,GRE,Lalomilo LALOMILO,https://www.allrugby.com/joueurs/lalomilo-lalomilo-8090.html,1,1,55,,,,2027-06-30,Bay of Plenty Steamers (2025 - 2025) | Moana Pasifika (2025 - 2026) | FC Grenoble Rugby (2026 - 2027)
PROD2,GRE,Romain FUSIER,https://www.allrugby.com/joueurs/romain-fusier-8873.html,2,2,150,,,,2027-06-30,FC Grenoble Rugby (2017 - 2027)
PROD2,GRE,Aurélien CALLANDRET,https://www.allrugby.com/joueurs/aurelien-callandret-5610.html,2,2,160,1,,,2027-06-30,Aviron Bayonnais (2023 - 2025) | FC Grenoble Rugby (2025 - 2027)
PROD2,GRE,Corentin VERNET,https://www.allrugby.com/joueurs/corentin-vernet-5377.html,1,0,12,,,,,Sporting Union Agenais (2020 - 2024) | Rouen Normandie Rugby (2024 - 2027)
PROD2,GRE,Lucas TAUZIN,https://www.allrugby.com/joueurs/lucas-tauzin-4384.html,9,6,517,2,,,2027-06-30,Stade Toulousain (2016 - 2024) | ASM Clermont Auvergne (2024 - 2026) | FC Grenoble Rugby (2026 - 2027)
PROD2,GRE,Evan OLMSTEAD,https://www.allrugby.com/joueurs/evan-olmstead-3931.html,1,1,80,,,,,Sporting Union Agenais (2022 - 2026) | Nissa Rugby (2026 - 2027)
PROD2,GRE,Nadir MEGDOUD,https://www.allrugby.com/joueurs/nadir-megdoud-5495.html,1,1,80,1,,,2025-06-30,FC Grenoble Rugby (2025 - 2025) | Aviron Bayonnais (2026 - 2026) | FC Grenoble Rugby (2026 - 2027)
PROD2,GRE,Raffaele COSTA STORTI,https://www.allrugby.com/joueurs/raffaele-storti-11176.html,2,2,125,,,,2027-06-30,Association Sportive Béziers Hérault (2022 - 2024) | Stade Français Paris Rugby (2024 - 2025) | FC Grenoble Rugby (2025 - 2027)
PROD2,GRE,Hugo TROUILLOUD,https://www.allrugby.com/joueurs/hugo-trouilloud-14197.html,3,3,240,4,,,2027-06-30,Bièvre Saint Geoirs Rugby Club (2013 - 2018) | FC Grenoble Rugby (2018 - 2027)
PROD2,GRE,Joe MAKSYMIW,https://www.allrugby.com/joueurs/joe-maksymiw-5647.html,18,14,1038,,,,,Connacht Rugby (2020 - 2020) | Dragons RFC (2020 - 2022) | Sporting Union Agenais (2022 - 2024)
PROD2,GRE,Thomas ALARY,https://www.allrugby.com/joueurs/thomas-alary-18172.html,3,1,134,,,,2027-06-30,Stade Toulousain (2020 - 2026) | FC Grenoble Rugby (2026 - 2027)
PROD2,GRE,Alexandre LANGLOIS,https://www.allrugby.com/joueurs/alexandre-langlois-21793.html,2,0,55,,,,2027-06-30,FC Grenoble Rugby (2022 - 2027)
PROD2,GRE,Adrien PAGANOTTO,https://www.allrugby.com/joueurs/adrien-paganotto-9977.html,,,,,,,,Sporting Union Agenais (2020 - 2025) | US Marmande (2025 - 2026)
PROD2,GRE,Noa STOFFEL,https://www.allrugby.com/joueurs/noa-stoffel-23736.html,,,,,,,2027-06-30,SO Voiron (2019 - 2022) | FC Grenoble Rugby (2022 - 2027)
PROD2,GRE,Alexandre EVERAERT,https://www.allrugby.com/joueurs/alexandre-everaert-15860.html,,,,,,,,ASM Clermont Auvergne (2019 - 2023) | Sporting Union Agenais (2023 - 2027)
PROD2,GRE,Rémi LANNIER,https://www.allrugby.com/joueurs/remi-lannier-20654.html,,,,,,,2027-06-30,ABCD XV (2023 - 2025) | FC Grenoble Rugby (2025 - 2027)
PROD2,GRE,Bastien DARRÉ,https://www.allrugby.com/joueurs/bastien-darre-21330.html,,,,,,,,Sporting Union Agenais (2021 - 2027)
PROD2,GRE,Tehei MOETERAURI,https://www.allrugby.com/joueurs/tehei-moeterauri-22646.html,,,,,,,2027-06-30,Rugby Club Toulonnais (2024 - 2026) | FC Grenoble Rugby (2026 - 2027)
PROD2,GRE,Thibaud COMMANDEUR,https://www.allrugby.com/joueurs/thibaud-commandeur-23711.html,,,,,,,2027-06-30,FC Grenoble Rugby (2019 - 2027)
PROD2,GRE,Thibaut GOURDON,https://www.allrugby.com/joueurs/thibaut-gourdon-22521.html,,,,,,,2027-06-30,ASM Clermont Auvergne (2023 - 2026) | FC Grenoble Rugby (2026 - 2027)
PROD2,GRE,Brice HOARAU,https://www.allrugby.com/joueurs/brice-hoarau-14462.html,,,,,,,,Sporting Union Agenais (2017 - 2025) | AS Fleurance (2025 - 2026)
PROD2,GRE,Valentin BERRUYER,https://www.allrugby.com/joueurs/valentin-berruyer-20199.html,,,,,,,2027-06-30,FC Grenoble Rugby (2021 - 2027)
PROD2,GRE,Clovis SAMARUT,https://www.allrugby.com/joueurs/clovis-samarut-18341.html,,,,,,,,Sporting Union Agenais (2023 - 2026) | 4 Cantons Bastides Haut Agenais Périgord (2026 - 2027)
PROD2,GRE,Émile HERMANN,https://www.allrugby.com/joueurs/emile-hermann-23551.html,,,,,,,2027-06-30,FC Grenoble Rugby (2013 - 2027)
PROD2,GRE,Elyan DUTHIL,https://www.allrugby.com/joueurs/elyan-duthil-21463.html,,,,,,,,Sporting Union Agenais (2021 - 2025) | Castres Olympique (2025 - 2027)
PROD2,GRE,Victor GAYET,https://www.allrugby.com/joueurs/victor-gayet-23361.html,,,,,,,2027-06-30,Racing Club Rambertois (2022 - 2022) | Valence Romans Drôme Rugby (2022 - 2023) | FC Grenoble Rugby (2023 - 2027)
PROD2,GRE,Julien KOTEUREU,https://www.allrugby.com/joueurs/julien-koteureu-18340.html,1,1,52,,,,,RC Saint-Gilles (2017 - 2018) | Union Rugby Club Dumbéa (2018 - 2019) | Sporting Union Agenais (2019 - 2027)
PROD2,GRE,Charlton HOLWILL,https://www.allrugby.com/joueurs/charlton-holwill-23550.html,,,,,,,2027-06-30,FC Grenoble Rugby (2025 - 2027)
PROD2,GRE,Faber SIEBENGA,https://www.allrugby.com/joueurs/faber-siebenga-23367.html,,,,,,,2027-06-30,FC Grenoble Rugby (2026 - 2027)
PROD2,GRE,Maïno PAKIHIVATAU,https://www.allrugby.com/joueurs/maino-pakihivatau-9976.html,1,0,15,,,,,Sporting Union Agenais (2020 - 2024) | US Marmande (2024 - 2026)
PROD2,GRE,Ilan GAUVREAU,https://www.allrugby.com/joueurs/ilan-gauvreau-22535.html,,,,,,,2027-06-30,USON Nevers Rugby (2024 - 2026) | FC Grenoble Rugby (2026 - 2027)
PROD2,GRE,Maxence CHAFFARDON,https://www.allrugby.com/joueurs/maxence-chaffardon-23362.html,,,,,,,2027-06-30,FC Grenoble Rugby (2024 - 2027)
PROD2,GRE,Noé THÉRAUBE,https://www.allrugby.com/joueurs/noe-theraube-21589.html,3,0,35,,,,2027-06-30,RC Aubenas Vals (2018 - 2020) | FC Grenoble Rugby (2020 - 2027)
PROD2,GRE,Mathis GENSUL,https://www.allrugby.com/joueurs/mathis-gensul-18342.html,,,,,,,,Sanary Ovalie (2016 - 2018) | Union Sportive Seynoise (2018 - 2021) | Sporting Union Agenais (2021 - 2025)
PROD2,GRE,Thomas DARIER,https://www.allrugby.com/joueurs/thomas-darier-22568.html,,,,,,,2027-06-30,FC Grenoble Rugby (2023 - 2027)
PROD2,GRE,Noah DERON,https://www.allrugby.com/joueurs/noah-deron-18348.html,,,,,,,,Sporting Union Agenais (2018 - 2026)
PROD2,GRE,Benoît MICHAUD,https://www.allrugby.com/joueurs/benoit-michaud-23555.html,,,,,,,2027-06-30,FC Grenoble Rugby (2020 - 2027)
PROD2,GRE,Riley PULU,https://www.allrugby.com/joueurs/riley-pulu-13787.html,,,,,,,,Sporting Union Agenais (2022 - 2024) | Union Sportive Arlequins Perpignanais (2024 - 2026)
PROD2,GRE,John TAUFA,https://www.allrugby.com/joueurs/john-taufa-23478.html,,,,,,,2027-06-30,FC Grenoble Rugby (2019 - 2027)
PROD2,GRE,Joseph BECQUAERT,https://www.allrugby.com/joueurs/joseph-becquaert-23557.html,,,,,,,2027-06-30,FC Grenoble Rugby (2020 - 2027)
PROD2,GRE,Loan DROGO,https://www.allrugby.com/joueurs/loan-drogo-23552.html,,,,,,,2027-06-30,FC Grenoble Rugby (2022 - 2027)
PROD2,GRE,Roman BARTHALAY,https://www.allrugby.com/joueurs/roman-barthalay-23499.html,,,,,,,2027-06-30,FC Grenoble Rugby (2018 - 2027)
PROD2,GRE,Taniela LOUTONGO,https://www.allrugby.com/joueurs/taniela-loutongo-23556.html,,,,,,,2027-06-30,FC Grenoble Rugby (2023 - 2027)
PROD2,GRE,Clovis CHIZAT,https://www.allrugby.com/joueurs/clovis-chizat-18458.html,,,,,,,,Sporting Union Agenais (2020 - 2024) | US Colomiers (2024 - 2027)
PROD2,GRE,Auguste PAIN,https://www.allrugby.com/joueurs/auguste-pain-23364.html,,,,,,,2027-06-30,ABCD XV (2023 - 2026) | FC Grenoble Rugby (2026 - 2027)
PROD2,GRE,Deyan NEPVEUX,https://www.allrugby.com/joueurs/deyan-nepveux-22357.html,,,,,,,,Sporting Union Agenais (2015 - 2027)
PROD2,GRE,Germain DE BORDA,https://www.allrugby.com/joueurs/germain-de-borda-18312.html,8,2,240,,,,2027-06-30,RC Suresnes (2024 - 2025) | FC Grenoble Rugby (2025 - 2027)
PROD2,GRE,Ethan VINCENT,https://www.allrugby.com/joueurs/ethan-vincent-18351.html,,,,,,,,Sporting Union Agenais (2010 - 2025)
PROD2,GRE,Marius CANAVESIO,https://www.allrugby.com/joueurs/marius-canavesio-23366.html,,,,,,,2027-06-30,Us Vizille (2015 - 2017) | FC Grenoble Rugby (2017 - 2027)
PROD2,GRE,Grégory ROBERT,https://www.allrugby.com/joueurs/gregory-robert-15452.html,,,,,,,,US Bergerac Rugby (2011 - 2017) | Sporting Union Agenais (2017 - 2024) | US Bergerac Rugby (2024 - 2025)
PROD2,GRE,Thibault BOUZEGAYA,https://www.allrugby.com/joueurs/thibault-bouzegaya-21871.html,,,,,,,2027-06-30,FC Grenoble Rugby (2018 - 2027)
PROD2,GRE,Chris HENNIG,https://www.allrugby.com/joueurs/christopher-hennig-20222.html,5,5,400,1,,,2027-06-30,FC Grenoble Rugby (2025 - 2027)
PROD2,GRE,Jules JEUNEHOMME,https://www.allrugby.com/joueurs/jules-jeunehomme-18345.html,,,,,,,,Sporting Union Agenais (2020 - 2025) | Anglet Olympique Rugby Club (2025 - 2026)
PROD2,GRE,Maé RIVIÈRE,https://www.allrugby.com/joueurs/mae-riviere-21331.html,,,,,,,,Pessac (2016 - 2022) | Sporting Union Agenais (2022 - 2027)
PROD2,GRE,Rhys MORATA,https://www.allrugby.com/joueurs/rhys-morata-23554.html,,,,,,,2027-06-30,FC Grenoble Rugby (2016 - 2027)
PROD2,GRE,Millian OULDJI,https://www.allrugby.com/joueurs/millian-ouldji-18571.html,15,1,358,1,,,,Biarritz Olympique Pays Basque (2025 - 2027)
PROD2,GRE,Gabin MORALES,https://www.allrugby.com/joueurs/gabin-morales-23553.html,,,,,,,2027-06-30,FC Grenoble Rugby (2017 - 2027)
PROD2,GRE,Angelo PREVITALI,https://www.allrugby.com/joueurs/angelo-previtali-22358.html,,,,,,,,Sporting Union Agenais (2022 - 2027)
PROD2,GRE,Lucas PRAT,https://www.allrugby.com/joueurs/lucas-prat-23363.html,,,,,,,2027-06-30,RC des Vallons de la Tour (2017 - 2022) | FC Grenoble Rugby (2022 - 2027)
PROD2,GRE,Ben NEHRING,https://www.allrugby.com/joueurs/ben-nehring-15864.html,,,,,,,,Sporting Union Agenais (2023 - 2027)
PROD2,GRE,Tyreese ROBIN,https://www.allrugby.com/joueurs/tyreese-robin-22097.html,,,,,,,2027-06-30,FC Grenoble Rugby (2022 - 2027)
PROD2,GRE,Yanis JAOUHER,https://www.allrugby.com/joueurs/yanis-jaouher-23116.html,,,,,,,2027-06-30,FC Grenoble Rugby (2021 - 2027)
PROD2,GRE,Camille GERMAIN,https://www.allrugby.com/joueurs/camille-germain-22356.html,,,,,,,,Sporting Union Agenais (2023 - 2027)
PROD2,GRE,Axel GAGET,https://www.allrugby.com/joueurs/axel-gaget-23559.html,,,,,,,2027-06-30,FC Grenoble Rugby (2021 - 2027)
PROD2,GRE,Cyprien FUTIN,https://www.allrugby.com/joueurs/cyprien-futin-23558.html,,,,,,,2027-06-30,FC Grenoble Rugby (2024 - 2027)
PROD2,GRE,Doryan PETIT-GENET,https://www.allrugby.com/joueurs/doryan-petit-genet-23365.html,,,,,,,2027-06-30,FC Grenoble Rugby (2024 - 2027)
PROD2,GRE,Dorian PAUL,https://www.allrugby.com/joueurs/dorian-paul-18349.html,,,,,,,,Sporting Union Agenais (2019 - 2025) | CA Périgueux Dordogne (2025 - 2026)
PROD2,GRE,Mathias FICHARD,https://www.allrugby.com/joueurs/mathias-fichard-23342.html,,,,,,,2027-06-30,Lyon Olympique Universitaire Rugby (2023 - 2026) | FC Grenoble Rugby (2026 - 2027)
PROD2,GRE,Nathan COUTIN,https://www.allrugby.com/joueurs/nathan-coutin-23500.html,,,,,,,2027-06-30,FC Grenoble Rugby (2022 - 2027)
PROD2,GRE,Hugo ACKAERT,https://www.allrugby.com/joueurs/hugo-ackaert-9978.html,,,,,,,,Racing Club Narbonnais (2018 - 2020) | Sporting Union Agenais (2020 - 2024) | SC Leucate Corbieres Méditerranée XV (2024 - 2025)
PROD2,GRE,Rémi CHAPIT,https://www.allrugby.com/joueurs/remi-chapit-22514.html,,,,,,,2027-06-30,CS Bourgoin Jallieu Rugby (2023 - 2026) | FC Grenoble Rugby (2026 - 2027)
PROD2,GRE,Walter DESMAISON,https://www.allrugby.com/joueurs/walter-desmaison-1941.html,1,0,32,,,,2017-06-30,FC Grenoble Rugby (2015 - 2017) | Stade Montois Rugby Pro (2017 - 2019) | Sporting Union Agenais (2019 - 2024)
PROD2,BIA,Alexandre PLANTIER,https://www.allrugby.com/joueurs/alexandre-plantier-8474.html,15,4,592,,,,2027-06-30,Stade Aurillacois Cantal Auvergne (2020 - 2024) | Biarritz Olympique Pays Basque (2024 - 2027)
PROD2,BIA,François MUR,https://www.allrugby.com/joueurs/francois-mur-14534.html,1,0,20,,,,2027-06-30,Anglet Olympique Rugby Club (2021 - 2023) | Biarritz Olympique Pays Basque (2023 - 2027)
PROD2,BIA,Giorgi NUTSUBIDZE,https://www.allrugby.com/joueurs/giorgi-nutsubidze-6739.html,3,2,154,,,,2027-06-30,Biarritz Olympique Pays Basque (2018 - 2027)
PROD2,BIA,Hugo PIRLET,https://www.allrugby.com/joueurs/hugo-pirlet-5180.html,2,1,79,,,,2027-06-30,Racing Club Narbonnais (2017 - 2018) | US Colomiers (2018 - 2025) | Biarritz Olympique Pays Basque (2025 - 2027)
PROD2,BIA,Alex BURIN,https://www.allrugby.com/joueurs/alex-burin-7289.html,24,17,1067,1,,,,Sporting Union Agenais (2017 - 2026) | Castres Olympique (2026 - 2027)
PROD2,BIA,Kakhaber DARBAIDZE,https://www.allrugby.com/joueurs/kakhaber-darbaidze-21838.html,3,2,129,,,,2027-06-30,Biarritz Olympique Pays Basque (2026 - 2027)
PROD2,BIA,Quentin SAMARAN,https://www.allrugby.com/joueurs/quentin-samaran-5562.html,9,5,378,,,,2023-06-30,Biarritz Olympique Pays Basque (2021 - 2023) | Provence Rugby (2023 - 2025) | Biarritz Olympique Pays Basque (2025 - 2027)
PROD2,BIA,Regi CHURCHWARD,https://www.allrugby.com/joueurs/regi-churchward-17336.html,1,0,32,,,,2027-06-30,Cercle Amical Lannemezanais (2024 - 2025) | Niort RC (2025 - 2026) | Biarritz Olympique Pays Basque (2026 - 2027)
PROD2,BIA,Beau FARRANCE,https://www.allrugby.com/joueurs/beau-farrance-8270.html,15,4,530,,,,,Stado Tarbes Pyrénées Rugby (2023 - 2023) | Sporting Union Agenais (2023 - 2026) | Nissa Rugby (2026 - 2027)
PROD2,BIA,Zakaria EL FAKIR,https://www.allrugby.com/joueurs/zakaria-el-fakir-4987.html,2,1,66,,,,2027-06-30,Union Bordeaux-Bègles (2021 - 2021) | Sporting Union Agenais (2021 - 2021) | Biarritz Olympique Pays Basque (2021 - 2027)
PROD2,BIA,Adrien SONZOGNI,https://www.allrugby.com/joueurs/adrien-sonzogni-11169.html,2,1,89,,,,2027-06-30,Montpellier Hérault Rugby (2021 - 2024) | Rugby Club Massy Essonne (2024 - 2025) | Biarritz Olympique Pays Basque (2025 - 2027)
PROD2,BIA,Iban HIRIART-URRUTY,https://www.allrugby.com/joueurs/iban-hiriart-urruty-16447.html,1,1,51,1,,,2027-06-30,Saint Jean-de-Luz Olympique Rugby (2024 - 2024) | US Dax Rugby Landes (2024 - 2026) | Biarritz Olympique Pays Basque (2026 - 2027)
PROD2,BIA,Luka BEGIC,https://www.allrugby.com/joueurs/luka-begic-13713.html,3,1,100,2,,,2027-06-30,Stade Olympique Chambéry (2022 - 2024) | Stade Montois Rugby Pro (2024 - 2026) | Biarritz Olympique Pays Basque (2026 - 2027)
PROD2,BIA,Florent GUION,https://www.allrugby.com/joueurs/florent-guion-5163.html,1,0,32,,,,,Soyaux-Angoulême XV Charente (2017 - 2019) | Rouen Normandie Rugby (2019 - 2021) | Sporting Union Agenais (2021 - 2027)
PROD2,BIA,Yohan BEHEREGARAY,https://www.allrugby.com/joueurs/yohan-beheregaray-4691.html,25,20,1129,8,,,2027-06-30,Biarritz Olympique Pays Basque (2024 - 2027)
PROD2,BIA,Aston FORTUIN,https://www.allrugby.com/joueurs/aston-fortuin-8992.html,3,1,137,,,,2027-06-30,Racing Club Narbonnais (2021 - 2022) | Stade Montois Rugby Pro (2022 - 2025) | Biarritz Olympique Pays Basque (2025 - 2027)
PROD2,BIA,Hans LOMBARD-BURET,https://www.allrugby.com/joueurs/hans-lombard-buret-6129.html,2,2,110,,,,,Stade Toulousain (2015 - 2018) | Sporting Union Agenais (2018 - 2027)
PROD2,BIA,Ellande SANDERSON,https://www.allrugby.com/joueurs/ellande-sanderson-17589.html,1,1,48,,,,2027-06-30,Emak Hor Rugby (2011 - 2022) | Biarritz Olympique Pays Basque (2022 - 2027)
PROD2,BIA,Heath BACKHOUSE,https://www.allrugby.com/joueurs/heath-backhouse-7323.html,3,2,199,,,,2027-06-30,Sporting Club Albigeois (2021 - 2023) | Stade Aurillacois Cantal Auvergne (2023 - 2025) | Biarritz Olympique Pays Basque (2025 - 2027)
PROD2,BIA,Johnny DYER,https://www.allrugby.com/joueurs/johnny-dyer-9077.html,2,2,103,,,,2027-06-30,Racing 92 (2019 - 2020) | Biarritz Olympique Pays Basque (2020 - 2027)
PROD2,BIA,Raynard ROETS,https://www.allrugby.com/joueurs/raynard-roets-16924.html,2,0,13,,,,2027-06-30,Lions Rugby (2023 - 2025) | Golden Lions (2025 - 2026) | Biarritz Olympique Pays Basque (2026 - 2027)
PROD2,BIA,Malik HAMADACHE,https://www.allrugby.com/joueurs/malik-hamadache-1497.html,7,6,313,,,,,Section Paloise Béarn Pyrénées (2016 - 2021) | Montpellier Hérault Rugby (2021 - 2022) | Sporting Union Agenais (2022 - 2024)
PROD2,BIA,Aitor HOURCADE,https://www.allrugby.com/joueurs/aitor-hourcade-11224.html,1,1,80,,,,2024-06-30,Biarritz Olympique Pays Basque (2024 - 2024) | Aviron Bayonnais (2025 - 2025) | Biarritz Olympique Pays Basque (2025 - 2027)
PROD2,BIA,Alban PLACINES,https://www.allrugby.com/joueurs/alban-placines-1405.html,14,8,617,1,,,2027-06-30,Stade Toulousain (2018 - 2025) | Biarritz Olympique Pays Basque (2025 - 2027)
PROD2,BIA,Mamuka MSTOIANI,https://www.allrugby.com/joueurs/mamuka-mstoiani-11285.html,2,2,108,,,,,Sporting Union Agenais (2021 - 2026) | US Colomiers (2026 - 2027)
PROD2,BIA,Andréa SACCO,https://www.allrugby.com/joueurs/andrea-sacco-18404.html,2,2,160,1,,,2027-06-30,Union Bordeaux-Bègles (2022 - 2025) | Biarritz Olympique Pays Basque (2025 - 2027)
PROD2,BIA,Baptiste BRITZ,https://www.allrugby.com/joueurs/baptiste-britz-15232.html,1,0,24,,,,2027-06-30,ASM Clermont Auvergne (2023 - 2026) | Biarritz Olympique Pays Basque (2026 - 2027)
PROD2,BIA,Ekain IMAZ,https://www.allrugby.com/joueurs/ekain-imaz-11726.html,2,1,59,,,,2027-06-30,Biarritz Olympique Pays Basque (2019 - 2027)
PROD2,BIA,Jessy JEGERLEHNER,https://www.allrugby.com/joueurs/jessy-jegerlehner-4558.html,13,8,743,,,,2027-06-30,Provence Rugby (2022 - 2024) | Biarritz Olympique Pays Basque (2024 - 2027)
PROD2,BIA,Richard BARRINGTON,https://www.allrugby.com/joueurs/richard-barrington-2255.html,18,1,374,,,,,Sporting Union Agenais (2022 - 2024) | Ampthill Rugby (2024 - 2027)
PROD2,BIA,Rémi BOURDEAU,https://www.allrugby.com/joueurs/remi-bourdeau-2382.html,3,3,240,,,,2027-06-30,Stade Rochelais (2018 - 2023) | Aviron Bayonnais (2023 - 2025) | Biarritz Olympique Pays Basque (2025 - 2027)
PROD2,BIA,Sione VAILANU,https://www.allrugby.com/joueurs/sione-vailanu-5838.html,3,2,150,1,,,2027-06-30,Worcester Warriors (2021 - 2022) | Glasgow Warriors (2022 - 2026) | Biarritz Olympique Pays Basque (2026 - 2027)
PROD2,BIA,Thomas HÉBERT,https://www.allrugby.com/joueurs/thomas-hebert-10112.html,16,12,785,1,,,2027-06-30,Stade Toulousain (2014 - 2021) | Biarritz Olympique Pays Basque (2021 - 2027)
PROD2,BIA,Yoni TUATAANE,https://www.allrugby.com/joueurs/yoni-tuataane-13914.html,6,3,244,,,,2027-06-30,ASM Clermont Auvergne (2022 - 2024) | Biarritz Olympique Pays Basque (2024 - 2027)
PROD2,BIA,Théo SAUZARET,https://www.allrugby.com/joueurs/theo-sauzaret-8376.html,2,0,54,,,,,Stade Olympique Chambéry (2020 - 2022) | Sporting Union Agenais (2022 - 2024) | US Carcassonne (2024 - 2027)
PROD2,BIA,Kerman AURREKOETXEA,https://www.allrugby.com/joueurs/kerman-aurrekoetxea-7657.html,1,1,67,,,,2027-06-30,El Salvador Rugby (2018 - 2019) | Biarritz Olympique Pays Basque (2019 - 2027)
PROD2,BIA,Clément MARTINEZ,https://www.allrugby.com/joueurs/clement-martinez-5465.html,3,1,118,2,,,2026-06-30,Sporting Union Agenais (2019 - 2024) | Biarritz Olympique Pays Basque (2024 - 2026) | Nissa Rugby (2026 - 2027)
PROD2,BIA,Yann LESGOURGUES,https://www.allrugby.com/joueurs/yann-lesgourgues-1046.html,3,2,173,,,,2027-06-30,Union Bordeaux-Bègles (2014 - 2025) | Biarritz Olympique Pays Basque (2025 - 2027)
PROD2,BIA,Edgar RETIÈRE,https://www.allrugby.com/joueurs/edgar-retiere-7720.html,3,1,62,,,,2027-06-30,Stade Toulousain (2024 - 2024) | Rouen Normandie Rugby (2024 - 2024) | Biarritz Olympique Pays Basque (2024 - 2027)
PROD2,BIA,Iban LACLAU,https://www.allrugby.com/joueurs/iban-laclau-20236.html,1,0,32,,,,2027-06-30,Stade Montois Rugby Pro (2025 - 2026) | Biarritz Olympique Pays Basque (2026 - 2027)
PROD2,BIA,Thomas DOLHAGARAY,https://www.allrugby.com/joueurs/thomas-dolhagaray-7338.html,2,2,152,2,,,2027-06-30,US Carcassonne (2022 - 2022) | Aviron Bayonnais (2022 - 2024) | Biarritz Olympique Pays Basque (2024 - 2027)
PROD2,BIA,Carlo MIGNOT,https://www.allrugby.com/joueurs/carlo-mignot-16306.html,16,13,1091,2,,,2024-06-30,Biarritz Olympique Pays Basque (2024 - 2024) | Cobras Brasil XV (2024 - 2024) | Biarritz Olympique Pays Basque (2024 - 2027)
PROD2,BIA,Dorian LABORDE,https://www.allrugby.com/joueurs/dorian-laborde-3702.html,2,1,64,,,,2027-06-30,Union Sportive Arlequins Perpignanais (2022 - 2023) | US Colomiers (2023 - 2025) | Biarritz Olympique Pays Basque (2025 - 2027)
PROD2,BIA,Duncan PAIA'AUA,https://www.allrugby.com/joueurs/duncan-paia-aua-6664.html,3,2,158,1,,,2027-06-30,Union Sportive Arlequins Perpignanais (2025 - 2026) | Biarritz Olympique Pays Basque (2026 - 2027)
PROD2,BIA,Lukas DOYHENARD,https://www.allrugby.com/joueurs/lukas-doyhenard-14117.html,8,7,508,1,,,2027-06-30,Blagnac (2022 - 2024) | US Carcassonne (2024 - 2026) | Biarritz Olympique Pays Basque (2026 - 2027)
PROD2,BIA,Mike SOSENE-FEAGAI,https://www.allrugby.com/joueurs/michelangelo-sosene-feagai-8867.html,2,0,33,,,,,Rugby Club Toulonnais (2021 - 2022) | Sporting Union Agenais (2022 - 2024) | RFC Los Angeles (2024 - 2025)
PROD2,BIA,Yohan TAPIE,https://www.allrugby.com/joueurs/yohan-tapie-14532.html,1,0,24,,,,2027-06-30,Biarritz Olympique Pays Basque (2022 - 2027)
PROD2,BIA,Arthur BONNEVAL,https://www.allrugby.com/joueurs/arthur-bonneval-2053.html,1,1,70,,,,2027-06-30,Stade Toulousain (2023 - 2023) | CA Brive Corrèze Limousin (2023 - 2024) | Biarritz Olympique Pays Basque (2024 - 2027)
PROD2,BIA,Bastien GUILLEMIN,https://www.allrugby.com/joueurs/bastien-guillemin-4759.html,2,2,103,1,,,2027-06-30,Union Sportive Montalbanaise (2022 - 2024) | Biarritz Olympique Pays Basque (2024 - 2027)
PROD2,BIA,Mathieu ACÉBÈS,https://www.allrugby.com/joueurs/mathieu-acebes-581.html,2,2,103,1,,,2027-06-30,Section Paloise Béarn Pyrénées (2012 - 2016) | Union Sportive Arlequins Perpignanais (2016 - 2024) | Biarritz Olympique Pays Basque (2024 - 2027)
PROD2,BIA,Pierre JOUVIN,https://www.allrugby.com/joueurs/pierre-jouvin-14463.html,2,1,70,,,,,RC Buguois (2012 - 2018) | Sporting Union Agenais (2018 - 2027)
PROD2,BIA,Mosese DAWAI,https://www.allrugby.com/joueurs/mosese-dawai-12581.html,3,3,204,3,,,2027-06-30,West Brisbane Bulldogs (2023 - 2024) | Stade Montois Rugby Pro (2024 - 2026) | Biarritz Olympique Pays Basque (2026 - 2027)
PROD2,BIA,Nicolas ELISSONDO,https://www.allrugby.com/joueurs/nicolas-elissondo-17611.html,3,3,234,,,,2027-06-30,Aviron Bayonnais (2023 - 2024) | Biarritz Olympique Pays Basque (2024 - 2027)
PROD2,BIA,Baptiste FARISCOT,https://www.allrugby.com/joueurs/baptiste-fariscot-10052.html,3,1,137,,,,2027-06-30,Biarritz Olympique Pays Basque (2018 - 2027)
PROD2,BIA,Kylian JAMINET,https://www.allrugby.com/joueurs/kylian-jaminet-4371.html,2,2,160,,,,2027-06-30,US Colomiers (2018 - 2019) | USON Nevers Rugby (2019 - 2024) | Biarritz Olympique Pays Basque (2024 - 2027)
PROD2,BIA,Adrien PAGANOTTO,https://www.allrugby.com/joueurs/adrien-paganotto-9977.html,,,,,,,,Sporting Union Agenais (2020 - 2025) | US Marmande (2025 - 2026)
PROD2,BIA,Ilyes SEDDI,https://www.allrugby.com/joueurs/ilyes-seddi-21093.html,,,,,,,2027-06-30,Biarritz Olympique Pays Basque (2020 - 2027)
PROD2,BIA,Alexandre EVERAERT,https://www.allrugby.com/joueurs/alexandre-everaert-15860.html,,,,,,,,ASM Clermont Auvergne (2019 - 2023) | Sporting Union Agenais (2023 - 2027)
PROD2,BIA,Kepa EBODE-NKOA,https://www.allrugby.com/joueurs/kepa-ebode-nkoa-21111.html,3,0,82,,,,2022-06-30,Biarritz Olympique Pays Basque (2020 - 2022) | US Tyrosse (2022 - 2024) | Biarritz Olympique Pays Basque (2024 - 2027)
PROD2,BIA,Bastien DARRÉ,https://www.allrugby.com/joueurs/bastien-darre-21330.html,,,,,,,,Sporting Union Agenais (2021 - 2027)
PROD2,BIA,Raymond NAVUNIKABA,https://www.allrugby.com/joueurs/raymond-navunikaba-21622.html,5,2,165,,,,2027-06-30,Biarritz Olympique Pays Basque (2025 - 2027)
PROD2,BIA,Timothé PELLOUX,https://www.allrugby.com/joueurs/timothe-pelloux-21320.html,,,,,,,2027-06-30,Oyonnax Rugby (2022 - 2025) | Biarritz Olympique Pays Basque (2025 - 2027)
PROD2,BIA,Brice HOARAU,https://www.allrugby.com/joueurs/brice-hoarau-14462.html,,,,,,,,Sporting Union Agenais (2017 - 2025) | AS Fleurance (2025 - 2026)
PROD2,BIA,Anas BARARA,https://www.allrugby.com/joueurs/anas-barara-21319.html,,,,,,,2027-06-30,Section Paloise Béarn Pyrénées (2022 - 2025) | Biarritz Olympique Pays Basque (2025 - 2027)
PROD2,BIA,Clovis SAMARUT,https://www.allrugby.com/joueurs/clovis-samarut-18341.html,,,,,,,,Sporting Union Agenais (2023 - 2026) | 4 Cantons Bastides Haut Agenais Périgord (2026 - 2027)
PROD2,BIA,Elyan DUTHIL,https://www.allrugby.com/joueurs/elyan-duthil-21463.html,,,,,,,,Sporting Union Agenais (2021 - 2025) | Castres Olympique (2025 - 2027)
PROD2,BIA,Millian OULDJI,https://www.allrugby.com/joueurs/millian-ouldji-18571.html,15,1,358,1,,,2027-06-30,Biarritz Olympique Pays Basque (2025 - 2027)
PROD2,BIA,Unax GOIKOETXEA,https://www.allrugby.com/joueurs/unax-goikoetxea-20267.html,,,,,,,2027-06-30,Biarritz Olympique Pays Basque (2024 - 2027)
PROD2,BIA,Álvaro GARCÍA IANDOLINO,https://www.allrugby.com/joueurs/alvaro-garcia-iandolino-17394.html,4,3,224,,,,2027-06-30,Aviron Bayonnais (2025 - 2026) | Biarritz Olympique Pays Basque (2026 - 2027)
PROD2,BIA,Julien KOTEUREU,https://www.allrugby.com/joueurs/julien-koteureu-18340.html,1,1,52,,,,,RC Saint-Gilles (2017 - 2018) | Union Rugby Club Dumbéa (2018 - 2019) | Sporting Union Agenais (2019 - 2027)
PROD2,BIA,JP LOMBAARD,https://www.allrugby.com/joueurs/jp-lombaard-23597.html,,,,,,,2027-06-30,Blue Bulls (2024 - 2026) | Biarritz Olympique Pays Basque (2026 - 2027)
PROD2,BIA,Maïno PAKIHIVATAU,https://www.allrugby.com/joueurs/maino-pakihivatau-9976.html,1,0,15,,,,,Sporting Union Agenais (2020 - 2024) | US Marmande (2024 - 2026)
PROD2,BIA,Jules SOUBIRA,https://www.allrugby.com/joueurs/jules-soubira-21290.html,,,,,,,2027-06-30,Biarritz Olympique Pays Basque (2025 - 2027)
PROD2,BIA,Arthur CALVET,https://www.allrugby.com/joueurs/arthur-calvet-21108.html,,,,,,,2027-06-30,US Tyrosse (2022 - 2023) | Biarritz Olympique Pays Basque (2023 - 2027)
PROD2,BIA,Mathis GENSUL,https://www.allrugby.com/joueurs/mathis-gensul-18342.html,,,,,,,,Sanary Ovalie (2016 - 2018) | Union Sportive Seynoise (2018 - 2021) | Sporting Union Agenais (2021 - 2025)
PROD2,BIA,Noah DERON,https://www.allrugby.com/joueurs/noah-deron-18348.html,,,,,,,,Sporting Union Agenais (2018 - 2026)
PROD2,BIA,Quentin RUCCI,https://www.allrugby.com/joueurs/quentin-rucci-23596.html,,,,,,,2027-06-30,Bidart Union Club (2017 - 2018) | Biarritz Olympique Pays Basque (2018 - 2027)
PROD2,BIA,Riley PULU,https://www.allrugby.com/joueurs/riley-pulu-13787.html,,,,,,,,Sporting Union Agenais (2022 - 2024) | Union Sportive Arlequins Perpignanais (2024 - 2026)
PROD2,BIA,Zephaniah LEWIS,https://www.allrugby.com/joueurs/zephaniah-lewis-23023.html,,,,,,,2027-06-30,Biarritz Olympique Pays Basque (2026 - 2027)
PROD2,BIA,Anoa LAURENT,https://www.allrugby.com/joueurs/anoa-laurent-20150.html,1,0,29,,,,2027-06-30,CA Brive Corrèze Limousin (2020 - 2024) | Biarritz Olympique Pays Basque (2024 - 2027)
PROD2,BIA,Hugo MAZAS,https://www.allrugby.com/joueurs/hugo-mazas-21193.html,,,,,,,2027-06-30,Biarritz Olympique Pays Basque (2011 - 2027)
PROD2,BIA,Niccolò BENI,https://www.allrugby.com/joueurs/niccolo-beni-16996.html,4,3,209,1,,,2027-06-30,Biarritz Olympique Pays Basque (2023 - 2027)
PROD2,BIA,Clovis CHIZAT,https://www.allrugby.com/joueurs/clovis-chizat-18458.html,,,,,,,,Sporting Union Agenais (2020 - 2024) | US Colomiers (2024 - 2027)
PROD2,BIA,Milo LAINÉ,https://www.allrugby.com/joueurs/milo-laine-23599.html,,,,,,,2027-06-30,Stade Montois Rugby Pro (2021 - 2023) | RC Pays de Roquefort (2023 - 2024) | Biarritz Olympique Pays Basque (2024 - 2027)
PROD2,BIA,Raphaël DUBOIS,https://www.allrugby.com/joueurs/raphael-dubois-21112.html,,,,,,,2027-06-30,Biarritz Olympique Pays Basque (2020 - 2027)
PROD2,BIA,Deyan NEPVEUX,https://www.allrugby.com/joueurs/deyan-nepveux-22357.html,,,,,,,,Sporting Union Agenais (2015 - 2027)
PROD2,BIA,Tomás MARQUES,https://www.allrugby.com/joueurs/tomas-marques-23373.html,,,,,,,2027-06-30,Biarritz Olympique Pays Basque (2026 - 2027)
PROD2,BIA,Ethan VINCENT,https://www.allrugby.com/joueurs/ethan-vincent-18351.html,,,,,,,,Sporting Union Agenais (2010 - 2025)
PROD2,BIA,Grégory ROBERT,https://www.allrugby.com/joueurs/gregory-robert-15452.html,,,,,,,,US Bergerac Rugby (2011 - 2017) | Sporting Union Agenais (2017 - 2024) | US Bergerac Rugby (2024 - 2025)
PROD2,BIA,Killian BONDI,https://www.allrugby.com/joueurs/killian-bondi-18297.html,,,,,,,2027-06-30,Stade Toulousain (2022 - 2026) | Biarritz Olympique Pays Basque (2026 - 2027)
PROD2,BIA,Jules JEUNEHOMME,https://www.allrugby.com/joueurs/jules-jeunehomme-18345.html,,,,,,,,Sporting Union Agenais (2020 - 2025) | Anglet Olympique Rugby Club (2025 - 2026)
PROD2,BIA,Marius LARRIBAUD,https://www.allrugby.com/joueurs/marius-larribaud-21620.html,,,,,,,2027-06-30,Club Athlétique Bordeaux Bègles Gironde (2021 - 2025) | Biarritz Olympique Pays Basque (2025 - 2027)
PROD2,BIA,Maé RIVIÈRE,https://www.allrugby.com/joueurs/mae-riviere-21331.html,,,,,,,,Pessac (2016 - 2022) | Sporting Union Agenais (2022 - 2027)
PROD2,BIA,Téo HIRSCHLER,https://www.allrugby.com/joueurs/teo-hirschler-21110.html,,,,,,,2027-06-30,Biarritz Olympique Pays Basque (2020 - 2027)
PROD2,BIA,Thomas BIDABÉ,https://www.allrugby.com/joueurs/thomas-bidabe-15231.html,,,,,,,2027-06-30,Section Paloise Béarn Pyrénées (2023 - 2025) | Biarritz Olympique Pays Basque (2025 - 2027)
PROD2,BIA,Millian OULDJI,https://www.allrugby.com/joueurs/millian-ouldji-18571.html,15,1,358,1,,,2027-06-30,Biarritz Olympique Pays Basque (2025 - 2027)
PROD2,BIA,Charlie LAFON,https://www.allrugby.com/joueurs/charlie-lafon-23598.html,,,,,,,2027-06-30,Club Athlétique Bordeaux Bègles Gironde (2021 - 2023) | Biarritz Olympique Pays Basque (2023 - 2027)
PROD2,BIA,Angelo PREVITALI,https://www.allrugby.com/joueurs/angelo-previtali-22358.html,,,,,,,,Sporting Union Agenais (2022 - 2027)
PROD2,BIA,Andoni ECHEGARAY,https://www.allrugby.com/joueurs/andoni-echegaray-21094.html,,,,,,,2027-06-30,Biarritz Olympique Pays Basque (2015 - 2027)
PROD2,BIA,Ben NEHRING,https://www.allrugby.com/joueurs/ben-nehring-15864.html,,,,,,,,Sporting Union Agenais (2023 - 2027)
PROD2,BIA,Walter DESMAISON,https://www.allrugby.com/joueurs/walter-desmaison-1941.html,1,0,32,,,,,FC Grenoble Rugby (2015 - 2017) | Stade Montois Rugby Pro (2017 - 2019) | Sporting Union Agenais (2019 - 2024)
PROD2,AGE,Akato FAKATIKA,https://www.allrugby.com/joueurs/akato-fakatika-10941.html,3,0,75,,,,2027-06-30,Union Sportive Arlequins Perpignanais (2018 - 2026) | Sporting Union Agenais (2026 - 2027)
PROD2,AGE,Eliott YEMSI,https://www.allrugby.com/joueurs/eliott-yemsi-9651.html,1,0,50,,,,,Rugby Club Toulonnais (2020 - 2023) | Provence Rugby (2023 - 2027)
PROD2,AGE,Enrique PIERETTO HEILAND,https://www.allrugby.com/joueurs/enrique-pieretto-heiland-5029.html,2,2,102,,,,2027-06-30,Provence Rugby (2024 - 2025) | Zebre Parma (2025 - 2026) | Sporting Union Agenais (2026 - 2027)
PROD2,AGE,Florent GUION,https://www.allrugby.com/joueurs/florent-guion-5163.html,1,0,32,,,,2027-06-30,Soyaux-Angoulême XV Charente (2017 - 2019) | Rouen Normandie Rugby (2019 - 2021) | Sporting Union Agenais (2021 - 2027)
PROD2,AGE,Gael GALVÁN,https://www.allrugby.com/joueurs/gael-galvan-17399.html,1,0,32,,,,2027-06-30,Pucará (2024 - 2025) | Stade Rochelais (2025 - 2026) | Sporting Union Agenais (2026 - 2027)
PROD2,AGE,Hans LOMBARD-BURET,https://www.allrugby.com/joueurs/hans-lombard-buret-6129.html,2,2,110,,,,2027-06-30,Stade Toulousain (2015 - 2018) | Sporting Union Agenais (2018 - 2027)
PROD2,AGE,Julien KOTEUREU,https://www.allrugby.com/joueurs/julien-koteureu-18340.html,1,1,52,,,,2027-06-30,RC Saint-Gilles (2017 - 2018) | Union Rugby Club Dumbéa (2018 - 2019) | Sporting Union Agenais (2019 - 2027)
PROD2,AGE,Federico WEGRZYN,https://www.allrugby.com/joueurs/federico-wegrzyn-11780.html,19,14,887,2,,,,Jaguares XV (2020 - 2021) | Provence Rugby (2021 - 2027)
PROD2,AGE,Nail AUDOIRE,https://www.allrugby.com/joueurs/nail-audoire-12280.html,2,1,77,,,,2027-06-30,Stade Olympique Chambéry (2022 - 2024) | RC Suresnes (2024 - 2026) | Sporting Union Agenais (2026 - 2027)
PROD2,AGE,Cyril DELIGNY,https://www.allrugby.com/joueurs/cyril-deligny-1469.html,2,0,47,,,,2027-06-30,Union Sportive Montalbanaise (2019 - 2023) | Valence Romans Drôme Rugby (2023 - 2025) | Sporting Union Agenais (2025 - 2027)
PROD2,AGE,Julius NOSTADT,https://www.allrugby.com/joueurs/julius-nostadt-5812.html,2,1,72,,,,,Stade Aurillacois Cantal Auvergne (2017 - 2020) | Castres Olympique (2020 - 2022) | Provence Rugby (2022 - 2027)
PROD2,AGE,Pierre JOUVIN,https://www.allrugby.com/joueurs/pierre-jouvin-14463.html,2,1,70,,,,2027-06-30,RC Buguois (2012 - 2018) | Sporting Union Agenais (2018 - 2027)
PROD2,AGE,Santi SOCINO,https://www.allrugby.com/joueurs/santi-socino-5724.html,2,2,123,,,,2027-06-30,Jaguares (2019 - 2020) | Gloucester Rugby (2020 - 2024) | Sporting Union Agenais (2024 - 2027)
PROD2,AGE,Nicolás TOTH,https://www.allrugby.com/joueurs/nicolas-toth-12601.html,2,0,78,1,,,,Provence Rugby (2021 - 2026)
PROD2,AGE,Paul MALLEZ,https://www.allrugby.com/joueurs/paul-mallez-7696.html,1,1,52,,,,,Stade Toulousain (2024 - 2024) | Provence Rugby (2024 - 2025) | Stade Toulousain (2025 - 2027)
PROD2,AGE,Damien BOZIC,https://www.allrugby.com/joueurs/damien-bozic-15052.html,1,1,80,1,,,2027-06-30,Sporting Union Agenais (2026 - 2027)
PROD2,AGE,Quentin SAMARAN,https://www.allrugby.com/joueurs/quentin-samaran-5562.html,9,5,378,,,,,Biarritz Olympique Pays Basque (2021 - 2023) | Provence Rugby (2023 - 2025) | Biarritz Olympique Pays Basque (2025 - 2027)
PROD2,AGE,Denis MARCHOIS,https://www.allrugby.com/joueurs/denis-marchois-3589.html,14,7,654,1,,,2027-06-30,Section Paloise Béarn Pyrénées (2019 - 2021) | Aviron Bayonnais (2021 - 2025) | Sporting Union Agenais (2025 - 2027)
PROD2,AGE,Javier EISSMANN,https://www.allrugby.com/joueurs/javier-eissmann-12418.html,3,1,128,,,,2027-06-30,Sporting Union Agenais (2024 - 2027)
PROD2,AGE,John MADIGAN,https://www.allrugby.com/joueurs/john-madigan-5207.html,1,0,32,,,,2027-06-30,Association Sportive Béziers Hérault (2020 - 2024) | Sporting Union Agenais (2024 - 2027)
PROD2,AGE,William DEMOTTE,https://www.allrugby.com/joueurs/william-demotte-1654.html,2,2,102,,,,2027-06-30,Stade Rochelais (2017 - 2019) | FC Grenoble Rugby (2019 - 2021) | Sporting Union Agenais (2021 - 2027)
PROD2,AGE,Thomas VERNET,https://www.allrugby.com/joueurs/thomas-vernet-3314.html,1,1,57,,,,,Provence Rugby (2018 - 2026) | Racing Club Narbonnais (2026 - 2027)
PROD2,AGE,Tomas FRANCIS,https://www.allrugby.com/joueurs/tom-francis-3066.html,17,13,738,,,,,Provence Rugby (2023 - 2026) | Sale Sharks (2026 - 2027)
PROD2,AGE,Enzo SÉRIEYSSOL,https://www.allrugby.com/joueurs/enzo-serieyssol-18332.html,1,1,80,,,,2027-06-30,Sporting Union Agenais (2021 - 2027)
PROD2,AGE,Julien LEBIAN,https://www.allrugby.com/joueurs/julien-lebian-9937.html,2,2,150,1,,,2027-06-30,Stade Dijonnais (2019 - 2020) | Sporting Union Agenais (2020 - 2027)
PROD2,AGE,Matthieu BONNET,https://www.allrugby.com/joueurs/matthieu-bonnet-11692.html,2,1,112,,,,2027-06-30,Sporting Union Agenais (2021 - 2027)
PROD2,AGE,Romain DELEMARLE,https://www.allrugby.com/joueurs/romain-delemarle-14726.html,2,2,99,,,,2027-06-30,Racing Club Narbonnais (2025 - 2026) | Sporting Union Agenais (2026 - 2027)
PROD2,AGE,Sialevailea TOLOFUA,https://www.allrugby.com/joueurs/sialevailea-tolofua-17050.html,3,2,167,,,,2027-06-30,Stade Toulousain (2012 - 2026) | Sporting Union Agenais (2026 - 2027)
PROD2,AGE,Taniela MATAKAIONGO,https://www.allrugby.com/joueurs/taniela-matakaiongo-15893.html,1,1,48,,,,2027-06-30,Stade Olympique Chambéry (2023 - 2025) | Sporting Union Agenais (2025 - 2027)
PROD2,AGE,Tomasi FINEANGANOFO,https://www.allrugby.com/joueurs/tomasi-fineanganofo-13476.html,1,1,52,1,,,2027-06-30,Sporting Union Agenais (2022 - 2027)
PROD2,AGE,Jean-Charles ORIOLI,https://www.allrugby.com/joueurs/jean-charles-orioli-1298.html,21,6,741,4,,,,FC Grenoble Rugby (2020 - 2023) | Provence Rugby (2023 - 2024)
PROD2,AGE,Valentin GAYRAUD,https://www.allrugby.com/joueurs/valentin-gayraud-11284.html,3,1,130,,,,2027-06-30,Sporting Union Agenais (2014 - 2027)
PROD2,AGE,Dorian BELLOT,https://www.allrugby.com/joueurs/dorian-bellot-9195.html,3,2,148,1,,,2027-06-30,Stade Rochelais (2017 - 2020) | Sporting Union Agenais (2020 - 2027)
PROD2,AGE,Hugo BOUYSSOU,https://www.allrugby.com/joueurs/hugo-bouyssou-4345.html,2,1,78,,,,2027-06-30,USON Nevers Rugby (2023 - 2026) | Sporting Union Agenais (2026 - 2027)
PROD2,AGE,Valentino REGGIARDO,https://www.allrugby.com/joueurs/valentino-reggiardo-20451.html,1,0,14,,,,2027-06-30,Provence Rugby (2021 - 2025) | Pampas XV (2025 - 2026) | Sporting Union Agenais (2026 - 2027)
PROD2,AGE,Craig WILLIS,https://www.allrugby.com/joueurs/craig-willis-3248.html,1,1,70,,,,2027-06-30,Ealing Trailfinders (2018 - 2025) | Sporting Union Agenais (2025 - 2027)
PROD2,AGE,Jules SOULAN,https://www.allrugby.com/joueurs/jules-soulan-4560.html,2,1,86,,,,2027-06-30,Oyonnax Rugby (2021 - 2024) | Provence Rugby (2024 - 2026) | Sporting Union Agenais (2026 - 2027)
PROD2,AGE,Loick JAMMES,https://www.allrugby.com/joueurs/loick-jammes-2506.html,10,6,478,1,,,2018-06-30,Sporting Union Agenais (2017 - 2018) | CA Brive Corrèze Limousin (2018 - 2019) | Provence Rugby (2019 - 2025)
PROD2,AGE,Lucien RICHARDIS,https://www.allrugby.com/joueurs/lucien-richardis-17747.html,3,1,106,1,,,2027-06-30,Stade Toulousain (2015 - 2026) | Sporting Union Agenais (2026 - 2027)
PROD2,AGE,Lucas MARTIN,https://www.allrugby.com/joueurs/lucas-martin-11207.html,2,2,86,1,,,,Provence Rugby (2017 - 2024) | Aviron Bayonnais (2024 - 2027)
PROD2,AGE,Clément GARRIGUES,https://www.allrugby.com/joueurs/clement-garrigues-11282.html,2,1,90,,,,2027-06-30,Union Sportive Montalbanaise (2015 - 2016) | Sporting Union Agenais (2016 - 2027)
PROD2,AGE,Kolinio RAMOKA,https://www.allrugby.com/joueurs/kolinio-ramoka-11247.html,2,1,95,,,,2027-06-30,Union Cognac-Saint-Jean d'Angély (2018 - 2021) | Sporting Union Agenais (2021 - 2027)
PROD2,AGE,Ollie CUMMINS,https://www.allrugby.com/joueurs/ollie-cummins-14761.html,1,1,66,1,,,2027-06-30,Western Force (2022 - 2024) | Sporting Union Agenais (2024 - 2027)
PROD2,AGE,Andrés ZAFRA,https://www.allrugby.com/joueurs/andres-zafra-4677.html,2,2,160,,,,2021-06-30,Sporting Union Agenais (2018 - 2021) | CA Brive Corrèze Limousin (2021 - 2023) | Provence Rugby (2023 - 2027)
PROD2,AGE,Peyo MUSCARDITZ,https://www.allrugby.com/joueurs/peyo-muscarditz-4842.html,2,2,160,,,,2023-06-30,Sporting Union Agenais (2023 - 2023) | Aviron Bayonnais (2024 - 2024) | Sporting Union Agenais (2024 - 2027)
PROD2,AGE,Sio TOMKINSON,https://www.allrugby.com/joueurs/sio-tomkinson-6848.html,1,1,67,,,,2027-06-30,Dragons RFC (2022 - 2024) | Western Force (2024 - 2025) | Sporting Union Agenais (2025 - 2027)
PROD2,AGE,Clément CHARTIER,https://www.allrugby.com/joueurs/clement-chartier-3325.html,27,16,1188,,,,,Provence Rugby (2022 - 2024) | Nissa Rugby (2024 - 2025)
PROD2,AGE,Charles LALOI,https://www.allrugby.com/joueurs/charles-laloi-13660.html,2,2,129,1,,,2027-06-30,Stade Français Paris Rugby (2021 - 2026) | Sporting Union Agenais (2026 - 2027)
PROD2,AGE,Iban ETCHEVERRY,https://www.allrugby.com/joueurs/iban-etcheverry-4449.html,2,2,160,,,,2027-06-30,US Colomiers (2018 - 2019) | Soyaux-Angoulême XV Charente (2019 - 2021) | Sporting Union Agenais (2021 - 2027)
PROD2,AGE,Lucas MARTINS,https://www.allrugby.com/joueurs/lucas-martins-15040.html,2,2,160,1,,,2027-06-30,Blagnac (2019 - 2024) | Sporting Union Agenais (2024 - 2027)
PROD2,AGE,Louis DUPICHOT,https://www.allrugby.com/joueurs/louis-dupichot-3990.html,2,2,128,,,,2027-06-30,Racing 92 (2017 - 2023) | Union Sportive Arlequins Perpignanais (2023 - 2025) | Sporting Union Agenais (2025 - 2027)
PROD2,AGE,Mathias JEAN,https://www.allrugby.com/joueurs/mathias-jean-13854.html,1,1,80,,,,2027-06-30,Montpellier Hérault Rugby (2021 - 2022) | Sporting Union Agenais (2022 - 2027)
PROD2,AGE,Jérôme DUFOUR,https://www.allrugby.com/joueurs/jerome-dufour-7924.html,2,2,92,,,,,Stade Aurillacois Cantal Auvergne (2019 - 2021) | Provence Rugby (2021 - 2025) | Association Sportive Béziers Hérault (2025 - 2027)
PROD2,AGE,Adam BOUARÉ,https://www.allrugby.com/joueurs/adam-mountaga-bouare-14639.html,8,3,232,1,,,2027-06-30,Rugby Club Nîmois (2025 - 2025) | Stade Olympique Chambéry (2025 - 2026) | Sporting Union Agenais (2026 - 2027)
PROD2,AGE,Davit GVELESIANI,https://www.allrugby.com/joueurs/davit-gvelesiani-14002.html,3,3,159,,,,,Provence Rugby (2021 - 2025) | CS Bourgoin Jallieu Rugby (2025 - 2027)
PROD2,AGE,Alexandre EVERAERT,https://www.allrugby.com/joueurs/alexandre-everaert-15860.html,,,,,,,2027-06-30,ASM Clermont Auvergne (2019 - 2023) | Sporting Union Agenais (2023 - 2027)
PROD2,AGE,Archil NOZADZE,https://www.allrugby.com/joueurs/archil-nozadze-18337.html,2,0,53,,,,2027-06-30,Sporting Union Agenais (2024 - 2027)
PROD2,AGE,Davit KUNTELIA,https://www.allrugby.com/joueurs/davit-kuntelia-17765.html,3,0,41,,,,,Lelo Saracens Tbilissi (2024 - 2025)
PROD2,AGE,Bastien DARRÉ,https://www.allrugby.com/joueurs/bastien-darre-21330.html,,,,,,,2027-06-30,Sporting Union Agenais (2021 - 2027)
PROD2,AGE,Clément SARTRE,https://www.allrugby.com/joueurs/clement-sartre-18333.html,,,,,,,2027-06-30,Rugby Club Auch (2023 - 2024) | Sporting Union Agenais (2024 - 2027)
PROD2,AGE,Emmanuel KOTULA,https://www.allrugby.com/joueurs/emmanuel-kotula-23431.html,,,,,,,,Provence Rugby (2020 - 2026) | Servette de Genève (2026 - 2027)
PROD2,AGE,Enzo DELFOSSE,https://www.allrugby.com/joueurs/enzo-delfosse-21229.html,,,,,,,,Entente Provençale De Manosque (2017 - 2020) | Provence Rugby (2021 - 2027)
PROD2,AGE,Jaz BARRES,https://www.allrugby.com/joueurs/jaz-barres-23021.html,,,,,,,2027-06-30,Montpellier Hérault Rugby (2023 - 2026) | Sporting Union Agenais (2026 - 2027)
PROD2,AGE,Deyan NEPVEUX,https://www.allrugby.com/joueurs/deyan-nepveux-22357.html,,,,,,,2027-06-30,Sporting Union Agenais (2015 - 2027)
PROD2,AGE,Iván FARACE,https://www.allrugby.com/joueurs/ivan-farace-17960.html,1,0,35,1,,,2027-06-30,Sporting Union Agenais (2024 - 2027)
PROD2,AGE,Maé RIVIÈRE,https://www.allrugby.com/joueurs/mae-riviere-21331.html,,,,,,,2027-06-30,Pessac (2016 - 2022) | Sporting Union Agenais (2022 - 2027)
PROD2,AGE,Mathéo ALLIER,https://www.allrugby.com/joueurs/matheo-allier-22490.html,,,,,,,,Rugby Club Nîmois (2019 - 2023) | Provence Rugby (2023 - 2027)
PROD2,AGE,Angelo PREVITALI,https://www.allrugby.com/joueurs/angelo-previtali-22358.html,,,,,,,2027-06-30,Sporting Union Agenais (2022 - 2027)
PROD2,AGE,Ben NEHRING,https://www.allrugby.com/joueurs/ben-nehring-15864.html,,,,,,,2027-06-30,Sporting Union Agenais (2023 - 2027)
PROD2,AGE,Camille GERMAIN,https://www.allrugby.com/joueurs/camille-germain-22356.html,,,,,,,2027-06-30,Sporting Union Agenais (2023 - 2027)
PROD2,AGE,Soane SUVE,https://www.allrugby.com/joueurs/soane-suve-13999.html,,,,,,,,Provence Rugby (2022 - 2025) | Stade Nantais (2025 - 2026)
PROD2,AGE,Arthur GARIOUB,https://www.allrugby.com/joueurs/arthur-garioub-21333.html,,,,,,,2027-06-30,Union Sportive Montalbanaise (2022 - 2024) | Sporting Union Agenais (2024 - 2027)
PROD2,AGE,Dewan DU PREEZ,https://www.allrugby.com/joueurs/dewan-du-preez-17908.html,,,,,,,2027-06-30,Rugby Travel Academy (2023 - 2024) | Sporting Union Agenais (2024 - 2027)
PROD2,AGE,Elliot CALVET,https://www.allrugby.com/joueurs/elliot-calvet-22327.html,,,,,,,2027-06-30,Sporting Union Agenais (2021 - 2027)
PROD2,AGE,Wesley MASIMA,https://www.allrugby.com/joueurs/wesley-masima-20044.html,,,,,,,,Istres Saint Mitre Les Remparts XV (2020 - 2023) | Provence Rugby (2023 - 2027)
PROD2,AGE,Johan BOUGRER,https://www.allrugby.com/joueurs/johan-bougrer-21334.html,,,,,,,2027-06-30,Sporting Union Agenais (2021 - 2027)
PROD2,AGE,Augustin MOLLET,https://www.allrugby.com/joueurs/augustin-mollet-21232.html,,,,,,,,RC Draguignan (2020 - 2021) | Provence Rugby (2021 - 2027)
PROD2,AGE,Clément CAILLETON,https://www.allrugby.com/joueurs/clement-cailleton-20630.html,,,,,,,,Aubagne (2024 - 2025) | CO Berre XV (2025 - 2026)
PROD2,AGE,Hugo LESAGE,https://www.allrugby.com/joueurs/hugo-lesage-20710.html,,,,,,,,Provence Rugby (2022 - 2025) | Nissa Rugby (2025 - 2026)
PROD2,AGE,Joris CAVAGLIERI,https://www.allrugby.com/joueurs/joris-cavaglieri-18082.html,,,,,,,,Provence Rugby (2015 - 2027)
PROD2,AGE,Paolo LARAN,https://www.allrugby.com/joueurs/paolo-laran-17655.html,,,,,,,2027-06-30,Tournefeuille (2021 - 2024) | Sporting Union Agenais (2024 - 2027)
PROD2,AGE,Paul LALBAT,https://www.allrugby.com/joueurs/paul-lalbat-21336.html,,,,,,,2027-06-30,Sporting Union Agenais (2016 - 2027)
PROD2,AGE,Jules CHACON,https://www.allrugby.com/joueurs/jules-chacon-14386.html,,,,,,,,Provence Rugby (2019 - 2024)
PROD2,AGE,Tom MÉNANTEAU,https://www.allrugby.com/joueurs/tom-menanteau-21337.html,,,,,,,2022-06-30,4 Cantons Bastides Haut Agenais Périgord (2019 - 2022) | Sporting Union Agenais (2022 - 2027)
PROD2,AGE,Auxence VIGNON,https://www.allrugby.com/joueurs/auxence-vignon-21338.html,,,,,,,2027-06-30,RC Montauban (2019 - 2023) | Sporting Union Agenais (2023 - 2027)
PROD2,AGE,Rémi BOUAFFOU,https://www.allrugby.com/joueurs/remi-bouaffou-13998.html,4,2,165,1,,,,FC Grenoble Rugby (2019 - 2022) | Provence Rugby (2022 - 2026) | Rennes Etudiants Club (2026 - 2027)
PROD2,AGE,Gabin ANDRIEUX,https://www.allrugby.com/joueurs/gabin-andrieux-22360.html,,,,,,,2027-06-30,Sporting Union Agenais (2023 - 2027)
PROD2,AGE,Jules FOURNIER,https://www.allrugby.com/joueurs/jules-fournier-22361.html,,,,,,,2027-06-30,Racing 92 (2015 - 2016) | Sporting Union Agenais (2016 - 2027)
PROD2,AGE,Thomas AMETLLA,https://www.allrugby.com/joueurs/thomas-ametlla-22504.html,,,,,,,,Provence Rugby (2023 - 2026) | Rugby Club Toulonnais (2026 - 2027)
PROD2,AGE,Kian RAYMOND,https://www.allrugby.com/joueurs/kian-raymond-18374.html,,,,,,,2027-06-30,Section Paloise Béarn Pyrénées (2024 - 2025) | Sporting Union Agenais (2025 - 2027)
PROD2,AGE,Tom MARINO,https://www.allrugby.com/joueurs/tom-marino-14971.html,3,1,93,,,,,CO Berre XV (2024 - 2026)
PROD2,AGE,Mylan SOSSÉ,https://www.allrugby.com/joueurs/mylan-sosse-18224.html,,,,,,,2027-06-30,Lyon Olympique Universitaire Rugby (2024 - 2025) | Sporting Union Agenais (2025 - 2027)
PROD2,AGE,Arthur DECHAUME,https://www.allrugby.com/joueurs/arthur-dechaume-21340.html,,,,,,,2027-06-30,Sporting Union Agenais (2022 - 2027)
PROD2,AGE,Cyprien KILEZTKY,https://www.allrugby.com/joueurs/cyprien-kileztky-18179.html,,,,,,,,Provence Rugby (2021 - 2027)
PROD2,AGE,Dylan CAZEMAJOU,https://www.allrugby.com/joueurs/dylan-cazemajou-18331.html,11,9,733,1,,,2027-06-30,RC Queyrannais (2018 - 2020) | Sporting Union Agenais (2020 - 2027)
PROD2,AGE,Gigi KURKHULI,https://www.allrugby.com/joueurs/gigi-kurkhuli-14001.html,2,0,23,,,,,Provence Rugby (2022 - 2024)
PROD2,AGE,Timéo GAYRAL,https://www.allrugby.com/joueurs/timeo-gayral-21339.html,,,,,,,2027-06-30,Sporting Union Agenais (2021 - 2027)
PROD2,AGE,Hendryk STEYN,https://www.allrugby.com/joueurs/jack-steyn-14545.html,,,,,,,,Provence Rugby (2023 - 2024) | Rennes Etudiants Club (2024 - 2025)
PROD2,AGE,Tom DELALAIN,https://www.allrugby.com/joueurs/tom-delalain-22326.html,,,,,,,2027-06-30,Union Sportive Montalbanaise (2018 - 2023) | Sporting Union Agenais (2023 - 2027)
PROD2,AGE,Arnaud DUPUTS,https://www.allrugby.com/joueurs/arnaud-duputs-4425.html,7,4,330,1,,,2027-06-30,Aviron Bayonnais (2010 - 2021) | Sporting Union Agenais (2021 - 2027)
PROD2,BRI,Christian JUDGE,https://www.allrugby.com/joueurs/christian-judge-7060.html,3,1,109,,,,2027-06-30,Saracens (2022 - 2024) | Association Sportive Béziers Hérault (2024 - 2026) | CA Brive Corrèze Limousin (2026 - 2027)
PROD2,BRI,Francisco CORIA MARCHETTI,https://www.allrugby.com/joueurs/francisco-coria-marchetti-8167.html,3,2,131,1,,,2027-06-30,CA Brive Corrèze Limousin (2020 - 2027)
PROD2,BRI,Alex BURIN,https://www.allrugby.com/joueurs/alex-burin-7289.html,24,17,1067,1,,,,Sporting Union Agenais (2017 - 2026) | Castres Olympique (2026 - 2027)
PROD2,BRI,Hugo REILHÈS,https://www.allrugby.com/joueurs/hugo-reilhes-9954.html,2,0,60,,,,2024-06-30,CA Brive Corrèze Limousin (2024 - 2024) | Stade Toulousain (2024 - 2025) | CA Brive Corrèze Limousin (2025 - 2027)
PROD2,BRI,John Henry FINCHAM,https://www.allrugby.com/joueurs/john-henry-fincham-8673.html,15,4,502,1,,,2027-06-30,Valence Romans Drôme Rugby (2023 - 2023) | Association Sportive Béziers Hérault (2023 - 2026) | CA Brive Corrèze Limousin (2026 - 2027)
PROD2,BRI,Louis MARY,https://www.allrugby.com/joueurs/louis-mary-12162.html,2,0,36,,,,2027-06-30,Union Bordeaux-Bègles (2026 - 2026) | FC Grenoble Rugby (2026 - 2026) | CA Brive Corrèze Limousin (2026 - 2027)
PROD2,BRI,Marcel VAN DER MERWE,https://www.allrugby.com/joueurs/marcel-van-der-merwe-3420.html,9,9,432,2,,,2027-06-30,Stade Rochelais (2021 - 2021) | London Irish (2021 - 2022) | CA Brive Corrèze Limousin (2022 - 2027)
PROD2,BRI,Simon-Pierre CHAUVAC,https://www.allrugby.com/joueurs/simon-pierre-chauvac-5859.html,3,2,131,,,,2027-06-30,Montpellier Hérault Rugby (2024 - 2024) | Section Paloise Béarn Pyrénées (2024 - 2024) | CA Brive Corrèze Limousin (2024 - 2027)
PROD2,BRI,Beau FARRANCE,https://www.allrugby.com/joueurs/beau-farrance-8270.html,15,4,530,,,,,Stado Tarbes Pyrénées Rugby (2023 - 2023) | Sporting Union Agenais (2023 - 2026) | Nissa Rugby (2026 - 2027)
PROD2,BRI,Vakh ABDALADZE,https://www.allrugby.com/joueurs/vakh-abdaladze-6332.html,1,1,49,1,,,2027-06-30,CA Brive Corrèze Limousin (2023 - 2027)
PROD2,BRI,Lucas DA SILVA,https://www.allrugby.com/joueurs/lucas-da-silva-5594.html,3,1,109,1,,,2027-06-30,CA Brive Corrèze Limousin (2022 - 2027)
PROD2,BRI,Quentin ALGAY,https://www.allrugby.com/joueurs/quentin-algay-15391.html,1,0,31,,,,2027-06-30,CA Brive Corrèze Limousin (2017 - 2027)
PROD2,BRI,Yanis CHARCOSSET,https://www.allrugby.com/joueurs/yanis-charcosset-11279.html,2,2,100,1,,,2027-06-30,Lyon Olympique Universitaire Rugby (2016 - 2025) | CA Brive Corrèze Limousin (2025 - 2027)
PROD2,BRI,Alexandre RICARD,https://www.allrugby.com/joueurs/alexandre-ricard-7063.html,3,3,230,1,,,2027-06-30,Union Bordeaux-Bègles (2023 - 2025) | CA Brive Corrèze Limousin (2025 - 2027)
PROD2,BRI,Anthony COLETTA,https://www.allrugby.com/joueurs/anthony-coletta-1959.html,22,17,1239,4,,,2027-06-30,Soyaux-Angoulême XV Charente (2017 - 2020) | US Colomiers (2020 - 2025) | CA Brive Corrèze Limousin (2025 - 2027)
PROD2,BRI,Florent GUION,https://www.allrugby.com/joueurs/florent-guion-5163.html,1,0,32,,,,,Soyaux-Angoulême XV Charente (2017 - 2019) | Rouen Normandie Rugby (2019 - 2021) | Sporting Union Agenais (2021 - 2027)
PROD2,BRI,Irné HERBST,https://www.allrugby.com/joueurs/irne-herbst-5668.html,2,2,103,,,,2027-06-30,Harlequins (2022 - 2025) | CA Brive Corrèze Limousin (2025 - 2027)
PROD2,BRI,Konstantine MIKAUTADZE,https://www.allrugby.com/joueurs/konstantine-mikautadze-1279.html,2,1,84,,,,2027-06-30,Montpellier Hérault Rugby (2016 - 2020) | Aviron Bayonnais (2020 - 2024) | CA Brive Corrèze Limousin (2024 - 2027)
PROD2,BRI,Hans LOMBARD-BURET,https://www.allrugby.com/joueurs/hans-lombard-buret-6129.html,2,2,110,,,,,Stade Toulousain (2015 - 2018) | Sporting Union Agenais (2018 - 2027)
PROD2,BRI,Teun KARST,https://www.allrugby.com/joueurs/teun-karst-13642.html,2,0,53,,,,2027-06-30,CA Brive Corrèze Limousin (2021 - 2027)
PROD2,BRI,Geoffrey MALATERRE,https://www.allrugby.com/joueurs/geoffrey-malaterre-12173.html,1,0,17,,,,2027-06-30,Naves Section Lagraulière (2015 - 2019) | CA Brive Corrèze Limousin (2019 - 2027)
PROD2,BRI,Malik HAMADACHE,https://www.allrugby.com/joueurs/malik-hamadache-1497.html,7,6,313,,,,,Section Paloise Béarn Pyrénées (2016 - 2021) | Montpellier Hérault Rugby (2021 - 2022) | Sporting Union Agenais (2022 - 2024)
PROD2,BRI,Henco VENTER,https://www.allrugby.com/joueurs/henco-venter-6229.html,2,2,77,,,,2027-06-30,Sharks Rugby Club (2020 - 2023) | Glasgow Warriors (2023 - 2025) | CA Brive Corrèze Limousin (2025 - 2027)
PROD2,BRI,Mamuka MSTOIANI,https://www.allrugby.com/joueurs/mamuka-mstoiani-11285.html,2,2,108,,,,,Sporting Union Agenais (2021 - 2026) | US Colomiers (2026 - 2027)
PROD2,BRI,Lucas OUDARD,https://www.allrugby.com/joueurs/lucas-oudard-15385.html,3,2,138,,,,2027-06-30,ASM Clermont Auvergne (2019 - 2024) | Stade Aurillacois Cantal Auvergne (2024 - 2026) | CA Brive Corrèze Limousin (2026 - 2027)
PROD2,BRI,Régis OMBY,https://www.allrugby.com/joueurs/regis-omby-21192.html,2,0,24,,,,2027-06-30,CA Brive Corrèze Limousin (2021 - 2027)
PROD2,BRI,Retief MARAIS,https://www.allrugby.com/joueurs/retief-marais-4670.html,25,20,1544,1,,,2027-06-30,CA Brive Corrèze Limousin (2016 - 2027)
PROD2,BRI,Samuel MAXIMIN,https://www.allrugby.com/joueurs/samuel-maximin-8651.html,1,0,25,,,,2027-06-30,Montpellier Hérault Rugby (2023 - 2023) | Rouen Normandie Rugby (2023 - 2024) | CA Brive Corrèze Limousin (2024 - 2027)
PROD2,BRI,Sasha GUÉ,https://www.allrugby.com/joueurs/sasha-gue-7743.html,3,3,223,,,,2027-06-30,CA Brive Corrèze Limousin (2021 - 2027)
PROD2,BRI,Taniela SADRUGU,https://www.allrugby.com/joueurs/taniela-sadrugu-16336.html,21,6,807,3,,,2027-06-30,CA Brive Corrèze Limousin (2023 - 2027)
PROD2,BRI,Richard BARRINGTON,https://www.allrugby.com/joueurs/richard-barrington-2255.html,18,1,374,,,,,Sporting Union Agenais (2022 - 2024) | Ampthill Rugby (2024 - 2027)
PROD2,BRI,Yann PEYSSON,https://www.allrugby.com/joueurs/yann-peysson-6585.html,3,2,216,,,,2027-06-30,Castres Olympique (2023 - 2025) | CA Brive Corrèze Limousin (2025 - 2027)
PROD2,BRI,John COONEY,https://www.allrugby.com/joueurs/john-cooney-4090.html,3,3,233,,,,2027-06-30,Connacht Rugby (2015 - 2017) | Ulster Rugby (2017 - 2025) | CA Brive Corrèze Limousin (2025 - 2027)
PROD2,BRI,Mathéo GUYON,https://www.allrugby.com/joueurs/matheo-guyon-18311.html,1,0,14,,,,2027-06-30,Stado Tarbes Pyrénées Rugby (2019 - 2025) | CA Brive Corrèze Limousin (2025 - 2027)
PROD2,BRI,Mathis GALTHIÉ,https://www.allrugby.com/joueurs/mathis-galthie-12865.html,15,8,581,1,,,2027-06-30,Avenir Castanéen Rugby XV (2019 - 2021) | US Colomiers (2021 - 2025) | CA Brive Corrèze Limousin (2025 - 2027)
PROD2,BRI,Théo SAUZARET,https://www.allrugby.com/joueurs/theo-sauzaret-8376.html,2,0,54,,,,,Stade Olympique Chambéry (2020 - 2022) | Sporting Union Agenais (2022 - 2024) | US Carcassonne (2024 - 2027)
PROD2,BRI,Maxime SIDOBRE,https://www.allrugby.com/joueurs/maxime-sidobre-5792.html,3,1,87,1,,,2027-06-30,Floirac Rive Droite Rugby (2023 - 2023) | Rouen Normandie Rugby (2023 - 2024) | CA Brive Corrèze Limousin (2024 - 2027)
PROD2,BRI,Jamie SHILLCOCK,https://www.allrugby.com/joueurs/jamie-shillcock-4894.html,2,2,147,,,,2027-06-30,Mitsubishi Sagamihara Dynaboars (2023 - 2023) | Leicester Tigers (2023 - 2025) | CA Brive Corrèze Limousin (2025 - 2027)
PROD2,BRI,Clément MARTINEZ,https://www.allrugby.com/joueurs/clement-martinez-5465.html,3,1,118,2,,,,Sporting Union Agenais (2019 - 2024) | Biarritz Olympique Pays Basque (2024 - 2026) | Nissa Rugby (2026 - 2027)
PROD2,BRI,Stuart OLDING,https://www.allrugby.com/joueurs/stuart-olding-2874.html,2,2,150,,,,2027-06-30,CA Brive Corrèze Limousin (2018 - 2027)
PROD2,BRI,Eto BAINIVALU,https://www.allrugby.com/joueurs/eto-bainivalu-11488.html,17,13,921,,,,2027-06-30,Stade Toulousain (2024 - 2024) | Provence Rugby (2024 - 2025) | CA Brive Corrèze Limousin (2025 - 2027)
PROD2,BRI,Gatien MASSÉ,https://www.allrugby.com/joueurs/gatien-masse-12297.html,3,2,190,1,,,2027-06-30,Union Bordeaux-Bègles (2019 - 2023) | Stade Montois Rugby Pro (2023 - 2026) | CA Brive Corrèze Limousin (2026 - 2027)
PROD2,BRI,Georges SHVELIDZE,https://www.allrugby.com/joueurs/georges-shvelidze-14358.html,1,1,61,,,,2027-06-30,Montpellier Hérault Rugby (2010 - 2012) | CA Brive Corrèze Limousin (2012 - 2027)
PROD2,BRI,Maxence BIASOTTO,https://www.allrugby.com/joueurs/maxence-biasotto-14171.html,2,2,132,,,,2027-06-30,Union Sportive Montalbanaise (2017 - 2022) | CA Brive Corrèze Limousin (2022 - 2027)
PROD2,BRI,Nic KRONE,https://www.allrugby.com/joueurs/nic-krone-14172.html,3,1,98,,,,2027-06-30,CA Brive Corrèze Limousin (2022 - 2027)
PROD2,BRI,Asaeli TUIVUAKA,https://www.allrugby.com/joueurs/asaeli-tuivuaka-12373.html,18,18,1311,9,,,2027-06-30,Racing 92 (2022 - 2023) | CA Brive Corrèze Limousin (2023 - 2027)
PROD2,BRI,Geoffrey CROS,https://www.allrugby.com/joueurs/geoffrey-cros-4337.html,3,3,220,1,,,2027-06-30,Union Bordeaux-Bègles (2016 - 2023) | FC Grenoble Rugby (2023 - 2025) | CA Brive Corrèze Limousin (2025 - 2027)
PROD2,BRI,Aymeric LUC,https://www.allrugby.com/joueurs/aymeric-luc-6046.html,3,3,240,3,,,2027-06-30,Rugby Club Toulonnais (2021 - 2024) | Section Paloise Béarn Pyrénées (2024 - 2026) | CA Brive Corrèze Limousin (2026 - 2027)
PROD2,BRI,Julien TISSERON,https://www.allrugby.com/joueurs/julien-tisseron-4390.html,2,2,160,,,,2027-06-30,Montpellier Hérault Rugby (2020 - 2025) | CA Brive Corrèze Limousin (2025 - 2027)
PROD2,BRI,Lewis NOON,https://www.allrugby.com/joueurs/lewis-noon-15394.html,1,1,80,,,,2027-06-30,CA Brive Corrèze Limousin (2018 - 2027)
PROD2,BRI,Mike SOSENE-FEAGAI,https://www.allrugby.com/joueurs/michelangelo-sosene-feagai-8867.html,2,0,33,,,,,Rugby Club Toulonnais (2021 - 2022) | Sporting Union Agenais (2022 - 2024) | RFC Los Angeles (2024 - 2025)
PROD2,BRI,Abdou-Aziz DIOUF,https://www.allrugby.com/joueurs/abdou-aziz-diouf-22783.html,,,,,,,2027-06-30,Stade Rochelais (2025 - 2026) | CA Brive Corrèze Limousin (2026 - 2027)
PROD2,BRI,Cameron GILARD,https://www.allrugby.com/joueurs/cameron-gilard-21185.html,,,,,,,2027-06-30,AS Panazol (2019 - 2023) | CA Brive Corrèze Limousin (2023 - 2027)
PROD2,BRI,Adrien PAGANOTTO,https://www.allrugby.com/joueurs/adrien-paganotto-9977.html,,,,,,,,Sporting Union Agenais (2020 - 2025) | US Marmande (2025 - 2026)
PROD2,BRI,Guerlain VILLUENDAS,https://www.allrugby.com/joueurs/guerlain-villuendas-22784.html,,,,,,,2027-06-30,Stade Athlétique Rabastens Couffouleux (2024 - 2024) | US Colomiers (2024 - 2025) | CA Brive Corrèze Limousin (2025 - 2027)
PROD2,BRI,Alexandre EVERAERT,https://www.allrugby.com/joueurs/alexandre-everaert-15860.html,,,,,,,,ASM Clermont Auvergne (2019 - 2023) | Sporting Union Agenais (2023 - 2027)
PROD2,BRI,Bastien DARRÉ,https://www.allrugby.com/joueurs/bastien-darre-21330.html,,,,,,,,Sporting Union Agenais (2021 - 2027)
PROD2,BRI,Simoté MOALA,https://www.allrugby.com/joueurs/simote-moala-20551.html,6,2,255,2,,,2027-06-30,CA Brive Corrèze Limousin (2018 - 2027)
PROD2,BRI,Brice HOARAU,https://www.allrugby.com/joueurs/brice-hoarau-14462.html,,,,,,,,Sporting Union Agenais (2017 - 2025) | AS Fleurance (2025 - 2026)
PROD2,BRI,Youssef EL BOUHALI,https://www.allrugby.com/joueurs/youssef-el-bouhali-22489.html,,,,,,,2027-06-30,CA Brive Corrèze Limousin (2018 - 2027)
PROD2,BRI,Anri SHVELIDZE,https://www.allrugby.com/joueurs/anri-shvelidze-22744.html,,,,,,,2027-06-30,CA Brive Corrèze Limousin (2012 - 2027)
PROD2,BRI,Clovis SAMARUT,https://www.allrugby.com/joueurs/clovis-samarut-18341.html,,,,,,,,Sporting Union Agenais (2023 - 2026) | 4 Cantons Bastides Haut Agenais Périgord (2026 - 2027)
PROD2,BRI,Valerio SICILIANO,https://www.allrugby.com/joueurs/valerio-siciliano-14954.html,4,1,137,1,,,2026-06-30,CA Brive Corrèze Limousin (2026 - 2026) | CA Périgueux Dordogne (2026 - 2026) | CA Brive Corrèze Limousin (2026 - 2027)
PROD2,BRI,Elyan DUTHIL,https://www.allrugby.com/joueurs/elyan-duthil-21463.html,,,,,,,,Sporting Union Agenais (2021 - 2025) | Castres Olympique (2025 - 2027)
PROD2,BRI,Luke GRIFFITHS,https://www.allrugby.com/joueurs/luke-griffiths-18703.html,,,,,,,2027-06-30,CA Brive Corrèze Limousin (2024 - 2027)
PROD2,BRI,Nathan CLAASSEN,https://www.allrugby.com/joueurs/nathan-claassen-21191.html,,,,,,,2027-06-30,CA Brive Corrèze Limousin (2024 - 2027)
PROD2,BRI,Julien KOTEUREU,https://www.allrugby.com/joueurs/julien-koteureu-18340.html,1,1,52,,,,,RC Saint-Gilles (2017 - 2018) | Union Rugby Club Dumbéa (2018 - 2019) | Sporting Union Agenais (2019 - 2027)
PROD2,BRI,Noah BROWN,https://www.allrugby.com/joueurs/noah-brown-22774.html,,,,,,,2027-06-30,Activate Rugby Academy (2025 - 2026) | CA Brive Corrèze Limousin (2026 - 2027)
PROD2,BRI,Ollie HULL,https://www.allrugby.com/joueurs/ollie-hull-21186.html,,,,,,,2027-06-30,CA Brive Corrèze Limousin (2025 - 2027)
PROD2,BRI,Maïno PAKIHIVATAU,https://www.allrugby.com/joueurs/maino-pakihivatau-9976.html,1,0,15,,,,,Sporting Union Agenais (2020 - 2024) | US Marmande (2024 - 2026)
PROD2,BRI,David GENESTE,https://www.allrugby.com/joueurs/david-geneste-12175.html,2,0,49,,,,2027-06-30,CA Brive Corrèze Limousin (2016 - 2027)
PROD2,BRI,Issa MENDY,https://www.allrugby.com/joueurs/issa-mendy-21188.html,,,,,,,2027-06-30,CA Périgueux Dordogne (2019 - 2022) | CA Brive Corrèze Limousin (2022 - 2027)
PROD2,BRI,Mathis GENSUL,https://www.allrugby.com/joueurs/mathis-gensul-18342.html,,,,,,,,Sanary Ovalie (2016 - 2018) | Union Sportive Seynoise (2018 - 2021) | Sporting Union Agenais (2021 - 2025)
PROD2,BRI,Noah DERON,https://www.allrugby.com/joueurs/noah-deron-18348.html,,,,,,,,Sporting Union Agenais (2018 - 2026)
PROD2,BRI,Riley PULU,https://www.allrugby.com/joueurs/riley-pulu-13787.html,,,,,,,,Sporting Union Agenais (2022 - 2024) | Union Sportive Arlequins Perpignanais (2024 - 2026)
PROD2,BRI,Mattin LAURENT,https://www.allrugby.com/joueurs/mattin-laurent-21187.html,,,,,,,2027-06-30,CA Brive Corrèze Limousin (2022 - 2027)
PROD2,BRI,Antonin CLAUX,https://www.allrugby.com/joueurs/antonin-claux-22782.html,,,,,,,2027-06-30,CA Brive Corrèze Limousin (2022 - 2027)
PROD2,BRI,Leny BRONCAN,https://www.allrugby.com/joueurs/leny-broncan-21182.html,,,,,,,2027-06-30,US Colomiers (2020 - 2024) | CA Brive Corrèze Limousin (2024 - 2027)
PROD2,BRI,Quentin DEVAUD,https://www.allrugby.com/joueurs/quentin-devaud-21183.html,,,,,,,2027-06-30,CA Brive Corrèze Limousin (2014 - 2027)
PROD2,BRI,Bastien MASSÉ,https://www.allrugby.com/joueurs/bastien-masse-15393.html,1,1,80,,,,2027-06-30,Union Sportive Athlétique de Limoges (2013 - 2020) | CA Brive Corrèze Limousin (2020 - 2027)
PROD2,BRI,Clovis CHIZAT,https://www.allrugby.com/joueurs/clovis-chizat-18458.html,,,,,,,,Sporting Union Agenais (2020 - 2024) | US Colomiers (2024 - 2027)
PROD2,BRI,Deyan NEPVEUX,https://www.allrugby.com/joueurs/deyan-nepveux-22357.html,,,,,,,,Sporting Union Agenais (2015 - 2027)
PROD2,BRI,Ethan VINCENT,https://www.allrugby.com/joueurs/ethan-vincent-18351.html,,,,,,,,Sporting Union Agenais (2010 - 2025)
PROD2,BRI,Victor RAYEUR,https://www.allrugby.com/joueurs/victor-rayeur-21189.html,,,,,,,2027-06-30,CA Brive Corrèze Limousin (2020 - 2027)
PROD2,BRI,Baptiste PEYRAMARD,https://www.allrugby.com/joueurs/baptiste-peyramard-21778.html,,,,,,,2027-06-30,ASM Clermont Auvergne (2024 - 2025) | CA Brive Corrèze Limousin (2025 - 2027)
PROD2,BRI,Grégory ROBERT,https://www.allrugby.com/joueurs/gregory-robert-15452.html,,,,,,,,US Bergerac Rugby (2011 - 2017) | Sporting Union Agenais (2017 - 2024) | US Bergerac Rugby (2024 - 2025)
PROD2,BRI,Benjamin LEFRANC,https://www.allrugby.com/joueurs/benjamin-lefranc-12097.html,10,10,779,7,,,2027-06-30,CA Brive Corrèze Limousin (2010 - 2027)
PROD2,BRI,Jules JEUNEHOMME,https://www.allrugby.com/joueurs/jules-jeunehomme-18345.html,,,,,,,,Sporting Union Agenais (2020 - 2025) | Anglet Olympique Rugby Club (2025 - 2026)
PROD2,BRI,Maé RIVIÈRE,https://www.allrugby.com/joueurs/mae-riviere-21331.html,,,,,,,,Pessac (2016 - 2022) | Sporting Union Agenais (2022 - 2027)
PROD2,BRI,Noa SAGE-AYMARD,https://www.allrugby.com/joueurs/noa-sage-aymard-21190.html,,,,,,,2027-06-30,CA Brive Corrèze Limousin (2019 - 2027)
PROD2,BRI,Walter DESMAISON,https://www.allrugby.com/joueurs/walter-desmaison-1941.html,1,0,32,,,,,FC Grenoble Rugby (2015 - 2017) | Stade Montois Rugby Pro (2017 - 2019) | Sporting Union Agenais (2019 - 2024)
PROD2,NIC,Beau FARRANCE,https://www.allrugby.com/joueurs/beau-farrance-8270.html,15,4,530,,,,,Stado Tarbes Pyrénées Rugby (2023 - 2023) | Sporting Union Agenais (2023 - 2026) | Nissa Rugby (2026 - 2027)
PROD2,NIC,Etienne FALGOUX,https://www.allrugby.com/joueurs/etienne-falgoux-1969.html,2,1,76,,,,,Nissa Rugby (2026 - 2027)
PROD2,NIC,Fabio GONZALEZ,https://www.allrugby.com/joueurs/fabio-gonzalez-12342.html,1,0,32,,,,,Rouen Normandie Rugby (2024 - 2024) | Rugby Club Toulonnais (2024 - 2024) | Nissa Rugby (2024 - 2027)
PROD2,NIC,Farai MUDARIKI,https://www.allrugby.com/joueurs/farai-mudariki-5433.html,2,1,94,,,,,Worcester Warriors (2018 - 2020) | USON Nevers Rugby (2020 - 2025) | Nissa Rugby (2025 - 2027)
PROD2,NIC,Alex BURIN,https://www.allrugby.com/joueurs/alex-burin-7289.html,24,17,1067,1,,,,Sporting Union Agenais (2017 - 2026) | Castres Olympique (2026 - 2027)
PROD2,NIC,Hayden THOMPSON-STRINGER,https://www.allrugby.com/joueurs/hayden-thompson-stringer-4822.html,2,1,84,,,,,New South Wales Waratahs (2024 - 2024) | Provence Rugby (2024 - 2025) | Nissa Rugby (2025 - 2027)
PROD2,NIC,Jules MARTINEZ,https://www.allrugby.com/joueurs/jules-martinez-9638.html,1,1,48,,,,,US Carcassonne (2022 - 2023) | Nissa Rugby (2023 - 2027)
PROD2,NIC,Luvuyo PUPUMA,https://www.allrugby.com/joueurs/luvuyo-pupuma-6258.html,20,17,1056,,,,,Union Sportive Athlétique de Limoges (2020 - 2021) | Rennes Etudiants Club (2021 - 2023) | Nissa Rugby (2023 - 2027)
PROD2,NIC,Nicolás CIANCIO,https://www.allrugby.com/joueurs/nicolas-ciancio-13010.html,3,2,114,,,,,Union Sportive Arlequins Perpignanais (2020 - 2022) | Nissa Rugby (2022 - 2027)
PROD2,NIC,Vazha KAPANADZE,https://www.allrugby.com/joueurs/vazha-kapanadze-6741.html,16,2,406,1,,,,FC Grenoble Rugby (2019 - 2019) | Union Sportive Bressane Pays de l'Ain (2019 - 2025) | Nissa Rugby (2025 - 2027)
PROD2,NIC,Beau FARRANCE,https://www.allrugby.com/joueurs/beau-farrance-8270.html,15,4,530,,,,,Stado Tarbes Pyrénées Rugby (2023 - 2023) | Sporting Union Agenais (2023 - 2026) | Nissa Rugby (2026 - 2027)
PROD2,NIC,Zinédine AOUAD,https://www.allrugby.com/joueurs/zinedine-aouad-17032.html,1,0,32,,,,,Union Bordeaux-Bègles (2026 - 2026) | Rugby Club Vannes (2026 - 2026) | Nissa Rugby (2026 - 2027)
PROD2,NIC,Baptiste MORÉNO,https://www.allrugby.com/joueurs/baptiste-moreno-15447.html,21,14,1030,7,,,,Union Sportive Arlequins Perpignanais (2021 - 2023) | US Carcassonne (2023 - 2026) | Nissa Rugby (2026 - 2027)
PROD2,NIC,Clément MARTINEZ,https://www.allrugby.com/joueurs/clement-martinez-5465.html,3,1,118,2,,,,Sporting Union Agenais (2019 - 2024) | Biarritz Olympique Pays Basque (2024 - 2026) | Nissa Rugby (2026 - 2027)
PROD2,NIC,Léo CHAUVIN,https://www.allrugby.com/joueurs/leo-chauvin-14382.html,2,2,102,,,,,Union Bordeaux-Bègles (2022 - 2025) | Nissa Rugby (2025 - 2027)
PROD2,NIC,Pat LEAFA,https://www.allrugby.com/joueurs/pat-leafa-5582.html,1,0,20,,,,,Rugby Club Vannes (2017 - 2025) | Nissa Rugby (2025 - 2027)
PROD2,NIC,Pierre STRIPPOLI,https://www.allrugby.com/joueurs/pierre-strippoli-12111.html,9,3,344,2,,,,FC Grenoble Rugby (2023 - 2023) | Rennes Etudiants Club (2023 - 2023) | Nissa Rugby (2023 - 2027)
PROD2,NIC,Adrian MOȚOC,https://www.allrugby.com/joueurs/adrian-motoc-4683.html,2,2,160,1,,,,Stade Aurillacois Cantal Auvergne (2021 - 2022) | Biarritz Olympique Pays Basque (2022 - 2025) | Nissa Rugby (2025 - 2027)
PROD2,NIC,Christiaan VAN DER MERWE,https://www.allrugby.com/joueurs/christie-van-der-merwe-4653.html,2,2,123,,,,,USON Nevers Rugby (2022 - 2024) | Rugby Club Vannes (2024 - 2025) | Nissa Rugby (2025 - 2027)
PROD2,NIC,Florent GUION,https://www.allrugby.com/joueurs/florent-guion-5163.html,1,0,32,,,,,Soyaux-Angoulême XV Charente (2017 - 2019) | Rouen Normandie Rugby (2019 - 2021) | Sporting Union Agenais (2021 - 2027)
PROD2,NIC,Evan OLMSTEAD,https://www.allrugby.com/joueurs/evan-olmstead-3931.html,1,1,80,,,,,Sporting Union Agenais (2022 - 2026) | Nissa Rugby (2026 - 2027)
PROD2,NIC,Joel KPOKU,https://www.allrugby.com/joueurs/joel-kpoku-7138.html,3,1,90,,,,,Nissa Rugby (2025 - 2025) | Section Paloise Béarn Pyrénées (2026 - 2026) | Nissa Rugby (2026 - 2027)
PROD2,NIC,Hans LOMBARD-BURET,https://www.allrugby.com/joueurs/hans-lombard-buret-6129.html,2,2,110,,,,,Stade Toulousain (2015 - 2018) | Sporting Union Agenais (2018 - 2027)
PROD2,NIC,Thibaud REY,https://www.allrugby.com/joueurs/thibaud-rey-1389.html,15,14,1026,,,,,Stade Montois Rugby Pro (2015 - 2021) | Nissa Rugby (2021 - 2027)
PROD2,NIC,Arthur VIGNOLLES,https://www.allrugby.com/joueurs/arthur-vignolles-5477.html,3,2,141,,,,,Stade Toulousain (2017 - 2021) | RC Suresnes (2021 - 2022) | Nissa Rugby (2022 - 2027)
PROD2,NIC,Bastien BERENGUEL,https://www.allrugby.com/joueurs/bastien-berenguel-4368.html,2,1,111,,,,,Stade Dijonnais (2019 - 2021) | RC Suresnes (2021 - 2023) | Nissa Rugby (2023 - 2027)
PROD2,NIC,Enzo LABADIE,https://www.allrugby.com/joueurs/enzo-labadie-13778.html,1,1,80,,,,,Aviron Bayonnais (2021 - 2022) | Anglet Olympique Rugby Club (2022 - 2025) | Nissa Rugby (2025 - 2027)
PROD2,NIC,Hanru SIRGEL,https://www.allrugby.com/joueurs/hanru-sirgel-16738.html,1,1,70,,,,,FC Grenoble Rugby (2024 - 2026) | Nissa Rugby (2026 - 2027)
PROD2,NIC,Malik HAMADACHE,https://www.allrugby.com/joueurs/malik-hamadache-1497.html,7,6,313,,,,,Section Paloise Béarn Pyrénées (2016 - 2021) | Montpellier Hérault Rugby (2021 - 2022) | Sporting Union Agenais (2022 - 2024)
PROD2,NIC,Hugo SARRASIN,https://www.allrugby.com/joueurs/hugo-sarrasin-11162.html,2,2,160,1,,,,ASM Clermont Auvergne (2017 - 2024) | Nissa Rugby (2024 - 2027)
PROD2,NIC,Iakopo MAPU,https://www.allrugby.com/joueurs/iakopo-petelo-mapu-7198.html,2,0,42,,,,,Stade Français Paris Rugby (2025 - 2026) | Nissa Rugby (2026 - 2027)
PROD2,NIC,Mamuka MSTOIANI,https://www.allrugby.com/joueurs/mamuka-mstoiani-11285.html,2,2,108,,,,,Sporting Union Agenais (2021 - 2026) | US Colomiers (2026 - 2027)
PROD2,NIC,Jordan TAUFUA,https://www.allrugby.com/joueurs/jordan-taufua-5904.html,19,16,1039,5,,,,Leicester Tigers (2021 - 2021) | Lyon Olympique Universitaire Rugby (2021 - 2024) | Nissa Rugby (2024 - 2027)
PROD2,NIC,Kylian LAURANS,https://www.allrugby.com/joueurs/kylian-laurans-17936.html,1,0,27,,,,,Nissa Rugby (2017 - 2027)
PROD2,NIC,Lucas BACHELIER,https://www.allrugby.com/joueurs/lucas-bachelier-3427.html,2,2,106,,,,,Racing Club Narbonnais (2025 - 2026) | Nissa Rugby (2026 - 2027)
PROD2,NIC,Masivesi DAKUWAQA,https://www.allrugby.com/joueurs/masivesi-dakuwaqa-7735.html,13,4,493,2,,,,Biarritz Olympique Pays Basque (2025 - 2025) | CA Périgueux Dordogne (2025 - 2025) | Nissa Rugby (2025 - 2027)
PROD2,NIC,Guillaume ROUET,https://www.allrugby.com/joueurs/guillaume-rouet-1098.html,1,1,61,,,,,Nissa Rugby (2025 - 2027)
PROD2,NIC,Richard BARRINGTON,https://www.allrugby.com/joueurs/richard-barrington-2255.html,18,1,374,,,,,Sporting Union Agenais (2022 - 2024) | Ampthill Rugby (2024 - 2027)
PROD2,NIC,Jules GIMBERT,https://www.allrugby.com/joueurs/jules-gimbert-5168.html,2,0,45,,,,,Nissa Rugby (2024 - 2024) | Stade Français Paris Rugby (2025 - 2025) | Nissa Rugby (2025 - 2027)
PROD2,NIC,Théo IDJELLIDAINE,https://www.allrugby.com/joueurs/theo-idjellidaine-8290.html,3,2,134,,,,,Stade Toulousain (2022 - 2022) | Sporting Union Agenais (2022 - 2026) | Nissa Rugby (2026 - 2027)
PROD2,NIC,Flavio ASQUINI,https://www.allrugby.com/joueurs/flavio-asquini-18360.html,3,1,96,,,,,Nissa Rugby (2019 - 2027)
PROD2,NIC,Théo SAUZARET,https://www.allrugby.com/joueurs/theo-sauzaret-8376.html,2,0,54,,,,,Stade Olympique Chambéry (2020 - 2022) | Sporting Union Agenais (2022 - 2024) | US Carcassonne (2024 - 2027)
PROD2,NIC,Owen WILLIAMS,https://www.allrugby.com/joueurs/owen-williams-2292.html,23,20,1485,1,,,,Worcester Warriors (2023 - 2023) | Ospreys (2023 - 2025) | Nissa Rugby (2025 - 2027)
PROD2,NIC,Atila SEPTAR,https://www.allrugby.com/joueurs/atila-septar-2533.html,1,1,11,,,,,Rugby Club Toulonnais (2021 - 2023) | Provence Rugby (2023 - 2025) | Nissa Rugby (2025 - 2027)
PROD2,NIC,Baptiste LAFOND,https://www.allrugby.com/joueurs/baptiste-lafond-6009.html,1,1,73,1,,,,Rouen Normandie Rugby (2020 - 2022) | Sporting Union Agenais (2022 - 2023) | Nissa Rugby (2023 - 2027)
PROD2,NIC,Clément MARTINEZ,https://www.allrugby.com/joueurs/clement-martinez-5465.html,3,1,118,2,,,,Sporting Union Agenais (2019 - 2024) | Biarritz Olympique Pays Basque (2024 - 2026) | Nissa Rugby (2026 - 2027)
PROD2,NIC,Bautista EZCURRA,https://www.allrugby.com/joueurs/bautista-ezcurra-6407.html,1,0,69,,,,,FC Grenoble Rugby (2021 - 2025) | Stade Montois Rugby Pro (2025 - 2026) | Nissa Rugby (2026 - 2027)
PROD2,NIC,Francis SAILI,https://www.allrugby.com/joueurs/francis-saili-4037.html,2,2,160,,,,,Racing 92 (2023 - 2024) | Rugby Club Vannes (2024 - 2026) | Nissa Rugby (2026 - 2027)
PROD2,NIC,Jean-Pascal BARRAQUE,https://www.allrugby.com/joueurs/jean-pascal-barraque-1092.html,2,2,103,,,,,ASM Clermont Auvergne (2020 - 2023) | Union Sportive Arlequins Perpignanais (2023 - 2025) | Nissa Rugby (2025 - 2027)
PROD2,NIC,Pablo PATILLA,https://www.allrugby.com/joueurs/pablo-patilla-12160.html,1,1,25,,,,,Rugby Club Toulonnais (2025 - 2025) | US Carcassonne (2025 - 2026) | Nissa Rugby (2026 - 2027)
PROD2,NIC,Tyler MORGAN,https://www.allrugby.com/joueurs/tyler-morgan-3269.html,2,2,160,1,,,,Nissa Rugby (2025 - 2025) | Biarritz Olympique Pays Basque (2026 - 2026) | Nissa Rugby (2026 - 2027)
PROD2,NIC,Clément EGIZIANO,https://www.allrugby.com/joueurs/clement-egiziano-10730.html,2,2,160,,,,,Nissa Rugby (2023 - 2023) | US Carcassonne (2023 - 2025) | Nissa Rugby (2025 - 2027)
PROD2,NIC,Inoke NALAGA,https://www.allrugby.com/joueurs/inoke-kurukuruvakatini-11286.html,2,2,127,1,,,,Sporting Union Agenais (2020 - 2025) | Nissa Rugby (2025 - 2027)
PROD2,NIC,Vincent RATTEZ,https://www.allrugby.com/joueurs/vincent-rattez-1466.html,2,1,103,,,,,Montpellier Hérault Rugby (2020 - 2023) | Lyon Olympique Universitaire Rugby (2023 - 2026) | Nissa Rugby (2026 - 2027)
PROD2,NIC,Boris GOUTARD,https://www.allrugby.com/joueurs/boris-goutard-8235.html,1,1,80,1,,,,Union Sportive Arlequins Perpignanais (2022 - 2024) | Racing Club Narbonnais (2024 - 2026) | Nissa Rugby (2026 - 2027)
PROD2,NIC,Julien FARNOUX,https://www.allrugby.com/joueurs/julien-farnoux-2501.html,2,2,160,1,,,,Union Sportive Arlequins Perpignanais (2022 - 2022) | FC Grenoble Rugby (2022 - 2026) | Nissa Rugby (2026 - 2027)
PROD2,NIC,Mike SOSENE-FEAGAI,https://www.allrugby.com/joueurs/michelangelo-sosene-feagai-8867.html,2,0,33,,,,,Rugby Club Toulonnais (2021 - 2022) | Sporting Union Agenais (2022 - 2024) | RFC Los Angeles (2024 - 2025)
PROD2,NIC,Massimo ORTOLAN,https://www.allrugby.com/joueurs/massimo-ortolan-6058.html,1,0,48,,,,,Rugby Club Vannes (2025 - 2025) | Soyaux-Angoulême XV Charente (2025 - 2025) | Nissa Rugby (2025 - 2027)
PROD2,NIC,Adrien PAGANOTTO,https://www.allrugby.com/joueurs/adrien-paganotto-9977.html,,,,,,,,Sporting Union Agenais (2020 - 2025) | US Marmande (2025 - 2026)
PROD2,NIC,Alexandre EVERAERT,https://www.allrugby.com/joueurs/alexandre-everaert-15860.html,,,,,,,,ASM Clermont Auvergne (2019 - 2023) | Sporting Union Agenais (2023 - 2027)
PROD2,NIC,Nacho NAVARRETE,https://www.allrugby.com/joueurs/nacho-navarrete-21175.html,,,,,,,,Nissa Rugby (2025 - 2027)
PROD2,NIC,Bastien DARRÉ,https://www.allrugby.com/joueurs/bastien-darre-21330.html,,,,,,,,Sporting Union Agenais (2021 - 2027)
PROD2,NIC,Wassim KODAD,https://www.allrugby.com/joueurs/wassim-kodad-18318.html,,,,,,,,USON Nevers Rugby (2024 - 2025) | US Carcassonne (2025 - 2026) | Nissa Rugby (2026 - 2027)
PROD2,NIC,Brice HOARAU,https://www.allrugby.com/joueurs/brice-hoarau-14462.html,,,,,,,,Sporting Union Agenais (2017 - 2025) | AS Fleurance (2025 - 2026)
PROD2,NIC,Clovis SAMARUT,https://www.allrugby.com/joueurs/clovis-samarut-18341.html,,,,,,,,Sporting Union Agenais (2023 - 2026) | 4 Cantons Bastides Haut Agenais Périgord (2026 - 2027)
PROD2,NIC,Elyan DUTHIL,https://www.allrugby.com/joueurs/elyan-duthil-21463.html,,,,,,,,Sporting Union Agenais (2021 - 2025) | Castres Olympique (2025 - 2027)
PROD2,NIC,Andy BOSSERAY,https://www.allrugby.com/joueurs/andy-bosseray-23779.html,,,,,,,,Nissa Rugby (2023 - 2027)
PROD2,NIC,Julien KOTEUREU,https://www.allrugby.com/joueurs/julien-koteureu-18340.html,1,1,52,,,,,RC Saint-Gilles (2017 - 2018) | Union Rugby Club Dumbéa (2018 - 2019) | Sporting Union Agenais (2019 - 2027)
PROD2,NIC,Émile BLONDIN,https://www.allrugby.com/joueurs/emile-blondin-21344.html,,,,,,,,FC Grenoble Rugby (2020 - 2025) | Nissa Rugby (2025 - 2027)
PROD2,NIC,Maïno PAKIHIVATAU,https://www.allrugby.com/joueurs/maino-pakihivatau-9976.html,1,0,15,,,,,Sporting Union Agenais (2020 - 2024) | US Marmande (2024 - 2026)
PROD2,NIC,Juan José BERGAMASCHI,https://www.allrugby.com/joueurs/juan-jose-bergamaschi-22836.html,,,,,,,,Nissa Rugby (2025 - 2027)
PROD2,NIC,Mathis GENSUL,https://www.allrugby.com/joueurs/mathis-gensul-18342.html,,,,,,,,Sanary Ovalie (2016 - 2018) | Union Sportive Seynoise (2018 - 2021) | Sporting Union Agenais (2021 - 2025)
PROD2,NIC,Noah DERON,https://www.allrugby.com/joueurs/noah-deron-18348.html,,,,,,,,Sporting Union Agenais (2018 - 2026)
PROD2,NIC,Hugo ZAMORA,https://www.allrugby.com/joueurs/hugo-zamora-22786.html,,,,,,,,Stade Rochelais (2021 - 2026) | Nissa Rugby (2026 - 2027)
PROD2,NIC,Lylian ZÉLIOLI,https://www.allrugby.com/joueurs/lylian-zelioli-21617.html,4,1,91,,,,,Nissa Rugby (2021 - 2027)
PROD2,NIC,Riley PULU,https://www.allrugby.com/joueurs/riley-pulu-13787.html,,,,,,,,Sporting Union Agenais (2022 - 2024) | Union Sportive Arlequins Perpignanais (2024 - 2026)
PROD2,NIC,Antoine CASTAIGNÈDE,https://www.allrugby.com/joueurs/antoine-castaignede-23266.html,,,,,,,,Stade Toulousain (2017 - 2023) | Stade Montois Rugby Pro (2023 - 2025) | Nissa Rugby (2025 - 2027)
PROD2,NIC,Jules BERTOLIN,https://www.allrugby.com/joueurs/jules-bertolin-23747.html,,,,,,,,Rugby Club Nîmois (2022 - 2023) | Rugby Club Toulonnais (2023 - 2026) | Nissa Rugby (2026 - 2027)
PROD2,NIC,Clément FLAMBART,https://www.allrugby.com/joueurs/clement-flambart-22255.html,3,0,14,,,,,Nissa Rugby (2019 - 2027)
PROD2,NIC,Clovis CHIZAT,https://www.allrugby.com/joueurs/clovis-chizat-18458.html,,,,,,,,Sporting Union Agenais (2020 - 2024) | US Colomiers (2024 - 2027)
PROD2,NIC,Giorgi KHAINDRAVA,https://www.allrugby.com/joueurs/giorgi-khaindrava-17772.html,2,0,33,1,,,,Union Bordeaux-Bègles (2024 - 2026) | Nissa Rugby (2026 - 2027)
PROD2,NIC,Deyan NEPVEUX,https://www.allrugby.com/joueurs/deyan-nepveux-22357.html,,,,,,,,Sporting Union Agenais (2015 - 2027)
PROD2,NIC,Ethan VINCENT,https://www.allrugby.com/joueurs/ethan-vincent-18351.html,,,,,,,,Sporting Union Agenais (2010 - 2025)
PROD2,NIC,Samuel BIELLE-BIARREY,https://www.allrugby.com/joueurs/samuel-bielle-biarrey-21786.html,3,0,39,,,,,FC Grenoble Rugby (2017 - 2026) | Nissa Rugby (2026 - 2027)
PROD2,NIC,Grégory ROBERT,https://www.allrugby.com/joueurs/gregory-robert-15452.html,,,,,,,,US Bergerac Rugby (2011 - 2017) | Sporting Union Agenais (2017 - 2024) | US Bergerac Rugby (2024 - 2025)
PROD2,NIC,Andi BERGER,https://www.allrugby.com/joueurs/andi-berger-23688.html,,,,,,,,Rugby Olympique de Grasse (2023 - 2025) | Nissa Rugby (2025 - 2027)
PROD2,NIC,Jules JEUNEHOMME,https://www.allrugby.com/joueurs/jules-jeunehomme-18345.html,,,,,,,,Sporting Union Agenais (2020 - 2025) | Anglet Olympique Rugby Club (2025 - 2026)
PROD2,NIC,Noah NIEL,https://www.allrugby.com/joueurs/noah-niel-23750.html,,,,,,,,Rugby Club Toulonnais (2019 - 2024) | Nissa Rugby (2024 - 2027)
PROD2,NIC,Maé RIVIÈRE,https://www.allrugby.com/joueurs/mae-riviere-21331.html,,,,,,,,Pessac (2016 - 2022) | Sporting Union Agenais (2022 - 2027)
PROD2,NIC,Walter DESMAISON,https://www.allrugby.com/joueurs/walter-desmaison-1941.html,1,0,32,,,,,FC Grenoble Rugby (2015 - 2017) | Stade Montois Rugby Pro (2017 - 2019) | Sporting Union Agenais (2019 - 2024)
PROD2,ANG,Élias COULIBALY,https://www.allrugby.com/joueurs/elias-coulibaly-12191.html,1,0,24,,,,2027-06-30,RC Suresnes (2022 - 2026) | Soyaux-Angoulême XV Charente (2026 - 2027)
PROD2,ANG,Georgy BALAKAREV,https://www.allrugby.com/joueurs/georgy-balakarev-14294.html,2,0,59,,,,2027-06-30,Soyaux-Angoulême XV Charente (2021 - 2027)
PROD2,ANG,Jean-Yves LIUFAU,https://www.allrugby.com/joueurs/jean-yves-liufau-13712.html,1,0,20,,,,2027-06-30,ASM Clermont Auvergne (2022 - 2025) | Soyaux-Angoulême XV Charente (2025 - 2027)
PROD2,ANG,Alex BURIN,https://www.allrugby.com/joueurs/alex-burin-7289.html,24,17,1067,1,,,,Sporting Union Agenais (2017 - 2026) | Castres Olympique (2026 - 2027)
PROD2,ANG,Paul TAILHADES,https://www.allrugby.com/joueurs/paul-tailhades-5275.html,13,7,525,,,,2027-06-30,Stade Montois Rugby Pro (2024 - 2024) | Section Paloise Béarn Pyrénées (2024 - 2024) | Soyaux-Angoulême XV Charente (2024 - 2027)
PROD2,ANG,Pone FA'AMAUSILI,https://www.allrugby.com/joueurs/pone-faamausili-6900.html,2,1,62,,,,2027-06-30,New South Wales Waratahs (2024 - 2024) | Moana Pasifika (2024 - 2025) | Soyaux-Angoulême XV Charente (2025 - 2027)
PROD2,ANG,Sami ZOUHAÏR,https://www.allrugby.com/joueurs/sami-zouhair-6948.html,3,3,157,1,,,2027-06-30,Lyon Olympique Universitaire Rugby (2020 - 2020) | Valence Romans Drôme Rugby (2020 - 2023) | Soyaux-Angoulême XV Charente (2023 - 2027)
PROD2,ANG,Seydou DIAKITÉ,https://www.allrugby.com/joueurs/seydou-diakite-13750.html,18,10,791,1,,,2027-06-30,Soyaux-Angoulême XV Charente (2019 - 2027)
PROD2,ANG,Yassin BOUTEMMANI,https://www.allrugby.com/joueurs/yassin-boutemmani-1792.html,3,2,159,,,,2021-06-30,Soyaux-Angoulême XV Charente (2021 - 2021) | Union Sportive Montalbanaise (2022 - 2022) | Soyaux-Angoulême XV Charente (2022 - 2027)
PROD2,ANG,Mamoudou MEÏTÉ,https://www.allrugby.com/joueurs/mamoudou-meite-12129.html,2,2,96,1,,,2024-06-30,Soyaux-Angoulême XV Charente (2024 - 2024) | Stade Français Paris Rugby (2025 - 2025) | Soyaux-Angoulême XV Charente (2025 - 2027)
PROD2,ANG,Beau FARRANCE,https://www.allrugby.com/joueurs/beau-farrance-8270.html,15,4,530,,,,,Stado Tarbes Pyrénées Rugby (2023 - 2023) | Sporting Union Agenais (2023 - 2026) | Nissa Rugby (2026 - 2027)
PROD2,ANG,Mathieu BONNOT,https://www.allrugby.com/joueurs/mathieu-bonnot-2484.html,3,0,94,,,,2027-06-30,Stado Tarbes Pyrénées Rugby (2018 - 2019) | Rouen Normandie Rugby (2019 - 2026) | Soyaux-Angoulême XV Charente (2026 - 2027)
PROD2,ANG,Patxi BIDART,https://www.allrugby.com/joueurs/patxi-bidart-11036.html,1,1,50,,,,2027-06-30,Stade Montois Rugby Pro (2020 - 2021) | Soyaux-Angoulême XV Charente (2021 - 2027)
PROD2,ANG,Enzo MORAND-BRUYAT,https://www.allrugby.com/joueurs/enzo-morand-bruyat-14296.html,15,5,537,1,,,2027-06-30,Soyaux-Angoulême XV Charente (2011 - 2027)
PROD2,ANG,Giorgi JAVAKHIA,https://www.allrugby.com/joueurs/giorgi-javakhia-4391.html,3,3,208,,,,2027-06-30,FC Grenoble Rugby (2026 - 2026) | Rugby Club Toulonnais (2026 - 2026) | Soyaux-Angoulême XV Charente (2026 - 2027)
PROD2,ANG,Léo LABARTHE,https://www.allrugby.com/joueurs/leo-labarthe-13706.html,3,1,139,,,,2024-06-30,Soyaux-Angoulême XV Charente (2024 - 2024) | Stade Toulousain (2025 - 2025) | Soyaux-Angoulême XV Charente (2025 - 2027)
PROD2,ANG,Léo MORAND-BRUYAT,https://www.allrugby.com/joueurs/leo-morand-bruyat-14297.html,1,1,80,,,,2027-06-30,Soyaux-Angoulême XV Charente (2011 - 2027)
PROD2,ANG,Florent GUION,https://www.allrugby.com/joueurs/florent-guion-5163.html,1,0,32,,,,2019-06-30,Soyaux-Angoulême XV Charente (2017 - 2019) | Rouen Normandie Rugby (2019 - 2021) | Sporting Union Agenais (2021 - 2027)
PROD2,ANG,Matt BEUKEBOOM,https://www.allrugby.com/joueurs/matt-beukeboom-4427.html,1,1,41,,,,2027-06-30,Union Sportive Montalbanaise (2019 - 2021) | Union Sportive Bressane Pays de l'Ain (2021 - 2022) | Soyaux-Angoulême XV Charente (2022 - 2027)
PROD2,ANG,Hans LOMBARD-BURET,https://www.allrugby.com/joueurs/hans-lombard-buret-6129.html,2,2,110,,,,,Stade Toulousain (2015 - 2018) | Sporting Union Agenais (2018 - 2027)
PROD2,ANG,Richie ARNOLD,https://www.allrugby.com/joueurs/richie-arnold-6688.html,20,18,1276,,,,2027-06-30,Shizuoka Blue Revs (2020 - 2020) | Stade Toulousain (2020 - 2025) | Soyaux-Angoulême XV Charente (2025 - 2027)
PROD2,ANG,Adrian MITU,https://www.allrugby.com/joueurs/adrian-mitu-14030.html,2,0,40,,,,2022-06-30,Soyaux-Angoulême XV Charente (2020 - 2022) | Section Paloise Béarn Pyrénées (2022 - 2024) | Soyaux-Angoulême XV Charente (2024 - 2027)
PROD2,ANG,Clément SENTUBÉRY,https://www.allrugby.com/joueurs/clement-sentubery-11499.html,3,3,225,,,,2027-06-30,Stade Toulousain (2021 - 2024) | Soyaux-Angoulême XV Charente (2024 - 2027)
PROD2,ANG,Germain BURGAUD,https://www.allrugby.com/joueurs/germain-burgaud-8460.html,24,16,1418,2,,,2027-06-30,Stade Nantais (2016 - 2020) | Stade Olympique Chambéry (2020 - 2021) | Soyaux-Angoulême XV Charente (2021 - 2027)
PROD2,ANG,Malik HAMADACHE,https://www.allrugby.com/joueurs/malik-hamadache-1497.html,7,6,313,,,,,Section Paloise Béarn Pyrénées (2016 - 2021) | Montpellier Hérault Rugby (2021 - 2022) | Sporting Union Agenais (2022 - 2024)
PROD2,ANG,Hubert TEXIER,https://www.allrugby.com/joueurs/hubert-texier-11112.html,2,2,117,,,,2021-06-30,Soyaux-Angoulême XV Charente (2021 - 2021) | Section Paloise Béarn Pyrénées (2022 - 2022) | Soyaux-Angoulême XV Charente (2022 - 2027)
PROD2,ANG,Jean-Maurice DECUBBER,https://www.allrugby.com/joueurs/jean-maurice-decubber-6019.html,1,0,12,1,,,2027-06-30,Rugby Club Massy Essonne (2021 - 2023) | Rugby Club Vannes (2023 - 2025) | Soyaux-Angoulême XV Charente (2025 - 2027)
PROD2,ANG,Mamuka MSTOIANI,https://www.allrugby.com/joueurs/mamuka-mstoiani-11285.html,2,2,108,,,,,Sporting Union Agenais (2021 - 2026) | US Colomiers (2026 - 2027)
PROD2,ANG,Lucas COSTA,https://www.allrugby.com/joueurs/lucas-costa-12041.html,2,1,85,2,,,2027-06-30,Rouen Normandie Rugby (2021 - 2026) | Soyaux-Angoulême XV Charente (2026 - 2027)
PROD2,ANG,Maxence LEMARDELET,https://www.allrugby.com/joueurs/maxence-lemardelet-5811.html,3,2,150,,,,2023-06-30,Soyaux-Angoulême XV Charente (2023 - 2023) | Association Sportive Béziers Hérault (2024 - 2024) | Soyaux-Angoulême XV Charente (2024 - 2027)
PROD2,ANG,Samuel NOLLET,https://www.allrugby.com/joueurs/samuel-nollet-9194.html,2,1,90,2,,,2027-06-30,Sporting Union Agenais (2023 - 2023) | Rugby Club Massy Essonne (2023 - 2024) | Soyaux-Angoulême XV Charente (2024 - 2027)
PROD2,ANG,Alexis LEVRON,https://www.allrugby.com/joueurs/alexis-levron-9778.html,3,2,131,2,,,2027-06-30,Section Paloise Béarn Pyrénées (2023 - 2023) | Stado Tarbes Pyrénées Rugby (2023 - 2023) | Soyaux-Angoulême XV Charente (2023 - 2027)
PROD2,ANG,Richard BARRINGTON,https://www.allrugby.com/joueurs/richard-barrington-2255.html,18,1,374,,,,,Sporting Union Agenais (2022 - 2024) | Ampthill Rugby (2024 - 2027)
PROD2,ANG,Baptiste ESCOFFRE,https://www.allrugby.com/joueurs/baptiste-escoffre-20650.html,3,1,99,,,,2027-06-30,Section Paloise Béarn Pyrénées (2024 - 2025) | Soyaux-Angoulême XV Charente (2025 - 2027)
PROD2,ANG,Gela APRASIDZE,https://www.allrugby.com/joueurs/gela-aprasidze-5464.html,12,4,333,,,,2027-06-30,Aviron Bayonnais (2023 - 2024) | Union Sportive Arlequins Perpignanais (2024 - 2026) | Soyaux-Angoulême XV Charente (2026 - 2027)
PROD2,ANG,Ben BOTICA,https://www.allrugby.com/joueurs/ben-botica-2644.html,3,2,220,1,,,2022-06-30,Soyaux-Angoulême XV Charente (2022 - 2022) | Castres Olympique (2023 - 2023) | Soyaux-Angoulême XV Charente (2023 - 2027)
PROD2,ANG,Corentin GLÉNAT,https://www.allrugby.com/joueurs/corentin-glenat-5315.html,10,8,641,,,,2027-06-30,FC Grenoble Rugby (2013 - 2023) | Soyaux-Angoulême XV Charente (2023 - 2027)
PROD2,ANG,Théo SAUZARET,https://www.allrugby.com/joueurs/theo-sauzaret-8376.html,2,0,54,,,,,Stade Olympique Chambéry (2020 - 2022) | Sporting Union Agenais (2022 - 2024) | US Carcassonne (2024 - 2027)
PROD2,ANG,Paul BERGÈS,https://www.allrugby.com/joueurs/paul-berges-18301.html,2,2,160,,,,2027-06-30,Stade Toulousain (2014 - 2025) | Soyaux-Angoulême XV Charente (2025 - 2027)
PROD2,ANG,Arthur PROULT,https://www.allrugby.com/joueurs/arthur-proult-8830.html,2,0,40,,,,2027-06-30,RC Suresnes (2020 - 2023) | Rugby Club Vannes (2023 - 2024) | Soyaux-Angoulême XV Charente (2024 - 2027)
PROD2,ANG,Avakuki NIUSALELEKITOGA,https://www.allrugby.com/joueurs/avakuki-niusalelekitoga-17861.html,3,2,180,1,,,2027-06-30,Soyaux-Angoulême XV Charente (2024 - 2027)
PROD2,ANG,Clément MARTINEZ,https://www.allrugby.com/joueurs/clement-martinez-5465.html,3,1,118,2,,,,Sporting Union Agenais (2019 - 2024) | Biarritz Olympique Pays Basque (2024 - 2026) | Nissa Rugby (2026 - 2027)
PROD2,ANG,George TILSLEY,https://www.allrugby.com/joueurs/george-tilsley-3529.html,18,10,925,,,,2027-06-30,Sporting Union Agenais (2024 - 2024) | Stade Toulousain (2024 - 2024) | Soyaux-Angoulême XV Charente (2024 - 2027)
PROD2,ANG,Ledua MAU,https://www.allrugby.com/joueurs/ledua-mau-3594.html,1,1,60,,,,2027-06-30,Soyaux-Angoulême XV Charente (2016 - 2027)
PROD2,ANG,Mathis LAFON,https://www.allrugby.com/joueurs/mathis-lafon-10870.html,3,3,200,,,,2021-06-30,Soyaux-Angoulême XV Charente (2021 - 2021) | Stade Rochelais (2022 - 2022) | Soyaux-Angoulême XV Charente (2022 - 2027)
PROD2,ANG,Eoghan BARRETT,https://www.allrugby.com/joueurs/eoghan-barrett-6578.html,12,12,845,3,,,2027-06-30,Section Paloise Béarn Pyrénées (2018 - 2023) | Soyaux-Angoulême XV Charente (2023 - 2027)
PROD2,ANG,Jules DUBECQ,https://www.allrugby.com/joueurs/jules-dubecq-8273.html,19,17,1321,5,,,2027-06-30,US Dax Rugby Landes (2018 - 2019) | Soyaux-Angoulême XV Charente (2019 - 2027)
PROD2,ANG,Kaminieli RASAKU,https://www.allrugby.com/joueurs/kaminieli-rasaku-8007.html,3,3,240,2,,,2027-06-30,FC Grenoble Rugby (2026 - 2026) | Chennai Bulls (2026 - 2026) | Soyaux-Angoulême XV Charente (2026 - 2027)
PROD2,ANG,Nathan FARISSIER,https://www.allrugby.com/joueurs/nathan-farissier-9289.html,3,3,229,,,,2027-06-30,Lyon Olympique Universitaire Rugby (2023 - 2023) | FC Grenoble Rugby (2023 - 2024) | Soyaux-Angoulême XV Charente (2024 - 2027)
PROD2,ANG,Noé DARRÉLATOUR,https://www.allrugby.com/joueurs/noe-darrelatour-20541.html,1,1,80,,,,2027-06-30,Rugby Club du Bassin d'Arcachon (2019 - 2022) | Soyaux-Angoulême XV Charente (2022 - 2027)
PROD2,ANG,Peter LYDON,https://www.allrugby.com/joueurs/peter-lydon-1364.html,4,4,278,,,,2024-06-30,Soyaux-Angoulême XV Charente (2024 - 2024) | US Dax Rugby Landes (2025 - 2025) | Soyaux-Angoulême XV Charente (2025 - 2027)
PROD2,ANG,Rémi BROSSET,https://www.allrugby.com/joueurs/remi-brosset-6981.html,1,1,10,,,,2027-06-30,Biarritz Olympique Pays Basque (2020 - 2022) | Soyaux-Angoulême XV Charente (2022 - 2027)
PROD2,ANG,Adrien PAGANOTTO,https://www.allrugby.com/joueurs/adrien-paganotto-9977.html,,,,,,,,Sporting Union Agenais (2020 - 2025) | US Marmande (2025 - 2026)
PROD2,ANG,Kaliova BULAI,https://www.allrugby.com/joueurs/kaliova-bulai-20728.html,,,,,,,2027-06-30,Soyaux-Angoulême XV Charente (2025 - 2027)
PROD2,ANG,Alexandre EVERAERT,https://www.allrugby.com/joueurs/alexandre-everaert-15860.html,,,,,,,,ASM Clermont Auvergne (2019 - 2023) | Sporting Union Agenais (2023 - 2027)
PROD2,ANG,Bastien DARRÉ,https://www.allrugby.com/joueurs/bastien-darre-21330.html,,,,,,,,Sporting Union Agenais (2021 - 2027)
PROD2,ANG,Clément SENNELIER,https://www.allrugby.com/joueurs/clement-sennelier-18228.html,,,,,,,2027-06-30,Club Athlétique Bordeaux Bègles Gironde (2017 - 2024) | Union Bordeaux-Bègles (2024 - 2026) | Soyaux-Angoulême XV Charente (2026 - 2027)
PROD2,ANG,Brice HOARAU,https://www.allrugby.com/joueurs/brice-hoarau-14462.html,,,,,,,,Sporting Union Agenais (2017 - 2025) | AS Fleurance (2025 - 2026)
PROD2,ANG,Romain BORKOWSKI,https://www.allrugby.com/joueurs/romain-borkowski-23146.html,,,,,,,2027-06-30,Rugby Club de Saint-Médard en Jalles (2018 - 2026) | Soyaux-Angoulême XV Charente (2026 - 2027)
PROD2,ANG,Charli TAINMONT,https://www.allrugby.com/joueurs/charli-tainmont-21517.html,,,,,,,2027-06-30,Olympique Marcquois Rugby (2023 - 2024) | Soyaux-Angoulême XV Charente (2024 - 2027)
PROD2,ANG,Clovis SAMARUT,https://www.allrugby.com/joueurs/clovis-samarut-18341.html,,,,,,,,Sporting Union Agenais (2023 - 2026) | 4 Cantons Bastides Haut Agenais Périgord (2026 - 2027)
PROD2,ANG,Iliesa ERENAVULA,https://www.allrugby.com/joueurs/iliesa-erenavula-17862.html,5,3,270,,,,2027-06-30,High Performance Unit (2024 - 2025) | Soyaux-Angoulême XV Charente (2025 - 2027)
PROD2,ANG,Elyan DUTHIL,https://www.allrugby.com/joueurs/elyan-duthil-21463.html,,,,,,,,Sporting Union Agenais (2021 - 2025) | Castres Olympique (2025 - 2027)
PROD2,ANG,Pierre-Antoine RATIVEAU,https://www.allrugby.com/joueurs/pierre-antoine-rativeau-22701.html,,,,,,,2027-06-30,OL Besançon (2025 - 2026) | Soyaux-Angoulême XV Charente (2026 - 2027)
PROD2,ANG,Antonin DUMAS,https://www.allrugby.com/joueurs/antonin-dumas-23521.html,,,,,,,2027-06-30,Stade Nantais (2019 - 2025) | Soyaux-Angoulême XV Charente (2025 - 2027)
PROD2,ANG,Julien KOTEUREU,https://www.allrugby.com/joueurs/julien-koteureu-18340.html,1,1,52,,,,,RC Saint-Gilles (2017 - 2018) | Union Rugby Club Dumbéa (2018 - 2019) | Sporting Union Agenais (2019 - 2027)
PROD2,ANG,Emilio BRANCA,https://www.allrugby.com/joueurs/emilio-branca-22515.html,,,,,,,2027-06-30,Oyonnax Rugby (2023 - 2025) | USON Nevers Rugby (2025 - 2026) | Soyaux-Angoulême XV Charente (2026 - 2027)
PROD2,ANG,Maïno PAKIHIVATAU,https://www.allrugby.com/joueurs/maino-pakihivatau-9976.html,1,0,15,,,,,Sporting Union Agenais (2020 - 2024) | US Marmande (2024 - 2026)
PROD2,ANG,Giorgi SUTIASHVILI,https://www.allrugby.com/joueurs/giorgi-sutiashvili-23001.html,,,,,,,2027-06-30,Soyaux-Angoulême XV Charente (2026 - 2027)
PROD2,ANG,Mathis GENSUL,https://www.allrugby.com/joueurs/mathis-gensul-18342.html,,,,,,,,Sanary Ovalie (2016 - 2018) | Union Sportive Seynoise (2018 - 2021) | Sporting Union Agenais (2021 - 2025)
PROD2,ANG,Ratu Nemani KURUCAKE,https://www.allrugby.com/joueurs/ratu-nemani-kurucake-17866.html,3,0,62,,,,2027-06-30,Soyaux-Angoulême XV Charente (2024 - 2027)
PROD2,ANG,Noah DERON,https://www.allrugby.com/joueurs/noah-deron-18348.html,,,,,,,,Sporting Union Agenais (2018 - 2026)
PROD2,ANG,Riley PULU,https://www.allrugby.com/joueurs/riley-pulu-13787.html,,,,,,,,Sporting Union Agenais (2022 - 2024) | Union Sportive Arlequins Perpignanais (2024 - 2026)
PROD2,ANG,Luca GARNUNG,https://www.allrugby.com/joueurs/luca-garnung-22594.html,,,,,,,2027-06-30,Club Athlétique Bordeaux Bègles Gironde (2023 - 2025) | Sporting Union Agenais (2025 - 2026) | Soyaux-Angoulême XV Charente (2026 - 2027)
PROD2,ANG,Nathan BERNADET,https://www.allrugby.com/joueurs/nathan-bernadet-21498.html,,,,,,,2027-06-30,Section Paloise Béarn Pyrénées (2020 - 2025) | Soyaux-Angoulême XV Charente (2025 - 2027)
PROD2,ANG,Clovis CHIZAT,https://www.allrugby.com/joueurs/clovis-chizat-18458.html,,,,,,,,Sporting Union Agenais (2020 - 2024) | US Colomiers (2024 - 2027)
PROD2,ANG,Deyan NEPVEUX,https://www.allrugby.com/joueurs/deyan-nepveux-22357.html,,,,,,,,Sporting Union Agenais (2015 - 2027)
PROD2,ANG,Katende TUMBA,https://www.allrugby.com/joueurs/katende-tumba-18859.html,2,1,111,,,,2027-06-30,Soyaux-Angoulême XV Charente (2014 - 2027)
PROD2,ANG,Ethan VINCENT,https://www.allrugby.com/joueurs/ethan-vincent-18351.html,,,,,,,,Sporting Union Agenais (2010 - 2025)
PROD2,ANG,Grégory ROBERT,https://www.allrugby.com/joueurs/gregory-robert-15452.html,,,,,,,,US Bergerac Rugby (2011 - 2017) | Sporting Union Agenais (2017 - 2024) | US Bergerac Rugby (2024 - 2025)
PROD2,ANG,Adrien BAU,https://www.allrugby.com/joueurs/adrien-bau-1458.html,1,1,60,,,,2027-06-30,Association Sportive Béziers Hérault (2026 - 2026) | Soyaux-Angoulême XV Charente (2027 - 2027) | Association Sportive Béziers Hérault (2027 - 2027)
PROD2,ANG,Walter DESMAISON,https://www.allrugby.com/joueurs/walter-desmaison-1941.html,1,0,32,,,,,FC Grenoble Rugby (2015 - 2017) | Stade Montois Rugby Pro (2017 - 2019) | Sporting Union Agenais (2019 - 2024)
PROD2,DAX,David LOLOHEA,https://www.allrugby.com/joueurs/david-lolohea-6047.html,3,0,108,,,,2027-06-30,USON Nevers Rugby (2018 - 2021) | Provence Rugby (2021 - 2023) | US Dax Rugby Landes (2023 - 2027)
PROD2,DAX,Diogo Hasse FERREIRA,https://www.allrugby.com/joueurs/diogo-hasse-ferreira-9260.html,14,2,454,,,,2027-06-30,Aparejadores Rugby (2019 - 2020) | Stade Dijonnais (2020 - 2021) | US Dax Rugby Landes (2021 - 2027)
PROD2,DAX,Mathys VIGEON,https://www.allrugby.com/joueurs/mathys-vigeon-21034.html,2,1,71,,,,2022-06-30,US Dax Rugby Landes (2022 - 2022) | Naves Section Lagraulière (2023 - 2023) | US Dax Rugby Landes (2023 - 2027)
PROD2,DAX,Alex BURIN,https://www.allrugby.com/joueurs/alex-burin-7289.html,24,17,1067,1,,,,Sporting Union Agenais (2017 - 2026) | Castres Olympique (2026 - 2027)
PROD2,DAX,Nephi LEATIGAGA,https://www.allrugby.com/joueurs/nephi-leatigaga-5080.html,2,2,91,1,,,2027-06-30,Leicester Tigers (2023 - 2023) | New South Wales Waratahs (2023 - 2023) | US Dax Rugby Landes (2023 - 2027)
PROD2,DAX,Raphaêl LABOILLE,https://www.allrugby.com/joueurs/raphael-laboille-15208.html,2,1,77,1,,,2027-06-30,US Tyrosse (2021 - 2022) | US Dax Rugby Landes (2022 - 2027)
PROD2,DAX,Thibaud DRÉAN,https://www.allrugby.com/joueurs/thibaud-drean-2824.html,3,2,133,1,,,2018-06-30,US Dax Rugby Landes (2010 - 2018) | US Carcassonne (2018 - 2019) | US Dax Rugby Landes (2019 - 2027)
PROD2,DAX,Ian BOUBILA,https://www.allrugby.com/joueurs/ian-boubila-11087.html,10,6,396,3,,,2027-06-30,Provence Rugby (2024 - 2025) | US Carcassonne (2025 - 2026) | US Dax Rugby Landes (2026 - 2027)
PROD2,DAX,Beau FARRANCE,https://www.allrugby.com/joueurs/beau-farrance-8270.html,15,4,530,,,,,Stado Tarbes Pyrénées Rugby (2023 - 2023) | Sporting Union Agenais (2023 - 2026) | Nissa Rugby (2026 - 2027)
PROD2,DAX,Louis BARRÈRE,https://www.allrugby.com/joueurs/louis-barrere-8577.html,3,3,164,,,,2027-06-30,Section Paloise Béarn Pyrénées (2019 - 2022) | US Dax Rugby Landes (2022 - 2027)
PROD2,DAX,Paul LAPERNE,https://www.allrugby.com/joueurs/paul-laperne-15472.html,3,0,76,1,,,2027-06-30,Biarritz Olympique Pays Basque (2018 - 2023) | US Dax Rugby Landes (2023 - 2027)
PROD2,DAX,Alexandre MANUKULA,https://www.allrugby.com/joueurs/alexandre-manukula-5183.html,1,0,28,,,,2027-06-30,Union Sportive Montalbanaise (2024 - 2024) | US Colomiers (2024 - 2024) | US Dax Rugby Landes (2024 - 2027)
PROD2,DAX,Charlie MATTHEWS,https://www.allrugby.com/joueurs/charlie-matthews-2660.html,23,22,1696,,,,2027-06-30,Harlequins (2022 - 2023) | Biarritz Olympique Pays Basque (2023 - 2025) | US Dax Rugby Landes (2025 - 2027)
PROD2,DAX,Etienne LOIRET,https://www.allrugby.com/joueurs/etienne-loiret-5120.html,3,1,102,,,,2018-06-30,US Dax Rugby Landes (2018 - 2018) | Aviron Bayonnais (2019 - 2019) | US Dax Rugby Landes (2019 - 2027)
PROD2,DAX,Jean-Baptiste SINGER,https://www.allrugby.com/joueurs/jean-baptiste-singer-2476.html,1,1,59,,,,2027-06-30,Biarritz Olympique Pays Basque (2016 - 2020) | Stade Aurillacois Cantal Auvergne (2020 - 2023) | US Dax Rugby Landes (2023 - 2027)
PROD2,DAX,Florent GUION,https://www.allrugby.com/joueurs/florent-guion-5163.html,1,0,32,,,,,Soyaux-Angoulême XV Charente (2017 - 2019) | Rouen Normandie Rugby (2019 - 2021) | Sporting Union Agenais (2021 - 2027)
PROD2,DAX,Ratu NACIKA,https://www.allrugby.com/joueurs/ratu-nacika-15630.html,2,2,121,1,,,2027-06-30,US Dax Rugby Landes (2023 - 2027)
PROD2,DAX,Hans LOMBARD-BURET,https://www.allrugby.com/joueurs/hans-lombard-buret-6129.html,2,2,110,,,,,Stade Toulousain (2015 - 2018) | Sporting Union Agenais (2018 - 2027)
PROD2,DAX,Théo MERCADIER,https://www.allrugby.com/joueurs/theo-mercadier-15246.html,13,7,606,,,,2027-06-30,Section Paloise Béarn Pyrénées (2023 - 2024) | Sporting Club Albigeois (2024 - 2026) | US Dax Rugby Landes (2026 - 2027)
PROD2,DAX,Arnaud ALETTI,https://www.allrugby.com/joueurs/arnaud-aletti-5591.html,3,3,196,,,,2027-06-30,RC Aubenas Vals (2018 - 2019) | US Dax Rugby Landes (2019 - 2027)
PROD2,DAX,Ben SA'U,https://www.allrugby.com/joueurs/ben-sa-u-23147.html,,,,,,,2027-06-30,US Dax Rugby Landes (2026 - 2027)
PROD2,DAX,Brice FERRER,https://www.allrugby.com/joueurs/brice-ferrer-4618.html,2,2,160,,,,2027-06-30,Stado Tarbes Pyrénées Rugby (2016 - 2017) | Stade Olympique Chambéry (2017 - 2018) | US Dax Rugby Landes (2018 - 2027)
PROD2,DAX,Jean-Baptiste BARRÈRE,https://www.allrugby.com/joueurs/jean-baptiste-barrere-1506.html,2,2,160,,,,2027-06-30,Association Sportive Béziers Hérault (2015 - 2023) | US Dax Rugby Landes (2023 - 2027)
PROD2,DAX,Malik HAMADACHE,https://www.allrugby.com/joueurs/malik-hamadache-1497.html,7,6,313,,,,,Section Paloise Béarn Pyrénées (2016 - 2021) | Montpellier Hérault Rugby (2021 - 2022) | Sporting Union Agenais (2022 - 2024)
PROD2,DAX,Mamuka MSTOIANI,https://www.allrugby.com/joueurs/mamuka-mstoiani-11285.html,2,2,108,,,,,Sporting Union Agenais (2021 - 2026) | US Colomiers (2026 - 2027)
PROD2,DAX,Malo HANNOYER,https://www.allrugby.com/joueurs/malo-hannoyer-17907.html,1,0,17,,,,2027-06-30,Stade Bordelais (2019 - 2023) | US Dax Rugby Landes (2023 - 2027)
PROD2,DAX,Matéo LACROIX,https://www.allrugby.com/joueurs/mateo-lacroix-18293.html,1,0,25,,,,2027-06-30,Stade Toulousain (2022 - 2025) | US Dax Rugby Landes (2025 - 2027)
PROD2,DAX,Paul Arnaud AUSSET,https://www.allrugby.com/joueurs/paul-arnaud-ausset-8291.html,3,3,223,2,,,2027-06-30,US Dax Rugby Landes (2022 - 2027)
PROD2,DAX,Sam WASLEY,https://www.allrugby.com/joueurs/sam-wasley-15382.html,2,1,82,1,,,2027-06-30,Ciencias Rugby Séville (2021 - 2023) | US Dax Rugby Landes (2023 - 2027)
PROD2,DAX,Richard BARRINGTON,https://www.allrugby.com/joueurs/richard-barrington-2255.html,18,1,374,,,,,Sporting Union Agenais (2022 - 2024) | Ampthill Rugby (2024 - 2027)
PROD2,DAX,Paul RAVIER,https://www.allrugby.com/joueurs/paul-ravier-4577.html,3,2,144,1,,,2027-06-30,AS Mâcon Rugby (2019 - 2021) | Blagnac (2021 - 2023) | US Dax Rugby Landes (2023 - 2027)
PROD2,DAX,Sylvère RÉTEAU,https://www.allrugby.com/joueurs/sylvere-reteau-3665.html,2,1,86,,,,2027-06-30,US Dax Rugby Landes (2004 - 2027)
PROD2,DAX,Xan MARILUZ,https://www.allrugby.com/joueurs/xan-mariluz-22479.html,1,0,17,,,,2027-06-30,Aviron Bayonnais (2021 - 2026) | US Dax Rugby Landes (2026 - 2027)
PROD2,DAX,Hugo CERISIER,https://www.allrugby.com/joueurs/hugo-cerisier-13783.html,30,14,1208,,,,2027-06-30,US Dax Rugby Landes (2016 - 2027)
PROD2,DAX,Théo SAUZARET,https://www.allrugby.com/joueurs/theo-sauzaret-8376.html,2,0,54,,,,,Stade Olympique Chambéry (2020 - 2022) | Sporting Union Agenais (2022 - 2024) | US Carcassonne (2024 - 2027)
PROD2,DAX,Mathys PARDIES,https://www.allrugby.com/joueurs/mathys-pardies-21790.html,2,0,24,,,,2027-06-30,US Tyrosse (2021 - 2023) | US Dax Rugby Landes (2023 - 2027)
PROD2,DAX,Romuald SÉGUY,https://www.allrugby.com/joueurs/romuald-seguy-3455.html,3,3,223,,,,2027-06-30,US Carcassonne (2019 - 2021) | US Colomiers (2021 - 2023) | US Dax Rugby Landes (2023 - 2027)
PROD2,DAX,Bastien DAGUERRE,https://www.allrugby.com/joueurs/bastien-daguerre-14304.html,3,3,240,2,,,2027-06-30,US Tyrosse (2017 - 2020) | Soyaux-Angoulême XV Charente (2020 - 2023) | US Dax Rugby Landes (2023 - 2027)
PROD2,DAX,Benjamin PUNTOUS,https://www.allrugby.com/joueurs/benjamin-pintous-5422.html,3,1,93,,,,2027-06-30,Union Sportive Montalbanaise (2019 - 2023) | US Dax Rugby Landes (2023 - 2027)
PROD2,DAX,Clément MARTINEZ,https://www.allrugby.com/joueurs/clement-martinez-5465.html,3,1,118,2,,,,Sporting Union Agenais (2019 - 2024) | Biarritz Olympique Pays Basque (2024 - 2026) | Nissa Rugby (2026 - 2027)
PROD2,DAX,Hugo FOURQUET,https://www.allrugby.com/joueurs/hugo-fourquet-12325.html,10,5,455,1,,,2027-06-30,Aviron Bayonnais (2018 - 2022) | US Dax Rugby Landes (2022 - 2027)
PROD2,DAX,Jope NASEARA,https://www.allrugby.com/joueurs/jope-naseara-16425.html,3,2,166,3,,,2027-06-30,US Dax Rugby Landes (2023 - 2027)
PROD2,DAX,Louis COUGET,https://www.allrugby.com/joueurs/louis-couget-17610.html,2,1,60,1,,,2027-06-30,Aviron Bayonnais (2018 - 2024) | US Dax Rugby Landes (2024 - 2027)
PROD2,DAX,Maxime OLTMANN,https://www.allrugby.com/joueurs/maxime-oltmann-5128.html,3,3,230,,,,2027-06-30,US Carcassonne (2017 - 2020) | Stado Tarbes Pyrénées Rugby (2020 - 2023) | US Dax Rugby Landes (2023 - 2027)
PROD2,DAX,Naïm BEN ALLA,https://www.allrugby.com/joueurs/naim-ben-alla-17949.html,2,2,160,1,,,2027-06-30,US Carcassonne (2024 - 2025) | US Dax Rugby Landes (2025 - 2027)
PROD2,DAX,Théo GATELIER,https://www.allrugby.com/joueurs/theo-gatelier-5423.html,16,16,1269,5,,,2027-06-30,Mugron (2016 - 2017) | US Dax Rugby Landes (2017 - 2027)
PROD2,DAX,Théo DUPRAT,https://www.allrugby.com/joueurs/theo-duprat-11037.html,3,3,214,,,,2027-06-30,Stade Montois Rugby Pro (2020 - 2022) | US Dax Rugby Landes (2022 - 2027)
PROD2,DAX,Adrien PAGANOTTO,https://www.allrugby.com/joueurs/adrien-paganotto-9977.html,,,,,,,,Sporting Union Agenais (2020 - 2025) | US Marmande (2025 - 2026)
PROD2,DAX,Loris LARTIGAU,https://www.allrugby.com/joueurs/loris-lartigau-23616.html,,,,,,,2027-06-30,Saint-Paul Sports Rugby (2020 - 2023) | US Dax Rugby Landes (2023 - 2027)
PROD2,DAX,Maxime CASENAVE,https://www.allrugby.com/joueurs/maxime-casenave-20621.html,,,,,,,2027-06-30,Aviron Bayonnais (2025 - 2026) | US Dax Rugby Landes (2026 - 2027)
PROD2,DAX,Alexandre EVERAERT,https://www.allrugby.com/joueurs/alexandre-everaert-15860.html,,,,,,,,ASM Clermont Auvergne (2019 - 2023) | Sporting Union Agenais (2023 - 2027)
PROD2,DAX,Bastien DARRÉ,https://www.allrugby.com/joueurs/bastien-darre-21330.html,,,,,,,,Sporting Union Agenais (2021 - 2027)
PROD2,DAX,Aubin CAZAUBON,https://www.allrugby.com/joueurs/aubin-cazaubon-23654.html,,,,,,,2027-06-30,Stado Tarbes Pyrénées Rugby (2019 - 2022) | Section Paloise Béarn Pyrénées (2022 - 2026) | US Dax Rugby Landes (2026 - 2027)
PROD2,DAX,Leonardo DERUGNA,https://www.allrugby.com/joueurs/leonardo-derugna-22865.html,,,,,,,2027-06-30,Montpellier Hérault Rugby (2025 - 2026) | US Dax Rugby Landes (2026 - 2027)
PROD2,DAX,Brice HOARAU,https://www.allrugby.com/joueurs/brice-hoarau-14462.html,,,,,,,,Sporting Union Agenais (2017 - 2025) | AS Fleurance (2025 - 2026)
PROD2,DAX,Patxi GONY,https://www.allrugby.com/joueurs/patxi-gony-18190.html,,,,,,,2027-06-30,US Tyrosse (2019 - 2022) | US Dax Rugby Landes (2022 - 2027)
PROD2,DAX,Clovis SAMARUT,https://www.allrugby.com/joueurs/clovis-samarut-18341.html,,,,,,,,Sporting Union Agenais (2023 - 2026) | 4 Cantons Bastides Haut Agenais Périgord (2026 - 2027)
PROD2,DAX,Elyan DUTHIL,https://www.allrugby.com/joueurs/elyan-duthil-21463.html,,,,,,,,Sporting Union Agenais (2021 - 2025) | Castres Olympique (2025 - 2027)
PROD2,DAX,Taïno ANDREBE,https://www.allrugby.com/joueurs/taino-andrebe-21332.html,,,,,,,2027-06-30,Stade Toulousain (2022 - 2024) | Sporting Union Agenais (2024 - 2025) | US Dax Rugby Landes (2025 - 2027)
PROD2,DAX,Arthur IUNG,https://www.allrugby.com/joueurs/arthur-iung-22866.html,,,,,,,2027-06-30,Biscarrosse Olympique Rugby (2021 - 2022) | Rugby Club Nord Landes (2022 - 2024) | US Dax Rugby Landes (2024 - 2027)
PROD2,DAX,Julien KOTEUREU,https://www.allrugby.com/joueurs/julien-koteureu-18340.html,1,1,52,,,,,RC Saint-Gilles (2017 - 2018) | Union Rugby Club Dumbéa (2018 - 2019) | Sporting Union Agenais (2019 - 2027)
PROD2,DAX,Maïno PAKIHIVATAU,https://www.allrugby.com/joueurs/maino-pakihivatau-9976.html,1,0,15,,,,,Sporting Union Agenais (2020 - 2024) | US Marmande (2024 - 2026)
PROD2,DAX,Evan CHATELAIN,https://www.allrugby.com/joueurs/evan-chatelain-18135.html,,,,,,,2027-06-30,US Carcassonne (2023 - 2025) | US Dax Rugby Landes (2025 - 2027)
PROD2,DAX,Julien LAVERAN,https://www.allrugby.com/joueurs/julien-laveran-15419.html,3,2,139,,,,2027-06-30,Saint Jean-de-Luz Olympique Rugby (2023 - 2024) | US Dax Rugby Landes (2024 - 2027)
PROD2,DAX,Logan DUBOIS,https://www.allrugby.com/joueurs/logan-dubois-16366.html,1,1,73,,,,2027-06-30,Rugby Club Toulonnais (2016 - 2024) | US Dax Rugby Landes (2024 - 2027)
PROD2,DAX,Mathis GENSUL,https://www.allrugby.com/joueurs/mathis-gensul-18342.html,,,,,,,,Sanary Ovalie (2016 - 2018) | Union Sportive Seynoise (2018 - 2021) | Sporting Union Agenais (2021 - 2025)
PROD2,DAX,Noah DERON,https://www.allrugby.com/joueurs/noah-deron-18348.html,,,,,,,,Sporting Union Agenais (2018 - 2026)
PROD2,DAX,Gaspar LAFFONT,https://www.allrugby.com/joueurs/gaspar-laffont-22864.html,,,,,,,2027-06-30,Stade Toulousain (2018 - 2026) | US Dax Rugby Landes (2026 - 2027)
PROD2,DAX,Matthias DUFFO,https://www.allrugby.com/joueurs/matthias-duffo-22700.html,,,,,,,2027-06-30,Entente Sportive Baronnies (2022 - 2023) | Stado Tarbes Pyrénées Rugby (2023 - 2026) | US Dax Rugby Landes (2026 - 2027)
PROD2,DAX,Riley PULU,https://www.allrugby.com/joueurs/riley-pulu-13787.html,,,,,,,,Sporting Union Agenais (2022 - 2024) | Union Sportive Arlequins Perpignanais (2024 - 2026)
PROD2,DAX,Hugo ETCHEBARNE,https://www.allrugby.com/joueurs/hugo-etchebarne-22867.html,,,,,,,2027-06-30,Section Paloise Béarn Pyrénées (2022 - 2026) | US Dax Rugby Landes (2026 - 2027)
PROD2,DAX,Martin BONHOURE,https://www.allrugby.com/joueurs/martin-bonhoure-18308.html,,,,,,,2027-06-30,CA Périgueux Dordogne (2021 - 2025) | US Dax Rugby Landes (2025 - 2027)
PROD2,DAX,Jekope SOVAU,https://www.allrugby.com/joueurs/jekope-sovau-20355.html,3,0,66,,,,2027-06-30,US Dax Rugby Landes (2025 - 2027)
PROD2,DAX,Clovis CHIZAT,https://www.allrugby.com/joueurs/clovis-chizat-18458.html,,,,,,,,Sporting Union Agenais (2020 - 2024) | US Colomiers (2024 - 2027)
PROD2,DAX,Julien AGUER,https://www.allrugby.com/joueurs/julien-aguer-18576.html,,,,,,,2027-06-30,Aviron Bayonnais (2024 - 2025) | US Dax Rugby Landes (2025 - 2027)
PROD2,DAX,Matys COURTADE,https://www.allrugby.com/joueurs/matys-courtade-22869.html,,,,,,,2027-06-30,Stade Montois Rugby Pro (2024 - 2025) | US Dax Rugby Landes (2025 - 2027)
PROD2,DAX,Deyan NEPVEUX,https://www.allrugby.com/joueurs/deyan-nepveux-22357.html,,,,,,,,Sporting Union Agenais (2015 - 2027)
PROD2,DAX,Ronan FAVRAU,https://www.allrugby.com/joueurs/ronan-favrau-18411.html,,,,,,,2027-06-30,Club Athlétique Bordeaux Bègles Gironde (2019 - 2023) | Union Bordeaux-Bègles (2023 - 2025) | US Dax Rugby Landes (2025 - 2027)
PROD2,DAX,Ethan VINCENT,https://www.allrugby.com/joueurs/ethan-vincent-18351.html,,,,,,,,Sporting Union Agenais (2010 - 2025)
PROD2,DAX,Lucas COURTADE,https://www.allrugby.com/joueurs/lucas-courtade-22868.html,,,,,,,2027-06-30,Stade Montois Rugby Pro (2021 - 2025) | US Dax Rugby Landes (2025 - 2027)
PROD2,DAX,Grégory ROBERT,https://www.allrugby.com/joueurs/gregory-robert-15452.html,,,,,,,,US Bergerac Rugby (2011 - 2017) | Sporting Union Agenais (2017 - 2024) | US Bergerac Rugby (2024 - 2025)
PROD2,DAX,Jules JEUNEHOMME,https://www.allrugby.com/joueurs/jules-jeunehomme-18345.html,,,,,,,,Sporting Union Agenais (2020 - 2025) | Anglet Olympique Rugby Club (2025 - 2026)
PROD2,DAX,Julian FOURCAUD,https://www.allrugby.com/joueurs/julian-fourcaud-22870.html,,,,,,,2027-06-30,US Dax Rugby Landes (2024 - 2027)
PROD2,DAX,Maé RIVIÈRE,https://www.allrugby.com/joueurs/mae-riviere-21331.html,,,,,,,,Pessac (2016 - 2022) | Sporting Union Agenais (2022 - 2027)
PROD2,DAX,Walter DESMAISON,https://www.allrugby.com/joueurs/walter-desmaison-1941.html,1,0,32,,,,,FC Grenoble Rugby (2015 - 2017) | Stade Montois Rugby Pro (2017 - 2019) | Sporting Union Agenais (2019 - 2024)
PROD2,NAR,Abraham POLE,https://www.allrugby.com/joueurs/abraham-pole-13457.html,2,1,100,,,,,Otago (2025 - 2025) | Moana Pasifika (2025 - 2026) | Racing Club Narbonnais (2026 - 2027)
PROD2,NAR,Baptiste COLLET,https://www.allrugby.com/joueurs/baptiste-collet-10078.html,2,0,73,1,,,,Blagnac (2022 - 2024) | Stade Olympique Chambéry (2024 - 2026) | Racing Club Narbonnais (2026 - 2027)
PROD2,NAR,Charlesty BERGUET,https://www.allrugby.com/joueurs/charlesty-berguet-7652.html,2,1,60,,,,,Stade Montois Rugby Pro (2022 - 2022) | Rugby Club Vannes (2022 - 2026) | Racing Club Narbonnais (2026 - 2027)
PROD2,NAR,Facundo POMPONIO,https://www.allrugby.com/joueurs/facundo-pomponio-7335.html,2,2,103,,,,,American Raptors (2023 - 2024) | Union Sportive Montalbanaise (2024 - 2026) | Racing Club Narbonnais (2026 - 2027)
PROD2,NAR,Alex BURIN,https://www.allrugby.com/joueurs/alex-burin-7289.html,24,17,1067,1,,,,Sporting Union Agenais (2017 - 2026) | Castres Olympique (2026 - 2027)
PROD2,NAR,Loïc VARENNE,https://www.allrugby.com/joueurs/loic-varenne-18176.html,1,0,23,,,,,Stade Toulousain (2018 - 2026) | Racing Club Narbonnais (2026 - 2027)
PROD2,NAR,Mattéo LALANNE,https://www.allrugby.com/joueurs/matteo-lalanne-11050.html,2,1,64,,,,,Stade Montois Rugby Pro (2014 - 2025) | Racing Club Narbonnais (2025 - 2027)
PROD2,NAR,Thomas CRÉTU,https://www.allrugby.com/joueurs/thomas-cretu-10176.html,1,0,8,,,,,Sporting Club Albigeois (2024 - 2025) | US Dax Rugby Landes (2025 - 2026) | Racing Club Narbonnais (2026 - 2027)
PROD2,NAR,Thomas VERNET,https://www.allrugby.com/joueurs/thomas-vernet-3314.html,1,1,57,,,,,Provence Rugby (2018 - 2026) | Racing Club Narbonnais (2026 - 2027)
PROD2,NAR,Beau FARRANCE,https://www.allrugby.com/joueurs/beau-farrance-8270.html,15,4,530,,,,,Stado Tarbes Pyrénées Rugby (2023 - 2023) | Sporting Union Agenais (2023 - 2026) | Nissa Rugby (2026 - 2027)
PROD2,NAR,Dan JOOSTE,https://www.allrugby.com/joueurs/dan-jooste-9168.html,2,2,103,1,,,,Sharks Rugby Club (2020 - 2024) | Section Paloise Béarn Pyrénées (2024 - 2025) | Racing Club Narbonnais (2025 - 2027)
PROD2,NAR,Gabriel ATLAN,https://www.allrugby.com/joueurs/gabriel-atlan-11735.html,11,2,264,1,,,,Racing Club Narbonnais (2010 - 2027)
PROD2,NAR,Jules VEYRIER,https://www.allrugby.com/joueurs/jules-veyrier-16348.html,2,1,64,1,,,,Rugby Club Nîmois (2018 - 2019) | Montpellier Hérault Rugby (2019 - 2025) | Racing Club Narbonnais (2025 - 2027)
PROD2,NAR,Stefan BURUIANA,https://www.allrugby.com/joueurs/stefan-buruiana-17166.html,2,0,73,,,,,Castres Olympique (2026 - 2026) | Sporting Club Albigeois (2026 - 2026) | Racing Club Narbonnais (2026 - 2027)
PROD2,NAR,Clément BITZ,https://www.allrugby.com/joueurs/clement-bitz-4392.html,2,2,110,,,,,Association Sportive Béziers Hérault (2020 - 2024) | Union Sportive Montalbanaise (2024 - 2026) | Racing Club Narbonnais (2026 - 2027)
PROD2,NAR,Louis DESCOUX,https://www.allrugby.com/joueurs/louis-descoux-12944.html,1,0,16,,,,,US Colomiers (2017 - 2025) | Racing Club Narbonnais (2025 - 2027)
PROD2,NAR,Florent GUION,https://www.allrugby.com/joueurs/florent-guion-5163.html,1,0,32,,,,,Soyaux-Angoulême XV Charente (2017 - 2019) | Rouen Normandie Rugby (2019 - 2021) | Sporting Union Agenais (2021 - 2027)
PROD2,NAR,Morgan MAGA,https://www.allrugby.com/joueurs/morgan-maga-13805.html,3,2,163,,,,,ASM Clermont Auvergne (2017 - 2022) | Racing Club Narbonnais (2022 - 2027)
PROD2,NAR,Ruben SCHOEMAN,https://www.allrugby.com/joueurs/ruben-schoeman-9137.html,2,2,140,,,,,Lions Rugby (2019 - 2026) | Racing Club Narbonnais (2026 - 2027)
PROD2,NAR,Hans LOMBARD-BURET,https://www.allrugby.com/joueurs/hans-lombard-buret-6129.html,2,2,110,,,,,Stade Toulousain (2015 - 2018) | Sporting Union Agenais (2018 - 2027)
PROD2,NAR,Simon HUCHET,https://www.allrugby.com/joueurs/simon-huchet-14766.html,3,1,101,,,,,Stade Rochelais (2018 - 2026) | Racing Club Narbonnais (2026 - 2027)
PROD2,NAR,Victor MOREAUX,https://www.allrugby.com/joueurs/victor-moreaux-2376.html,2,0,54,,,,,Racing Club Narbonnais (2025 - 2025) | Union Sportive Montalbanaise (2026 - 2026) | Racing Club Narbonnais (2026 - 2027)
PROD2,NAR,Caleb TIMU,https://www.allrugby.com/joueurs/caleb-timu-6142.html,2,2,112,1,,,,ASM Clermont Auvergne (2023 - 2024) | US Colomiers (2024 - 2026) | Racing Club Narbonnais (2026 - 2027)
PROD2,NAR,Chlayton FRANS,https://www.allrugby.com/joueurs/chlayton-frans-16155.html,2,1,100,1,,,,Warringah Rugby Club (2023 - 2026) | Racing Club Narbonnais (2026 - 2027)
PROD2,NAR,Édouard RICHER,https://www.allrugby.com/joueurs/edouard-richer-16337.html,2,2,160,,,,,Stade Rochelais (2019 - 2026) | Racing Club Narbonnais (2026 - 2027)
PROD2,NAR,Malik HAMADACHE,https://www.allrugby.com/joueurs/malik-hamadache-1497.html,7,6,313,,,,,Section Paloise Béarn Pyrénées (2016 - 2021) | Montpellier Hérault Rugby (2021 - 2022) | Sporting Union Agenais (2022 - 2024)
PROD2,NAR,Jeff GOUFAN,https://www.allrugby.com/joueurs/jeff-goufan-7712.html,9,8,604,1,,,,Rugby Club Vannes (2015 - 2020) | Niort RC (2020 - 2026) | Racing Club Narbonnais (2026 - 2027)
PROD2,NAR,Loan LAVERGNE,https://www.allrugby.com/joueurs/loan-lavergne-10863.html,1,1,80,,,,,CA Brive Corrèze Limousin (2018 - 2025) | Racing Club Narbonnais (2025 - 2027)
PROD2,NAR,Mamuka MSTOIANI,https://www.allrugby.com/joueurs/mamuka-mstoiani-11285.html,2,2,108,,,,,Sporting Union Agenais (2021 - 2026) | US Colomiers (2026 - 2027)
PROD2,NAR,Matéo LAVASELÉ,https://www.allrugby.com/joueurs/mateo-lavasele-14496.html,11,9,556,1,,,,Racing Club Narbonnais (2025 - 2025) | Union Bordeaux-Bègles (2026 - 2026) | Racing Club Narbonnais (2026 - 2027)
PROD2,NAR,Naël SOUID,https://www.allrugby.com/joueurs/nael-souid-18828.html,1,1,80,2,,,,Racing 92 (2021 - 2025) | Racing Club Narbonnais (2025 - 2027)
PROD2,NAR,Paul BELZONS,https://www.allrugby.com/joueurs/paul-belzons-2186.html,3,1,118,,,,,Soyaux-Angoulême XV Charente (2018 - 2021) | Racing Club Narbonnais (2021 - 2027)
PROD2,NAR,Richard BARRINGTON,https://www.allrugby.com/joueurs/richard-barrington-2255.html,18,1,374,,,,,Sporting Union Agenais (2022 - 2024) | Ampthill Rugby (2024 - 2027)
PROD2,NAR,Cameron WRIGHT,https://www.allrugby.com/joueurs/cameron-wright-3478.html,2,1,82,,,,,Sharks Rugby Club (2025 - 2025) | Oyonnax Rugby (2025 - 2025) | Racing Club Narbonnais (2025 - 2027)
PROD2,NAR,Imanol BISCAY,https://www.allrugby.com/joueurs/imanol-biscay-15782.html,3,2,128,,,,,Biarritz Olympique Pays Basque (2022 - 2026) | Racing Club Narbonnais (2026 - 2027)
PROD2,NAR,Pablo BARBASTE,https://www.allrugby.com/joueurs/pablo-barbaste-13966.html,7,4,271,,,,,Racing Club Narbonnais (2009 - 2027)
PROD2,NAR,Théo SAUZARET,https://www.allrugby.com/joueurs/theo-sauzaret-8376.html,2,0,54,,,,,Stade Olympique Chambéry (2020 - 2022) | Sporting Union Agenais (2022 - 2024) | US Carcassonne (2024 - 2027)
PROD2,NAR,Théo BÉVIA,https://www.allrugby.com/joueurs/theo-bevia-20502.html,1,0,30,,,,,Racing Club Narbonnais (2011 - 2027)
PROD2,NAR,Hugo GOYENECH,https://www.allrugby.com/joueurs/hugo-goyenech-17612.html,1,0,18,,,,,US Tyrosse (2025 - 2026) | Racing Club Narbonnais (2026 - 2027)
PROD2,NAR,Lubabalo DOBELA,https://www.allrugby.com/joueurs/lubabalo-dobela-20160.html,1,1,80,,,,,Lions Rugby (2024 - 2026) | Racing Club Narbonnais (2026 - 2027)
PROD2,NAR,Tom CHAUVET,https://www.allrugby.com/joueurs/tom-chauvet-8129.html,2,1,82,,,,,Stade Montois Rugby Pro (2019 - 2021) | Rugby Club Châteaurenard (2021 - 2022) | Racing Club Narbonnais (2022 - 2027)
PROD2,NAR,Clément MARTINEZ,https://www.allrugby.com/joueurs/clement-martinez-5465.html,3,1,118,2,,,,Sporting Union Agenais (2019 - 2024) | Biarritz Olympique Pays Basque (2024 - 2026) | Nissa Rugby (2026 - 2027)
PROD2,NAR,Apisai NAQALEVU,https://www.allrugby.com/joueurs/apisai-naqalevu-3571.html,21,16,1314,4,,,,ASM Clermont Auvergne (2018 - 2023) | Union Sportive Arlequins Perpignanais (2023 - 2025) | Racing Club Narbonnais (2025 - 2027)
PROD2,NAR,Faletoi PENI,https://www.allrugby.com/joueurs/faletoi-peni-18304.html,1,1,49,,,,,Southland Stags (2025 - 2025) | Moana Pasifika (2025 - 2026) | Racing Club Narbonnais (2026 - 2027)
PROD2,NAR,Hugo NAVIZET,https://www.allrugby.com/joueurs/hugo-navizet-11006.html,3,3,240,1,,,,Provence Rugby (2019 - 2025) | RC Suresnes (2025 - 2026) | Racing Club Narbonnais (2026 - 2027)
PROD2,NAR,Morrison MABOPE,https://www.allrugby.com/joueurs/ike-anagu-12402.html,1,1,45,,,,,Rugby Club du Bassin d'Arcachon (2025 - 2026) | Racing Club Narbonnais (2026 - 2027)
PROD2,NAR,Solomon ALAIMALO,https://www.allrugby.com/joueurs/solomona-alaimalo-6708.html,2,2,160,,,,,Northland Taniwha (2025 - 2025) | Moana Pasifika (2025 - 2026) | Racing Club Narbonnais (2026 - 2027)
PROD2,NAR,Théo GOMEZ,https://www.allrugby.com/joueurs/theo-gomez-13967.html,3,2,191,,,,,Stado Tarbes Pyrénées Rugby (2019 - 2021) | Racing Club Narbonnais (2021 - 2027)
PROD2,NAR,Titoan ROUVELET,https://www.allrugby.com/joueurs/titoan-rouvelet-15289.html,1,0,36,,,,,Racing Club Narbonnais (2026 - 2027)
PROD2,NAR,Aphiwe DYANTYI,https://www.allrugby.com/joueurs/aphiwe-dyantyi-6138.html,6,6,470,2,,,,Sharks Rugby Club (2023 - 2024) | Bulls (2024 - 2025) | Racing Club Narbonnais (2025 - 2027)
PROD2,NAR,Axel BÉVIA,https://www.allrugby.com/joueurs/axel-bevia-9670.html,1,1,80,,,,,Montpellier Hérault Rugby (2024 - 2024) | Stade Aurillacois Cantal Auvergne (2024 - 2026) | Racing Club Narbonnais (2026 - 2027)
PROD2,NAR,Clément CLAVIÈRES,https://www.allrugby.com/joueurs/clement-clavieres-8252.html,3,3,222,3,,,,Castres Olympique (2019 - 2022) | US Carcassonne (2022 - 2023) | Racing Club Narbonnais (2023 - 2027)
PROD2,NAR,Gabin PIPY,https://www.allrugby.com/joueurs/gabin-pipy-22723.html,1,1,44,,,,,Racing Club Narbonnais (2024 - 2027)
PROD2,NAR,Mike SOSENE-FEAGAI,https://www.allrugby.com/joueurs/michelangelo-sosene-feagai-8867.html,2,0,33,,,,,Rugby Club Toulonnais (2021 - 2022) | Sporting Union Agenais (2022 - 2024) | RFC Los Angeles (2024 - 2025)
PROD2,NAR,Victor HANNOUN,https://www.allrugby.com/joueurs/victor-hannoun-14460.html,2,2,160,1,,,,Aviron Bayonnais (2018 - 2026) | Racing Club Narbonnais (2026 - 2027)
PROD2,NAR,Hugo CLAUZEL,https://www.allrugby.com/joueurs/hugo-clauzel-15726.html,10,10,673,5,,,,Association Sportive Béziers Hérault (2020 - 2023) | Racing Club Narbonnais (2023 - 2027)
PROD2,NAR,Thibault SANTORO,https://www.allrugby.com/joueurs/thibault-santoro-13965.html,2,2,150,,,,,Racing Club Narbonnais (2017 - 2021) | Blagnac (2021 - 2022) | Racing Club Narbonnais (2022 - 2027)
PROD2,NAR,Pierre JOUVIN,https://www.allrugby.com/joueurs/pierre-jouvin-14463.html,2,1,70,,,,,RC Buguois (2012 - 2018) | Sporting Union Agenais (2018 - 2027)
PROD2,NAR,Adrien PAGANOTTO,https://www.allrugby.com/joueurs/adrien-paganotto-9977.html,,,,,,,,Sporting Union Agenais (2020 - 2025) | US Marmande (2025 - 2026)
PROD2,NAR,Leny ANTOINE,https://www.allrugby.com/joueurs/leny-antoine-20615.html,,,,,,,,Racing Club Narbonnais (2017 - 2027)
PROD2,NAR,Alexandre EVERAERT,https://www.allrugby.com/joueurs/alexandre-everaert-15860.html,,,,,,,,ASM Clermont Auvergne (2019 - 2023) | Sporting Union Agenais (2023 - 2027)
PROD2,NAR,Thomas BARRIENTOS,https://www.allrugby.com/joueurs/thomas-barrientos-23667.html,,,,,,,,Racing Club Narbonnais (2014 - 2027)
PROD2,NAR,Bastien DARRÉ,https://www.allrugby.com/joueurs/bastien-darre-21330.html,,,,,,,,Sporting Union Agenais (2021 - 2027)
PROD2,NAR,Brice HOARAU,https://www.allrugby.com/joueurs/brice-hoarau-14462.html,,,,,,,,Sporting Union Agenais (2017 - 2025) | AS Fleurance (2025 - 2026)
PROD2,NAR,Clovis SAMARUT,https://www.allrugby.com/joueurs/clovis-samarut-18341.html,,,,,,,,Sporting Union Agenais (2023 - 2026) | 4 Cantons Bastides Haut Agenais Périgord (2026 - 2027)
PROD2,NAR,Timo GARIN,https://www.allrugby.com/joueurs/timo-garin-18484.html,,,,,,,,FC Grenoble Rugby (2026 - 2026) | Association Sportive Béziers Hérault (2026 - 2026) | Racing Club Narbonnais (2026 - 2027)
PROD2,NAR,Berdan FILIZ,https://www.allrugby.com/joueurs/berdan-filiz-23078.html,,,,,,,,RC Jacou Montpellier Nord (2022 - 2025) | Racing Club Narbonnais (2025 - 2027)
PROD2,NAR,Elyan DUTHIL,https://www.allrugby.com/joueurs/elyan-duthil-21463.html,,,,,,,,Sporting Union Agenais (2021 - 2025) | Castres Olympique (2025 - 2027)
PROD2,NAR,Mattéo FAINTRENIE,https://www.allrugby.com/joueurs/matteo-faintrenie-21184.html,1,1,68,,,,,CA Brive Corrèze Limousin (2026 - 2026) | Sporting Club Albigeois (2026 - 2026) | Racing Club Narbonnais (2026 - 2027)
PROD2,NAR,Julien KOTEUREU,https://www.allrugby.com/joueurs/julien-koteureu-18340.html,1,1,52,,,,,RC Saint-Gilles (2017 - 2018) | Union Rugby Club Dumbéa (2018 - 2019) | Sporting Union Agenais (2019 - 2027)
PROD2,NAR,Baptiste LEROY,https://www.allrugby.com/joueurs/baptiste-leroy-23130.html,,,,,,,,RC Pont-à-Mousson (2023 - 2026) | Racing Club Narbonnais (2026 - 2027)
PROD2,NAR,Maïno PAKIHIVATAU,https://www.allrugby.com/joueurs/maino-pakihivatau-9976.html,1,0,15,,,,,Sporting Union Agenais (2020 - 2024) | US Marmande (2024 - 2026)
PROD2,NAR,Mathis GENSUL,https://www.allrugby.com/joueurs/mathis-gensul-18342.html,,,,,,,,Sanary Ovalie (2016 - 2018) | Union Sportive Seynoise (2018 - 2021) | Sporting Union Agenais (2021 - 2025)
PROD2,NAR,Nicolas BERMEJO,https://www.allrugby.com/joueurs/nicolas-bermejo-22719.html,,,,,,,,Association Sportive Béziers Hérault (2023 - 2026) | Racing Club Narbonnais (2026 - 2027)
PROD2,NAR,Nil ROLANDO,https://www.allrugby.com/joueurs/nil-rolando-20686.html,,,,,,,,FC Grenoble Rugby (2024 - 2025) | Racing Club Narbonnais (2025 - 2027)
PROD2,NAR,Noah DERON,https://www.allrugby.com/joueurs/noah-deron-18348.html,,,,,,,,Sporting Union Agenais (2018 - 2026)
PROD2,NAR,Raphaël LAVASELÉ,https://www.allrugby.com/joueurs/raphael-lavasele-23582.html,,,,,,,,Racing Club Narbonnais (2025 - 2025) | Section Paloise Béarn Pyrénées (2026 - 2026) | Racing Club Narbonnais (2026 - 2027)
PROD2,NAR,Gabin MARAIS,https://www.allrugby.com/joueurs/gabin-marais-22852.html,,,,,,,,Aubagne (2022 - 2023) | Union Sportive Seynoise (2023 - 2025) | Racing Club Narbonnais (2025 - 2027)
PROD2,NAR,Riley PULU,https://www.allrugby.com/joueurs/riley-pulu-13787.html,,,,,,,,Sporting Union Agenais (2022 - 2024) | Union Sportive Arlequins Perpignanais (2024 - 2026)
PROD2,NAR,Férréol ISSARNI,https://www.allrugby.com/joueurs/ferreol-issarni-22695.html,,,,,,,,Céret Sportif (2024 - 2025) | Racing Club Narbonnais (2025 - 2027)
PROD2,NAR,Clovis CHIZAT,https://www.allrugby.com/joueurs/clovis-chizat-18458.html,,,,,,,,Sporting Union Agenais (2020 - 2024) | US Colomiers (2024 - 2027)
PROD2,NAR,Maxime SOUNAC,https://www.allrugby.com/joueurs/maxime-sounac-22826.html,,,,,,,,Association Ouveillan Cuxac (2012 - 2021) | Racing Club Narbonnais (2021 - 2027)
PROD2,NAR,Deyan NEPVEUX,https://www.allrugby.com/joueurs/deyan-nepveux-22357.html,,,,,,,,Sporting Union Agenais (2015 - 2027)
PROD2,NAR,Ethan VINCENT,https://www.allrugby.com/joueurs/ethan-vincent-18351.html,,,,,,,,Sporting Union Agenais (2010 - 2025)
PROD2,NAR,Grégory ROBERT,https://www.allrugby.com/joueurs/gregory-robert-15452.html,,,,,,,,US Bergerac Rugby (2011 - 2017) | Sporting Union Agenais (2017 - 2024) | US Bergerac Rugby (2024 - 2025)
PROD2,NAR,Jules JEUNEHOMME,https://www.allrugby.com/joueurs/jules-jeunehomme-18345.html,,,,,,,,Sporting Union Agenais (2020 - 2025) | Anglet Olympique Rugby Club (2025 - 2026)
PROD2,NAR,Esteban MORVAN,https://www.allrugby.com/joueurs/esteban-morvan-16364.html,,,,,,,,Rugby Club Toulonnais (2020 - 2026) | Racing Club Narbonnais (2026 - 2027)
PROD2,NAR,Maé RIVIÈRE,https://www.allrugby.com/joueurs/mae-riviere-21331.html,,,,,,,,Pessac (2016 - 2022) | Sporting Union Agenais (2022 - 2027)
PROD2,NAR,Evann SANS,https://www.allrugby.com/joueurs/evann-sans-23619.html,,,,,,,,Racing Club Narbonnais (2021 - 2027)
PROD2,NAR,Kylian DESTARAC,https://www.allrugby.com/joueurs/kylian-destarac-18302.html,,,,,,,,Stade Toulousain (2020 - 2026) | Racing Club Narbonnais (2026 - 2027)
PROD2,NAR,Millian OULDJI,https://www.allrugby.com/joueurs/millian-ouldji-18571.html,15,1,358,1,,,,Biarritz Olympique Pays Basque (2025 - 2027)
PROD2,NAR,Walter DESMAISON,https://www.allrugby.com/joueurs/walter-desmaison-1941.html,1,0,32,,,,,FC Grenoble Rugby (2015 - 2017) | Stade Montois Rugby Pro (2017 - 2019) | Sporting Union Agenais (2019 - 2024)
PROD2,AUR,Giorgi KARTVELISHVILI,https://www.allrugby.com/joueurs/giorgi-kartvelishvili-7835.html,3,1,125,,,,2027-06-30,Stade Aurillacois Cantal Auvergne (2019 - 2027)
PROD2,AUR,Gymaël JEAN-JACQUES,https://www.allrugby.com/joueurs/gymael-jean-jacques-5201.html,1,0,8,,,,2027-06-30,Sporting Club Albigeois (2017 - 2021) | Stade Aurillacois Cantal Auvergne (2021 - 2027)
PROD2,AUR,Alex BURIN,https://www.allrugby.com/joueurs/alex-burin-7289.html,24,17,1067,1,,,,Sporting Union Agenais (2017 - 2026) | Castres Olympique (2026 - 2027)
PROD2,AUR,Irakli MTCHEDLIDZE,https://www.allrugby.com/joueurs/irakli-mchedlidze-12267.html,3,1,133,1,,,2027-06-30,Stade Aurillacois Cantal Auvergne (2020 - 2027)
PROD2,AUR,Jean-Baptiste DE CLERCQ,https://www.allrugby.com/joueurs/jean-baptiste-de-clercq-3644.html,1,0,16,,,,2027-06-30,Union Sportive Bressane Pays de l'Ain (2022 - 2022) | Sporting Club Albigeois (2022 - 2026) | Stade Aurillacois Cantal Auvergne (2026 - 2027)
PROD2,AUR,Lasha TABIDZE,https://www.allrugby.com/joueurs/lasha-tabidze-3568.html,2,2,99,,,,2027-06-30,Biarritz Olympique Pays Basque (2022 - 2024) | Stade Olympique Chambéry (2024 - 2026) | Stade Aurillacois Cantal Auvergne (2026 - 2027)
PROD2,AUR,Mirian BURDULI,https://www.allrugby.com/joueurs/mirian-burduli-5429.html,18,7,655,,,,2027-06-30,Valence Romans Drôme Rugby (2019 - 2021) | Union Sportive Montalbanaise (2021 - 2025) | Stade Aurillacois Cantal Auvergne (2025 - 2027)
PROD2,AUR,Beau FARRANCE,https://www.allrugby.com/joueurs/beau-farrance-8270.html,15,4,530,,,,,Stado Tarbes Pyrénées Rugby (2023 - 2023) | Sporting Union Agenais (2023 - 2026) | Nissa Rugby (2026 - 2027)
PROD2,AUR,Paul DAUGUET,https://www.allrugby.com/joueurs/paul-dauguet-18282.html,2,0,52,,,,2027-06-30,Sporting Club Albigeois (2022 - 2024) | Stade Toulousain (2024 - 2025) | Stade Aurillacois Cantal Auvergne (2025 - 2027)
PROD2,AUR,Robbie RODGERS,https://www.allrugby.com/joueurs/robert-rodgers-8658.html,2,2,99,1,,,2027-06-30,Montpellier Hérault Rugby (2019 - 2022) | Stade Aurillacois Cantal Auvergne (2022 - 2027)
PROD2,AUR,Basa KHONELIDZE,https://www.allrugby.com/joueurs/basa-khonelidze-12268.html,1,0,28,,,,2027-06-30,Stade Aurillacois Cantal Auvergne (2021 - 2027)
PROD2,AUR,Luka NIORADZE,https://www.allrugby.com/joueurs/luka-nioradze-8108.html,3,1,113,1,,,2027-06-30,Stade Aurillacois Cantal Auvergne (2019 - 2027)
PROD2,AUR,Ronan LOUGHNANE,https://www.allrugby.com/joueurs/ronan-loughnane-11821.html,2,2,99,,,,2022-06-30,Stade Aurillacois Cantal Auvergne (2022 - 2022) | Munster Rugby (2022 - 2022) | Stade Aurillacois Cantal Auvergne (2022 - 2027)
PROD2,AUR,Florent GUION,https://www.allrugby.com/joueurs/florent-guion-5163.html,1,0,32,,,,,Soyaux-Angoulême XV Charente (2017 - 2019) | Rouen Normandie Rugby (2019 - 2021) | Sporting Union Agenais (2021 - 2027)
PROD2,AUR,Guga GANIASHVILI,https://www.allrugby.com/joueurs/guga-ganiashvili-11939.html,1,1,80,,,,2027-06-30,Black Lion (2024 - 2026) | Stade Aurillacois Cantal Auvergne (2026 - 2027)
PROD2,AUR,Hans LOMBARD-BURET,https://www.allrugby.com/joueurs/hans-lombard-buret-6129.html,2,2,110,,,,,Stade Toulousain (2015 - 2018) | Sporting Union Agenais (2018 - 2027)
PROD2,AUR,Martial ROLLAND,https://www.allrugby.com/joueurs/martial-rolland-6950.html,2,2,139,,,,2027-06-30,Lyon Olympique Universitaire Rugby (2013 - 2020) | Stade Aurillacois Cantal Auvergne (2020 - 2027)
PROD2,AUR,Mehdi SLAMANI,https://www.allrugby.com/joueurs/mehdi-slamani-13250.html,1,0,16,,,,2027-06-30,Stade Aurillacois Cantal Auvergne (2021 - 2027)
PROD2,AUR,Skip JONGEJAN,https://www.allrugby.com/joueurs/skip-jongejan-12068.html,2,2,148,,,,2027-06-30,Stade Aurillacois Cantal Auvergne (2020 - 2027)
PROD2,AUR,Stephan LE ROUX,https://www.allrugby.com/joueurs/stephan-le-roux-11228.html,3,1,52,,,,2027-06-30,Niort RC (2023 - 2026) | Stade Aurillacois Cantal Auvergne (2026 - 2027)
PROD2,AUR,Malik HAMADACHE,https://www.allrugby.com/joueurs/malik-hamadache-1497.html,7,6,313,,,,,Section Paloise Béarn Pyrénées (2016 - 2021) | Montpellier Hérault Rugby (2021 - 2022) | Sporting Union Agenais (2022 - 2024)
PROD2,AUR,Aleksandre BURDULI,https://www.allrugby.com/joueurs/aleksandre-burduli-11975.html,2,1,108,,,,2027-06-30,Racing Club Narbonnais (2021 - 2022) | Stade Aurillacois Cantal Auvergne (2022 - 2027)
PROD2,AUR,Ben HOUSTON,https://www.allrugby.com/joueurs/ben-houston-18868.html,2,2,160,3,,,2027-06-30,California Legion (2025 - 2026) | Stade Aurillacois Cantal Auvergne (2026 - 2027)
PROD2,AUR,Mamuka MSTOIANI,https://www.allrugby.com/joueurs/mamuka-mstoiani-11285.html,2,2,108,,,,,Sporting Union Agenais (2021 - 2026) | US Colomiers (2026 - 2027)
PROD2,AUR,Didier TISON,https://www.allrugby.com/joueurs/didier-tison-2546.html,25,19,1244,3,,,2027-06-30,Oyonnax Rugby (2018 - 2020) | Stade Aurillacois Cantal Auvergne (2020 - 2027)
PROD2,AUR,Eoghan MASTERSON,https://www.allrugby.com/joueurs/eoghan-masterson-3444.html,1,1,64,,,,2027-06-30,Stade Aurillacois Cantal Auvergne (2022 - 2027)
PROD2,AUR,Hugo HUURMAN,https://www.allrugby.com/joueurs/hugo-huurman-8890.html,17,8,769,1,,,2027-06-30,Stade Aurillacois Cantal Auvergne (2019 - 2027)
PROD2,AUR,Lucas DELORT,https://www.allrugby.com/joueurs/lucas-delort-20209.html,1,0,61,,,,2027-06-30,Stade Aurillacois Cantal Auvergne (2008 - 2027)
PROD2,AUR,Richard BARRINGTON,https://www.allrugby.com/joueurs/richard-barrington-2255.html,18,1,374,,,,,Sporting Union Agenais (2022 - 2024) | Ampthill Rugby (2024 - 2027)
PROD2,AUR,Mattéo COUSTALAT,https://www.allrugby.com/joueurs/matteo-coustalat-10042.html,2,1,52,,,,2027-06-30,Stado Tarbes Pyrénées Rugby (2022 - 2023) | Sporting Club Albigeois (2023 - 2026) | Stade Aurillacois Cantal Auvergne (2026 - 2027)
PROD2,AUR,Paulo TAUILIILI-PELESASA,https://www.allrugby.com/joueurs/paulo-tauiliili-pelesasa-14263.html,1,1,80,,,,2027-06-30,Section Paloise Béarn Pyrénées (2022 - 2026) | Stade Aurillacois Cantal Auvergne (2026 - 2027)
PROD2,AUR,Théo SAUZARET,https://www.allrugby.com/joueurs/theo-sauzaret-8376.html,2,0,54,,,,,Stade Olympique Chambéry (2020 - 2022) | Sporting Union Agenais (2022 - 2024) | US Carcassonne (2024 - 2027)
PROD2,AUR,Théo CAMBON,https://www.allrugby.com/joueurs/theo-cambon-8854.html,1,1,80,,,,2027-06-30,Stade Aurillacois Cantal Auvergne (2010 - 2027)
PROD2,AUR,Tim DE JONG,https://www.allrugby.com/joueurs/tim-de-jong-12170.html,2,2,150,2,,,2027-06-30,Stade Aurillacois Cantal Auvergne (2021 - 2027)
PROD2,AUR,Viliami TAULANI,https://www.allrugby.com/joueurs/viliami-taulani-11365.html,12,6,459,2,,,2027-06-30,London Scottish (2023 - 2023) | sans club (2024 - 2025) | Stade Aurillacois Cantal Auvergne (2025 - 2027)
PROD2,AUR,Clément MARTINEZ,https://www.allrugby.com/joueurs/clement-martinez-5465.html,3,1,118,2,,,,Sporting Union Agenais (2019 - 2024) | Biarritz Olympique Pays Basque (2024 - 2026) | Nissa Rugby (2026 - 2027)
PROD2,AUR,Boris HADINEGORO,https://www.allrugby.com/joueurs/boris-hadinegoro-12067.html,2,0,54,1,,,2027-06-30,Stade Aurillacois Cantal Auvergne (2020 - 2027)
PROD2,AUR,Kléo LABARBE,https://www.allrugby.com/joueurs/kleo-labarbe-17034.html,3,3,163,2,,,2027-06-30,Racing 92 (2024 - 2026) | Stade Aurillacois Cantal Auvergne (2026 - 2027)
PROD2,AUR,Ruben COURTIÈS,https://www.allrugby.com/joueurs/ruben-courties-17037.html,1,0,6,,,,2027-06-30,Stade Toulousain (2024 - 2024) | Sporting Club Albigeois (2024 - 2026) | Stade Aurillacois Cantal Auvergne (2026 - 2027)
PROD2,AUR,Nathan AZAÏS,https://www.allrugby.com/joueurs/nathan-azais-12228.html,3,2,198,,,,2027-06-30,Rugby Club Toulonnais (2021 - 2024) | Union Sportive Bressane Pays de l'Ain (2024 - 2026) | Stade Aurillacois Cantal Auvergne (2026 - 2027)
PROD2,AUR,Noé BRUNE,https://www.allrugby.com/joueurs/noe-brune-15168.html,1,1,80,1,,,2027-06-30,Union Sportive Bressane Pays de l'Ain (2019 - 2024) | Union Sportive Arlequins Perpignanais (2024 - 2025) | Stade Aurillacois Cantal Auvergne (2025 - 2027)
PROD2,AUR,Tedo ABZHANDADZE,https://www.allrugby.com/joueurs/tedo-abzhandadze-7212.html,3,3,240,1,,,2027-06-30,Union Sportive Montalbanaise (2022 - 2024) | Stade Aurillacois Cantal Auvergne (2024 - 2027)
PROD2,AUR,François VERGNAUD,https://www.allrugby.com/joueurs/francois-vergnaud-5472.html,9,9,584,1,,,2027-06-30,Biarritz Olympique Pays Basque (2018 - 2025) | Stade Aurillacois Cantal Auvergne (2025 - 2027)
PROD2,AUR,Hugo BASTARD,https://www.allrugby.com/joueurs/hugo-bastard-14375.html,3,2,174,,,,2027-06-30,Stade Aurillacois Cantal Auvergne (2017 - 2027)
PROD2,AUR,Juun PIETERS,https://www.allrugby.com/joueurs/juun-pieters-12431.html,1,0,18,,,,2027-06-30,Stade Aurillacois Cantal Auvergne (2019 - 2027)
PROD2,AUR,Karsen TALALUA,https://www.allrugby.com/joueurs/karsen-talalua-14123.html,1,0,16,,,,2027-06-30,Rugby Club Toulonnais (2022 - 2024) | Stade Aurillacois Cantal Auvergne (2024 - 2027)
PROD2,AUR,Mike SOSENE-FEAGAI,https://www.allrugby.com/joueurs/michelangelo-sosene-feagai-8867.html,2,0,33,,,,,Rugby Club Toulonnais (2021 - 2022) | Sporting Union Agenais (2022 - 2024) | RFC Los Angeles (2024 - 2025)
PROD2,AUR,Ofa MANUOFETOA,https://www.allrugby.com/joueurs/ofa-manuofetoa-16786.html,1,1,12,,,,2027-06-30,Manly Marlins (2021 - 2023) | Stade Aurillacois Cantal Auvergne (2023 - 2027)
PROD2,AUR,Ben O'DONNELL,https://www.allrugby.com/joueurs/ben-o-donnell-10413.html,2,2,160,1,,,2027-06-30,Hawke's Bay Magpies (2024 - 2024) | Brumbies (2024 - 2025) | Stade Aurillacois Cantal Auvergne (2025 - 2027)
PROD2,AUR,Pierre JOUVIN,https://www.allrugby.com/joueurs/pierre-jouvin-14463.html,2,1,70,,,,,RC Buguois (2012 - 2018) | Sporting Union Agenais (2018 - 2027)
PROD2,AUR,Simeli YABAKI,https://www.allrugby.com/joueurs/simeli-yabaki-7632.html,2,1,61,,,,2027-06-30,Stade Aurillacois Cantal Auvergne (2018 - 2027)
PROD2,AUR,Thomas CAROL,https://www.allrugby.com/joueurs/thomas-carol-8406.html,3,3,240,1,,,2027-06-30,Stade Rochelais (2019 - 2021) | Section Paloise Béarn Pyrénées (2021 - 2026) | Stade Aurillacois Cantal Auvergne (2026 - 2027)
PROD2,AUR,Angus STANIFORTH,https://www.allrugby.com/joueurs/angus-staniforth-17390.html,2,1,88,,,,2027-06-30,Stade Aurillacois Cantal Auvergne (2024 - 2027)
PROD2,AUR,Enzo MARZOCCA,https://www.allrugby.com/joueurs/enzo-marzocca-10126.html,18,14,1025,2,,,2027-06-30,Stade Olympique Chambéry (2024 - 2026) | Stade Aurillacois Cantal Auvergne (2026 - 2027)
PROD2,AUR,Jake STRACHAN,https://www.allrugby.com/joueurs/jake-strachan-10718.html,2,2,160,1,,,2027-06-30,Melbourne Rebels (2024 - 2024) | Southland Stags (2024 - 2024) | Stade Aurillacois Cantal Auvergne (2024 - 2027)
PROD2,AUR,Corentin VERNET,https://www.allrugby.com/joueurs/corentin-vernet-5377.html,1,0,12,,,,,Sporting Union Agenais (2020 - 2024) | Rouen Normandie Rugby (2024 - 2027)
PROD2,AUR,Damian SPENCE,https://www.allrugby.com/joueurs/damian-spence-22545.html,,,,,,,2027-06-30,Stade Aurillacois Cantal Auvergne (2025 - 2027)
PROD2,AUR,Gabriel RAZMADZE,https://www.allrugby.com/joueurs/gabriel-razmadze-22920.html,4,3,194,3,,,2027-06-30,Stade Aurillacois Cantal Auvergne (2024 - 2027)
PROD2,AUR,Adrien PAGANOTTO,https://www.allrugby.com/joueurs/adrien-paganotto-9977.html,,,,,,,,Sporting Union Agenais (2020 - 2025) | US Marmande (2025 - 2026)
PROD2,AUR,Alexandre EVERAERT,https://www.allrugby.com/joueurs/alexandre-everaert-15860.html,,,,,,,,ASM Clermont Auvergne (2019 - 2023) | Sporting Union Agenais (2023 - 2027)
PROD2,AUR,Bastien DARRÉ,https://www.allrugby.com/joueurs/bastien-darre-21330.html,,,,,,,,Sporting Union Agenais (2021 - 2027)
PROD2,AUR,Nikoloz BALANCHIVADZE,https://www.allrugby.com/joueurs/nikoloz-balanchivadze-20318.html,3,1,93,,,,2027-06-30,Valence Romans Drôme Rugby (2016 - 2021) | Oyonnax Rugby (2021 - 2025) | Stade Aurillacois Cantal Auvergne (2025 - 2027)
PROD2,AUR,Nikoloz KUMARITOVI,https://www.allrugby.com/joueurs/nikoloz-kumaritovi-20211.html,,,,,,,2027-06-30,Stade Aurillacois Cantal Auvergne (2024 - 2027)
PROD2,AUR,Onise IOSELIANI,https://www.allrugby.com/joueurs/onise-ioseliani-18655.html,,,,,,,2027-06-30,Stade Aurillacois Cantal Auvergne (2023 - 2027)
PROD2,AUR,Brice HOARAU,https://www.allrugby.com/joueurs/brice-hoarau-14462.html,,,,,,,,Sporting Union Agenais (2017 - 2025) | AS Fleurance (2025 - 2026)
PROD2,AUR,Solomon IBEOBA,https://www.allrugby.com/joueurs/solomon-ibeoba-17666.html,5,4,267,1,,,2027-06-30,Biarritz Olympique Pays Basque (2024 - 2026) | Stade Aurillacois Cantal Auvergne (2026 - 2027)
PROD2,AUR,Clovis SAMARUT,https://www.allrugby.com/joueurs/clovis-samarut-18341.html,,,,,,,,Sporting Union Agenais (2023 - 2026) | 4 Cantons Bastides Haut Agenais Périgord (2026 - 2027)
PROD2,AUR,Elyan DUTHIL,https://www.allrugby.com/joueurs/elyan-duthil-21463.html,,,,,,,,Sporting Union Agenais (2021 - 2025) | Castres Olympique (2025 - 2027)
PROD2,AUR,Rémi MONTBOISSE,https://www.allrugby.com/joueurs/remi-montboisse-23520.html,,,,,,,2027-06-30,Stade Aurillacois Cantal Auvergne (2019 - 2027)
PROD2,AUR,Fin RONNIE,https://www.allrugby.com/joueurs/fin-ronnie-22183.html,5,0,91,,,,2027-06-30,Stade Aurillacois Cantal Auvergne (2026 - 2027)
PROD2,AUR,Martin SKOP,https://www.allrugby.com/joueurs/martin-skop-23761.html,,,,,,,2027-06-30,Stade Aurillacois Cantal Auvergne (2026 - 2027)
PROD2,AUR,Julien KOTEUREU,https://www.allrugby.com/joueurs/julien-koteureu-18340.html,1,1,52,,,,,RC Saint-Gilles (2017 - 2018) | Union Rugby Club Dumbéa (2018 - 2019) | Sporting Union Agenais (2019 - 2027)
PROD2,AUR,Rory GAVIN,https://www.allrugby.com/joueurs/rory-gavin-22534.html,,,,,,,2027-06-30,Stade Aurillacois Cantal Auvergne (2026 - 2027)
PROD2,AUR,Maïno PAKIHIVATAU,https://www.allrugby.com/joueurs/maino-pakihivatau-9976.html,1,0,15,,,,,Sporting Union Agenais (2020 - 2024) | US Marmande (2024 - 2026)
PROD2,AUR,Bill HAYES,https://www.allrugby.com/joueurs/bill-hayes-22195.html,5,2,194,,,,2027-06-30,Stade Aurillacois Cantal Auvergne (2026 - 2027)
PROD2,AUR,Mathis GENSUL,https://www.allrugby.com/joueurs/mathis-gensul-18342.html,,,,,,,,Sanary Ovalie (2016 - 2018) | Union Sportive Seynoise (2018 - 2021) | Sporting Union Agenais (2021 - 2025)
PROD2,AUR,Noah DERON,https://www.allrugby.com/joueurs/noah-deron-18348.html,,,,,,,,Sporting Union Agenais (2018 - 2026)
PROD2,AUR,Jonathan RYAN,https://www.allrugby.com/joueurs/jonathan-ryan-23706.html,,,,,,,2027-06-30,Stade Aurillacois Cantal Auvergne (2025 - 2027)
PROD2,AUR,Mathieu BOURGEOIS,https://www.allrugby.com/joueurs/mathieu-bourgeois-17849.html,,,,,,,2027-06-30,Oyonnax Rugby (2022 - 2026) | Stade Aurillacois Cantal Auvergne (2026 - 2027)
PROD2,AUR,Mattéo BAKIS,https://www.allrugby.com/joueurs/matteo-bakis-23585.html,,,,,,,2027-06-30,Stade Aurillacois Cantal Auvergne (2024 - 2027)
PROD2,AUR,Riley PULU,https://www.allrugby.com/joueurs/riley-pulu-13787.html,,,,,,,,Sporting Union Agenais (2022 - 2024) | Union Sportive Arlequins Perpignanais (2024 - 2026)
PROD2,AUR,Ybann PADONOU,https://www.allrugby.com/joueurs/ybann-padonou-18563.html,,,,,,,2027-06-30,Stade Rochelais (2017 - 2026) | Stade Aurillacois Cantal Auvergne (2026 - 2027)
PROD2,AUR,Benjamin RUDDICK,https://www.allrugby.com/joueurs/benjamin-ruddick-22311.html,1,0,40,,,,2027-06-30,Stade Aurillacois Cantal Auvergne (2025 - 2027)
PROD2,AUR,Clovis CHIZAT,https://www.allrugby.com/joueurs/clovis-chizat-18458.html,,,,,,,,Sporting Union Agenais (2020 - 2024) | US Colomiers (2024 - 2027)
PROD2,AUR,Deyan NEPVEUX,https://www.allrugby.com/joueurs/deyan-nepveux-22357.html,,,,,,,,Sporting Union Agenais (2015 - 2027)
PROD2,AUR,Somto MONYE,https://www.allrugby.com/joueurs/somto-monye-22761.html,,,,,,,2027-06-30,Exeter University RFC (2025 - 2026) | Stade Aurillacois Cantal Auvergne (2026 - 2027)
PROD2,AUR,Ethan VINCENT,https://www.allrugby.com/joueurs/ethan-vincent-18351.html,,,,,,,,Sporting Union Agenais (2010 - 2025)
PROD2,AUR,Retagan VAN ROOI,https://www.allrugby.com/joueurs/retagan-van-rooi-22762.html,,,,,,,2027-06-30,Stade Aurillacois Cantal Auvergne (2026 - 2027)
PROD2,AUR,Grégory ROBERT,https://www.allrugby.com/joueurs/gregory-robert-15452.html,,,,,,,,US Bergerac Rugby (2011 - 2017) | Sporting Union Agenais (2017 - 2024) | US Bergerac Rugby (2024 - 2025)
PROD2,AUR,Antonin BIKAI-COMBE,https://www.allrugby.com/joueurs/antonin-bikai-combe-18642.html,,,,,,,2027-06-30,Stade Français Paris Rugby (2019 - 2026) | Stade Aurillacois Cantal Auvergne (2026 - 2027)
PROD2,AUR,Enzo AURIAC,https://www.allrugby.com/joueurs/enzo-auriac-23707.html,,,,,,,2027-06-30,US Argentacoise (2021 - 2022) | Stade Aurillacois Cantal Auvergne (2022 - 2027)
PROD2,AUR,Jules JEUNEHOMME,https://www.allrugby.com/joueurs/jules-jeunehomme-18345.html,,,,,,,,Sporting Union Agenais (2020 - 2025) | Anglet Olympique Rugby Club (2025 - 2026)
PROD2,AUR,Maé RIVIÈRE,https://www.allrugby.com/joueurs/mae-riviere-21331.html,,,,,,,,Pessac (2016 - 2022) | Sporting Union Agenais (2022 - 2027)
PROD2,AUR,Yan PAPON,https://www.allrugby.com/joueurs/yan-papon-20651.html,,,,,,,2027-06-30,CA Brive Corrèze Limousin (2021 - 2025) | Association Sportive Béziers Hérault (2025 - 2026) | Stade Aurillacois Cantal Auvergne (2026 - 2027)
PROD2,AUR,Millian OULDJI,https://www.allrugby.com/joueurs/millian-ouldji-18571.html,15,1,358,1,,,,Biarritz Olympique Pays Basque (2025 - 2027)
PROD2,AUR,Allan MALAMA-TALATAINA,https://www.allrugby.com/joueurs/allan-malama-talataina-21397.html,1,0,29,,,,2027-06-30,Stade Aurillacois Cantal Auvergne (2025 - 2027)
PROD2,AUR,Manuhere AVAEORU,https://www.allrugby.com/joueurs/manuhere-avaeoru-20299.html,,,,,,,2027-06-30,CA Brive Corrèze Limousin (2024 - 2026) | Stade Aurillacois Cantal Auvergne (2026 - 2027)
PROD2,AUR,Milo PASTOR,https://www.allrugby.com/joueurs/milo-pastor-23560.html,,,,,,,2027-06-30,Stade Aurillacois Cantal Auvergne (2021 - 2027)
PROD2,AUR,Angelo PREVITALI,https://www.allrugby.com/joueurs/angelo-previtali-22358.html,,,,,,,,Sporting Union Agenais (2022 - 2027)
PROD2,AUR,Ben NEHRING,https://www.allrugby.com/joueurs/ben-nehring-15864.html,,,,,,,,Sporting Union Agenais (2023 - 2027)
PROD2,AUR,Camille GERMAIN,https://www.allrugby.com/joueurs/camille-germain-22356.html,,,,,,,,Sporting Union Agenais (2023 - 2027)
PROD2,AUR,Joris CONDAMINE,https://www.allrugby.com/joueurs/joris-condamine-18323.html,2,2,160,,,,2027-06-30,Stade Aurillacois Cantal Auvergne (2019 - 2027)
PROD2,AUR,Quewinn LACKAY,https://www.allrugby.com/joueurs/quewinn-lackay-22371.html,,,,,,,2027-06-30,Stade Aurillacois Cantal Auvergne (2025 - 2027)
PROD2,AUR,Walter DESMAISON,https://www.allrugby.com/joueurs/walter-desmaison-1941.html,1,0,32,,,,,FC Grenoble Rugby (2015 - 2017) | Stade Montois Rugby Pro (2017 - 2019) | Sporting Union Agenais (2019 - 2024)
PROD2,MTB,Christopher VAOTOA,https://www.allrugby.com/joueurs/christopher-vaotoa-4693.html,2,2,80,,,,,Union Bordeaux-Bègles (2024 - 2024) | Oyonnax Rugby (2024 - 2026) | Union Sportive Montalbanaise (2026 - 2027)
PROD2,MTB,Daniel BRENNAN,https://www.allrugby.com/joueurs/daniel-brennan-4493.html,2,2,93,1,,,,CA Brive Corrèze Limousin (2021 - 2024) | Rugby Club Toulonnais (2024 - 2026) | Union Sportive Montalbanaise (2026 - 2027)
PROD2,MTB,Léo AOUF,https://www.allrugby.com/joueurs/leo-aouf-5907.html,3,1,103,,,,,Stade Poitevin (2012 - 2015) | Stade Rochelais (2015 - 2023) | Union Sportive Montalbanaise (2023 - 2027)
PROD2,MTB,Alex BURIN,https://www.allrugby.com/joueurs/alex-burin-7289.html,24,17,1067,1,,,,Sporting Union Agenais (2017 - 2026) | Castres Olympique (2026 - 2027)
PROD2,MTB,Lucas SEYROLLE,https://www.allrugby.com/joueurs/lucas-seyrolles-4756.html,1,0,34,,,,,Union Sportive Montalbanaise (2022 - 2027)
PROD2,MTB,Lucio SORDONI,https://www.allrugby.com/joueurs/lucio-sordoni-7189.html,8,6,349,,,,,Union Sportive Montalbanaise (2024 - 2024) | Racing 92 (2025 - 2025) | Union Sportive Montalbanaise (2025 - 2027)
PROD2,MTB,Nugzar SOMKHISHVILI,https://www.allrugby.com/joueurs/nugzar-somkhishvili-9925.html,7,0,213,,,,,CS Bourgoin Jallieu Rugby (2022 - 2023) | Stade Olympique Chambéry (2023 - 2025) | Union Sportive Montalbanaise (2025 - 2027)
PROD2,MTB,Sidi-Mohammed DIALLO,https://www.allrugby.com/joueurs/sidi-mohammed-diallo-9799.html,3,1,117,,,,,Montpellier Hérault Rugby (2020 - 2023) | Rouen Normandie Rugby (2023 - 2026) | Union Sportive Montalbanaise (2026 - 2027)
PROD2,MTB,Beau FARRANCE,https://www.allrugby.com/joueurs/beau-farrance-8270.html,15,4,530,,,,,Stado Tarbes Pyrénées Rugby (2023 - 2023) | Sporting Union Agenais (2023 - 2026) | Nissa Rugby (2026 - 2027)
PROD2,MTB,Sifa AMONE,https://www.allrugby.com/joueurs/sifa-amone-14751.html,1,0,34,,,,,New South Wales Waratahs (2024 - 2026) | Union Sportive Montalbanaise (2026 - 2027)
PROD2,MTB,Valentin SIMUTOGA,https://www.allrugby.com/joueurs/valentin-simutoga-8043.html,12,4,499,,,,,Lyon Olympique Universitaire Rugby (2023 - 2025) | Union Sportive Montalbanaise (2025 - 2027)
PROD2,MTB,Johnny MATTHEWS,https://www.allrugby.com/joueurs/johnny-matthews-8995.html,2,2,120,,,,,Union Sportive Montalbanaise (2026 - 2027)
PROD2,MTB,Kévin FIRMIN,https://www.allrugby.com/joueurs/kevin-firmin-1088.html,1,0,25,,,,,Union Sportive Montalbanaise (2020 - 2020) | Castres Olympique (2021 - 2021) | Union Sportive Montalbanaise (2021 - 2027)
PROD2,MTB,Maixent DA COSTA,https://www.allrugby.com/joueurs/maixent-da-costa-15680.html,1,0,20,,,,,Union Sportive Montalbanaise (2025 - 2025) | Sporting Club Albigeois (2026 - 2026) | Union Sportive Montalbanaise (2026 - 2027)
PROD2,MTB,Ru-Hann GREYLING,https://www.allrugby.com/joueurs/ru-hann-greyling-10307.html,2,1,75,,,,,Montpellier Hérault Rugby (2023 - 2023) | Rouen Normandie Rugby (2023 - 2023) | Union Sportive Montalbanaise (2023 - 2027)
PROD2,MTB,Florent GUION,https://www.allrugby.com/joueurs/florent-guion-5163.html,1,0,32,,,,,Soyaux-Angoulême XV Charente (2017 - 2019) | Rouen Normandie Rugby (2019 - 2021) | Sporting Union Agenais (2021 - 2027)
PROD2,MTB,Lewis BEAN,https://www.allrugby.com/joueurs/lewis-bean-7205.html,2,2,90,,,,,Northampton Saints (2021 - 2021) | Glasgow Warriors (2021 - 2023) | Union Sportive Montalbanaise (2023 - 2027)
PROD2,MTB,Hans LOMBARD-BURET,https://www.allrugby.com/joueurs/hans-lombard-buret-6129.html,2,2,110,,,,,Stade Toulousain (2015 - 2018) | Sporting Union Agenais (2018 - 2027)
PROD2,MTB,Romain MACURDY,https://www.allrugby.com/joueurs/romain-macurdy-8650.html,3,1,128,,,,,Castres Olympique (2023 - 2026) | Union Sportive Montalbanaise (2026 - 2027)
PROD2,MTB,Fred QUERCY,https://www.allrugby.com/joueurs/fred-quercy-1904.html,1,1,38,,,,,Union Sportive Montalbanaise (2020 - 2020) | USON Nevers Rugby (2021 - 2021) | Union Sportive Montalbanaise (2021 - 2027)
PROD2,MTB,Malik HAMADACHE,https://www.allrugby.com/joueurs/malik-hamadache-1497.html,7,6,313,,,,,Section Paloise Béarn Pyrénées (2016 - 2021) | Montpellier Hérault Rugby (2021 - 2022) | Sporting Union Agenais (2022 - 2024)
PROD2,MTB,Karl WILKINS,https://www.allrugby.com/joueurs/karl-wilkins-4441.html,3,2,112,,,,,Northampton Saints (2023 - 2023) | Bedford Blues (2023 - 2023) | Union Sportive Montalbanaise (2023 - 2027)
PROD2,MTB,Lomig JOUANNY,https://www.allrugby.com/joueurs/lomig-jouanny-14147.html,1,1,46,,,,,Stade Toulousain (2026 - 2026) | Sporting Union Agenais (2026 - 2026) | Union Sportive Montalbanaise (2026 - 2027)
PROD2,MTB,Mamuka MSTOIANI,https://www.allrugby.com/joueurs/mamuka-mstoiani-11285.html,2,2,108,,,,,Sporting Union Agenais (2021 - 2026) | US Colomiers (2026 - 2027)
PROD2,MTB,Lucas DESSAIGNE,https://www.allrugby.com/joueurs/lucas-dessaigne-7955.html,3,2,170,1,,,,Union Sportive Montalbanaise (2026 - 2027)
PROD2,MTB,Nafi MA'AFU,https://www.allrugby.com/joueurs/nafi-ma-afu-5467.html,2,1,67,,,,,Biarritz Olympique Pays Basque (2022 - 2025) | Union Sportive Montalbanaise (2025 - 2027)
PROD2,MTB,Noa KANIKA,https://www.allrugby.com/joueurs/noa-kanika-10185.html,3,1,150,,,,,Stade Français Paris Rugby (2020 - 2023) | Union Sportive Montalbanaise (2023 - 2027)
PROD2,MTB,Richard BARRINGTON,https://www.allrugby.com/joueurs/richard-barrington-2255.html,18,1,374,,,,,Sporting Union Agenais (2022 - 2024) | Ampthill Rugby (2024 - 2027)
PROD2,MTB,Tyrone VIIGA,https://www.allrugby.com/joueurs/tyrone-viiga-5198.html,13,12,650,,,,,Provence Rugby (2020 - 2022) | Union Sportive Montalbanaise (2022 - 2027)
PROD2,MTB,Vaea FIFITA,https://www.allrugby.com/joueurs/vaea-fifita-5398.html,3,2,194,,,,,Wasps (2021 - 2022) | Scarlets (2022 - 2025) | Union Sportive Montalbanaise (2025 - 2027)
PROD2,MTB,Vaiolini EKUASI,https://www.allrugby.com/joueurs/vaiolini-ekuasi-13520.html,3,2,184,1,,,,Auckland (2024 - 2024) | Western Force (2024 - 2026) | Union Sportive Montalbanaise (2026 - 2027)
PROD2,MTB,Théo SAUZARET,https://www.allrugby.com/joueurs/theo-sauzaret-8376.html,2,0,54,,,,,Stade Olympique Chambéry (2020 - 2022) | Sporting Union Agenais (2022 - 2024) | US Carcassonne (2024 - 2027)
PROD2,MTB,Hugo ZABALZA,https://www.allrugby.com/joueurs/hugo-zabalza-7796.html,3,3,176,,,,,Union Bordeaux-Bègles (2023 - 2023) | Stade Français Paris Rugby (2023 - 2024) | Union Sportive Montalbanaise (2024 - 2027)
PROD2,MTB,Jack MAUNDER,https://www.allrugby.com/joueurs/jack-maunder-4836.html,1,0,26,,,,,Sporting Union Agenais (2024 - 2026) | Union Sportive Montalbanaise (2026 - 2027)
PROD2,MTB,Joe POWELL,https://www.allrugby.com/joueurs/joe-powell-5320.html,16,10,718,,,,,Leicester Tigers (2024 - 2024) | Lyon Olympique Universitaire Rugby (2024 - 2024) | Union Sportive Montalbanaise (2024 - 2027)
PROD2,MTB,Maël CASTEL,https://www.allrugby.com/joueurs/mael-castel-15456.html,2,0,38,,,,,Union Sportive Montalbanaise (2010 - 2027)
PROD2,MTB,Clément MARTINEZ,https://www.allrugby.com/joueurs/clement-martinez-5465.html,3,1,118,2,,,,Sporting Union Agenais (2019 - 2024) | Biarritz Olympique Pays Basque (2024 - 2026) | Nissa Rugby (2026 - 2027)
PROD2,MTB,Enzo HERVÉ,https://www.allrugby.com/joueurs/enzo-herve-5599.html,2,2,160,,,,,Rugby Club Toulonnais (2026 - 2026) | Castres Olympique (2026 - 2026) | Union Sportive Montalbanaise (2026 - 2027)
PROD2,MTB,Jack WALSH,https://www.allrugby.com/joueurs/jack-walsh-9310.html,17,15,1208,2,,,,Exeter Chiefs (2020 - 2022) | Ospreys (2022 - 2026) | Union Sportive Montalbanaise (2026 - 2027)
PROD2,MTB,Thomas FORTUNEL,https://www.allrugby.com/joueurs/thomas-fortunel-2462.html,1,1,80,,,,,Union Sportive Montalbanaise (2021 - 2021) | FC Grenoble Rugby (2021 - 2023) | Union Sportive Montalbanaise (2023 - 2027)
PROD2,MTB,Joey WALTON,https://www.allrugby.com/joueurs/joey-walton-8036.html,3,2,192,,,,,Bay of Plenty Steamers (2022 - 2022) | New South Wales Waratahs (2022 - 2026) | Union Sportive Montalbanaise (2026 - 2027)
PROD2,MTB,JT JACKSON,https://www.allrugby.com/joueurs/jt-jackson-6898.html,1,1,80,,,,,SX10 (2020 - 2021) | Rouen Normandie Rugby (2021 - 2024) | Union Sportive Montalbanaise (2024 - 2027)
PROD2,MTB,Maxime ESPEUT,https://www.allrugby.com/joueurs/maxime-espeut-6581.html,2,2,139,,,,,Association Sportive Béziers Hérault (2014 - 2024) | Union Sportive Montalbanaise (2024 - 2027)
PROD2,MTB,Romain FONNICOLA,https://www.allrugby.com/joueurs/romain-fonnicola-12943.html,2,0,90,1,,,,Section Paloise Béarn Pyrénées (2019 - 2023) | Union Sportive Montalbanaise (2023 - 2027)
PROD2,MTB,Simon RENDA,https://www.allrugby.com/joueurs/simon-renda-8289.html,3,1,90,1,,,,Union Sportive Montalbanaise (2023 - 2023) | Stade Toulousain (2024 - 2024) | Union Sportive Montalbanaise (2024 - 2027)
PROD2,MTB,Josua VICI,https://www.allrugby.com/joueurs/josua-vici-7774.html,2,2,160,1,,,,Union Sportive Montalbanaise (2021 - 2021) | Montpellier Hérault Rugby (2022 - 2022) | Union Sportive Montalbanaise (2022 - 2027)
PROD2,MTB,Mike SOSENE-FEAGAI,https://www.allrugby.com/joueurs/michelangelo-sosene-feagai-8867.html,2,0,33,,,,,Rugby Club Toulonnais (2021 - 2022) | Sporting Union Agenais (2022 - 2024) | RFC Los Angeles (2024 - 2025)
PROD2,MTB,Paul VALLÉE,https://www.allrugby.com/joueurs/paul-vallee-10081.html,1,1,80,,,,,Rouen Normandie Rugby (2023 - 2024) | Union Sportive Montalbanaise (2024 - 2027)
PROD2,MTB,Stéphane AHMED,https://www.allrugby.com/joueurs/stephane-ahmed-10145.html,3,3,238,1,,,,Union Sportive Montalbanaise (2023 - 2023) | Stade Français Paris Rugby (2024 - 2024) | Union Sportive Montalbanaise (2024 - 2027)
PROD2,MTB,Yvan REILHAC,https://www.allrugby.com/joueurs/yvan-reilhac-4169.html,8,4,446,2,,,,Montpellier Hérault Rugby (2023 - 2023) | Section Paloise Béarn Pyrénées (2023 - 2023) | Union Sportive Montalbanaise (2023 - 2027)
PROD2,MTB,Baptiste MOUCHOUS,https://www.allrugby.com/joueurs/baptiste-mouchous-5184.html,2,2,139,,,,,US Carcassonne (2020 - 2023) | Rouen Normandie Rugby (2023 - 2024) | Union Sportive Montalbanaise (2024 - 2027)
PROD2,MTB,Dachi PAPUNASHVILI,https://www.allrugby.com/joueurs/dachi-papunashvili-8121.html,1,1,80,,,,,Stade Aurillacois Cantal Auvergne (2019 - 2026) | Union Sportive Montalbanaise (2026 - 2027)
PROD2,MTB,Pierre JOUVIN,https://www.allrugby.com/joueurs/pierre-jouvin-14463.html,2,1,70,,,,,RC Buguois (2012 - 2018) | Sporting Union Agenais (2018 - 2027)
PROD2,MTB,Adrien PAGANOTTO,https://www.allrugby.com/joueurs/adrien-paganotto-9977.html,,,,,,,,Sporting Union Agenais (2020 - 2025) | US Marmande (2025 - 2026)
PROD2,MTB,Jordan BURET,https://www.allrugby.com/joueurs/jordan-buret-21103.html,,,,,,,,CA Castelsarrasin (2019 - 2022) | Union Sportive Montalbanaise (2022 - 2027)
PROD2,MTB,Levan EZIESHVILI,https://www.allrugby.com/joueurs/levan-ezieshvili-16388.html,3,2,118,,,,,ASM Clermont Auvergne (2023 - 2025) | Union Sportive Montalbanaise (2025 - 2027)
PROD2,MTB,Alexandre EVERAERT,https://www.allrugby.com/joueurs/alexandre-everaert-15860.html,,,,,,,,ASM Clermont Auvergne (2019 - 2023) | Sporting Union Agenais (2023 - 2027)
PROD2,MTB,Ma'asi FAKALELU,https://www.allrugby.com/joueurs/ma-asi-fakalelu-23020.html,,,,,,,,Union Saint-Astier Neuvic (2023 - 2023) | CA Brive Corrèze Limousin (2023 - 2026) | Union Sportive Montalbanaise (2026 - 2027)
PROD2,MTB,Bastien DARRÉ,https://www.allrugby.com/joueurs/bastien-darre-21330.html,,,,,,,,Sporting Union Agenais (2021 - 2027)
PROD2,MTB,Brice HOARAU,https://www.allrugby.com/joueurs/brice-hoarau-14462.html,,,,,,,,Sporting Union Agenais (2017 - 2025) | AS Fleurance (2025 - 2026)
PROD2,MTB,Esteban FAULONG,https://www.allrugby.com/joueurs/esteban-faulong-21394.html,,,,,,,,Rugby Club Auch (2020 - 2025) | Union Sportive Montalbanaise (2025 - 2027)
PROD2,MTB,Clovis SAMARUT,https://www.allrugby.com/joueurs/clovis-samarut-18341.html,,,,,,,,Sporting Union Agenais (2023 - 2026) | 4 Cantons Bastides Haut Agenais Périgord (2026 - 2027)
PROD2,MTB,Luca AURÉJAC,https://www.allrugby.com/joueurs/luca-aurejac-23235.html,,,,,,,,Union Sportive Montalbanaise (2021 - 2027)
PROD2,MTB,Elyan DUTHIL,https://www.allrugby.com/joueurs/elyan-duthil-21463.html,,,,,,,,Sporting Union Agenais (2021 - 2025) | Castres Olympique (2025 - 2027)
PROD2,MTB,Thomas OURLIAC,https://www.allrugby.com/joueurs/thomas-ourliac-20945.html,,,,,,,,Castres Olympique (2019 - 2024) | Union Sportive Montalbanaise (2024 - 2027)
PROD2,MTB,Paula TUVALO,https://www.allrugby.com/joueurs/paula-tuvalo-23237.html,,,,,,,,Fijian Drua (2024 - 2026) | Union Sportive Montalbanaise (2026 - 2027)
PROD2,MTB,Rémi DEVIS,https://www.allrugby.com/joueurs/remi-devis-20274.html,1,0,21,,,,,Rouen Normandie Rugby (2022 - 2025) | Union Sportive Montalbanaise (2025 - 2027)
PROD2,MTB,Julien KOTEUREU,https://www.allrugby.com/joueurs/julien-koteureu-18340.html,1,1,52,,,,,RC Saint-Gilles (2017 - 2018) | Union Rugby Club Dumbéa (2018 - 2019) | Sporting Union Agenais (2019 - 2027)
PROD2,MTB,Youssouf SOUCOUNA,https://www.allrugby.com/joueurs/youssouf-soucouna-13881.html,1,1,48,,,,,Montpellier Hérault Rugby (2026 - 2026) | Stade Montois Rugby Pro (2026 - 2026) | Union Sportive Montalbanaise (2026 - 2027)
PROD2,MTB,Charlie FENTON,https://www.allrugby.com/joueurs/charlie-fenton-21588.html,,,,,,,,Union Sportive Montalbanaise (2025 - 2027)
PROD2,MTB,Dany LAMATAKI,https://www.allrugby.com/joueurs/dany-lamataki-15455.html,,,,,,,,Sporting Union Agenais (2020 - 2026) | Union Sportive Montalbanaise (2026 - 2027)
PROD2,MTB,Maïno PAKIHIVATAU,https://www.allrugby.com/joueurs/maino-pakihivatau-9976.html,1,0,15,,,,,Sporting Union Agenais (2020 - 2024) | US Marmande (2024 - 2026)
PROD2,MTB,Jules BOUSQUET,https://www.allrugby.com/joueurs/jules-bousquet-18309.html,1,1,52,,,,,Stado Tarbes Pyrénées Rugby (2020 - 2025) | Union Sportive Montalbanaise (2025 - 2027)
PROD2,MTB,Lucas BONAL-ZELMAR,https://www.allrugby.com/joueurs/lucas-bonal-zelmar-23479.html,,,,,,,,Union Sportive Montalbanaise (2013 - 2027)
PROD2,MTB,Mathis GENSUL,https://www.allrugby.com/joueurs/mathis-gensul-18342.html,,,,,,,,Sanary Ovalie (2016 - 2018) | Union Sportive Seynoise (2018 - 2021) | Sporting Union Agenais (2021 - 2025)
PROD2,MTB,Noa AURÉJAC,https://www.allrugby.com/joueurs/noa-aurejac-23712.html,,,,,,,,Union Sportive Montalbanaise (2023 - 2027)
PROD2,MTB,Noah DERON,https://www.allrugby.com/joueurs/noah-deron-18348.html,,,,,,,,Sporting Union Agenais (2018 - 2026)
PROD2,MTB,Tevita ROKOSUKA,https://www.allrugby.com/joueurs/tevita-rokosuka-23655.html,,,,,,,,Union Sportive Montalbanaise (2025 - 2027)
PROD2,MTB,Riley PULU,https://www.allrugby.com/joueurs/riley-pulu-13787.html,,,,,,,,Sporting Union Agenais (2022 - 2024) | Union Sportive Arlequins Perpignanais (2024 - 2026)
PROD2,MTB,Amine BOULAGHRIFA,https://www.allrugby.com/joueurs/amine-boulaghrifa-23300.html,,,,,,,,RC Villeneuve XV (2022 - 2025) | Sporting Union Agenais (2025 - 2026) | Union Sportive Montalbanaise (2026 - 2027)
PROD2,MTB,Elliot VANOUDENDYCKE,https://www.allrugby.com/joueurs/elliot-vanoudendycke-20913.html,,,,,,,,Rugby Union Dunkerque Littoral (2019 - 2022) | Rouen Normandie Rugby (2022 - 2025) | Union Sportive Montalbanaise (2025 - 2027)
PROD2,MTB,Clovis CHIZAT,https://www.allrugby.com/joueurs/clovis-chizat-18458.html,,,,,,,,Sporting Union Agenais (2020 - 2024) | US Colomiers (2024 - 2027)
PROD2,MTB,Merlin LEFLAMAND,https://www.allrugby.com/joueurs/merlin-leflamand-20311.html,3,0,62,,,,,Rouen Normandie Rugby (2017 - 2025) | Union Sportive Montalbanaise (2025 - 2027)
PROD2,MTB,Deyan NEPVEUX,https://www.allrugby.com/joueurs/deyan-nepveux-22357.html,,,,,,,,Sporting Union Agenais (2015 - 2027)
PROD2,MTB,Asaeli Pacolo GADE,https://www.allrugby.com/joueurs/asaeli-pacolo-gade-21867.html,2,1,71,1,,,,Union Sportive Montalbanaise (2025 - 2027)
PROD2,MTB,Ezio JULIA,https://www.allrugby.com/joueurs/ezio-julia-23713.html,,,,,,,,Union Sportive Montalbanaise (2016 - 2027)
PROD2,MTB,Ethan VINCENT,https://www.allrugby.com/joueurs/ethan-vincent-18351.html,,,,,,,,Sporting Union Agenais (2010 - 2025)
PROD2,MTB,Gabin LETELLIER,https://www.allrugby.com/joueurs/gabin-letellier-20652.html,,,,,,,,Union Sportive Montalbanaise (2025 - 2027)
PROD2,MTB,Grégory ROBERT,https://www.allrugby.com/joueurs/gregory-robert-15452.html,,,,,,,,US Bergerac Rugby (2011 - 2017) | Sporting Union Agenais (2017 - 2024) | US Bergerac Rugby (2024 - 2025)
PROD2,MTB,Jules JEUNEHOMME,https://www.allrugby.com/joueurs/jules-jeunehomme-18345.html,,,,,,,,Sporting Union Agenais (2020 - 2025) | Anglet Olympique Rugby Club (2025 - 2026)
PROD2,MTB,Maé RIVIÈRE,https://www.allrugby.com/joueurs/mae-riviere-21331.html,,,,,,,,Pessac (2016 - 2022) | Sporting Union Agenais (2022 - 2027)
PROD2,MTB,Jules FRANCONE,https://www.allrugby.com/joueurs/jules-francone-21076.html,,,,,,,,Union Sportive Montalbanaise (2019 - 2027)
PROD2,MTB,Millian OULDJI,https://www.allrugby.com/joueurs/millian-ouldji-18571.html,15,1,358,1,,,,Biarritz Olympique Pays Basque (2025 - 2027)
PROD2,MTB,Ismaël TIGHILT-LEFEBVRE,https://www.allrugby.com/joueurs/ismael-tighilt-lefebvre-22655.html,,,,,,,,Toulouse Lalande Aucamville (2021 - 2022) | Union Sportive Montalbanaise (2022 - 2027)
PROD2,MTB,Jean SEUX,https://www.allrugby.com/joueurs/jean-seux-21396.html,1,1,80,1,,,,Racing 92 (2023 - 2025) | Union Sportive Montalbanaise (2025 - 2027)
PROD2,MTB,Angelo PREVITALI,https://www.allrugby.com/joueurs/angelo-previtali-22358.html,,,,,,,,Sporting Union Agenais (2022 - 2027)
PROD2,MTB,Walter DESMAISON,https://www.allrugby.com/joueurs/walter-desmaison-1941.html,1,0,32,,,,,FC Grenoble Rugby (2015 - 2017) | Stade Montois Rugby Pro (2017 - 2019) | Sporting Union Agenais (2019 - 2024)
PROD2,VAL,Anthony ALÉO,https://www.allrugby.com/joueurs/anthony-aleo-8207.html,2,2,101,,,,2027-06-30,Union Sportive Montalbanaise (2019 - 2020) | Association Sportive Béziers Hérault (2020 - 2021) | Valence Romans Drôme Rugby (2021 - 2027)
PROD2,VAL,Esteban CHOUTEAU,https://www.allrugby.com/joueurs/esteban-chouteau-14476.html,1,0,30,,,,2027-06-30,Lyon Olympique Universitaire Rugby (2018 - 2023) | Valence Romans Drôme Rugby (2023 - 2027)
PROD2,VAL,Gareth MILASINOVICH,https://www.allrugby.com/joueurs/gareth-milasinovich-4266.html,3,1,119,,,,2027-06-30,Saracens (2022 - 2022) | Ulster Rugby (2022 - 2023) | Valence Romans Drôme Rugby (2023 - 2027)
PROD2,VAL,Alex BURIN,https://www.allrugby.com/joueurs/alex-burin-7289.html,24,17,1067,1,,,,Sporting Union Agenais (2017 - 2026) | Castres Olympique (2026 - 2027)
PROD2,VAL,Marco TRAUTH,https://www.allrugby.com/joueurs/marco-trauth-10677.html,3,1,109,,,,2027-06-30,Stade Toulousain (2024 - 2024) | Association Sportive Béziers Hérault (2024 - 2026) | Valence Romans Drôme Rugby (2026 - 2027)
PROD2,VAL,Tom ROSS,https://www.allrugby.com/joueurs/thomas-ross-7563.html,1,0,20,,,,2027-06-30,New South Wales Waratahs (2023 - 2024) | Nissa Rugby (2024 - 2025) | Valence Romans Drôme Rugby (2025 - 2027)
PROD2,VAL,Beau FARRANCE,https://www.allrugby.com/joueurs/beau-farrance-8270.html,15,4,530,,,,,Stado Tarbes Pyrénées Rugby (2023 - 2023) | Sporting Union Agenais (2023 - 2026) | Nissa Rugby (2026 - 2027)
PROD2,VAL,Vincent VIAL,https://www.allrugby.com/joueurs/vincent-vial-9661.html,2,2,101,,,,2027-06-30,CS Vienne rugby (2018 - 2022) | FC Grenoble Rugby (2022 - 2024) | Valence Romans Drôme Rugby (2024 - 2027)
PROD2,VAL,Dorian MARCO-PENA,https://www.allrugby.com/joueurs/dorian-marco-pena-5190.html,3,1,137,4,,,2027-06-30,Valence Romans Drôme Rugby (2022 - 2027)
PROD2,VAL,Issam HAMEL,https://www.allrugby.com/joueurs/issam-hamel-5159.html,1,1,22,,,,2027-06-30,USON Nevers Rugby (2020 - 2023) | CA Brive Corrèze Limousin (2023 - 2025) | Valence Romans Drôme Rugby (2025 - 2027)
PROD2,VAL,Sacha IDOUMI,https://www.allrugby.com/joueurs/sacha-idoumi-10641.html,2,1,78,3,,,2027-06-30,Stade Rochelais (2024 - 2024) | Nissa Rugby (2024 - 2025) | Valence Romans Drôme Rugby (2025 - 2027)
PROD2,VAL,Florian GOUMAT,https://www.allrugby.com/joueurs/florian-goumat-7702.html,16,7,600,,,,2027-06-30,Valence Romans Drôme Rugby (2013 - 2027)
PROD2,VAL,Hugo DESCUBE,https://www.allrugby.com/joueurs/hugo-descube-17158.html,3,1,117,,,,2027-06-30,Stade Toulousain (2018 - 2026) | Valence Romans Drôme Rugby (2026 - 2027)
PROD2,VAL,Hugo FABRÈGUE,https://www.allrugby.com/joueurs/hugo-fabregue-5517.html,2,2,139,,,,2027-06-30,USON Nevers Rugby (2015 - 2022) | Oyonnax Rugby (2022 - 2025) | Valence Romans Drôme Rugby (2025 - 2027)
PROD2,VAL,Florent GUION,https://www.allrugby.com/joueurs/florent-guion-5163.html,1,0,32,,,,,Soyaux-Angoulême XV Charente (2017 - 2019) | Rouen Normandie Rugby (2019 - 2021) | Sporting Union Agenais (2021 - 2027)
PROD2,VAL,Hans LOMBARD-BURET,https://www.allrugby.com/joueurs/hans-lombard-buret-6129.html,2,2,110,,,,,Stade Toulousain (2015 - 2018) | Sporting Union Agenais (2018 - 2027)
PROD2,VAL,Ryan MCCAULEY,https://www.allrugby.com/joueurs/ryan-mccauley-6895.html,2,2,144,,,,2027-06-30,Exeter Chiefs (2022 - 2022) | Western Force (2022 - 2023) | Valence Romans Drôme Rugby (2023 - 2027)
PROD2,VAL,Adrien ROUX,https://www.allrugby.com/joueurs/adrien-roux-15738.html,2,1,75,,,,2027-06-30,Valence Romans Drôme Rugby (2016 - 2027)
PROD2,VAL,Axel BRUCHET,https://www.allrugby.com/joueurs/axel-bruchet-8195.html,1,1,60,,,,2027-06-30,Valence Romans Drôme Rugby (2021 - 2027)
PROD2,VAL,Ilia SPANDERASHVILI,https://www.allrugby.com/joueurs/ilia-spanderashvili-11920.html,2,1,72,,,,2027-06-30,Valence Romans Drôme Rugby (2024 - 2027)
PROD2,VAL,Izaiha MOORE-AIONO,https://www.allrugby.com/joueurs/izaiha-moore-aiono-7881.html,2,1,93,,,,2027-06-30,Castres Olympique (2025 - 2025) | Saracens (2025 - 2025) | Valence Romans Drôme Rugby (2025 - 2027)
PROD2,VAL,Loan RÉAL,https://www.allrugby.com/joueurs/loan-real-13723.html,1,0,35,,,,2027-06-30,Stado Tarbes Pyrénées Rugby (2011 - 2023) | Valence Romans Drôme Rugby (2023 - 2027)
PROD2,VAL,Malik HAMADACHE,https://www.allrugby.com/joueurs/malik-hamadache-1497.html,7,6,313,,,,,Section Paloise Béarn Pyrénées (2016 - 2021) | Montpellier Hérault Rugby (2021 - 2022) | Sporting Union Agenais (2022 - 2024)
PROD2,VAL,Louis SUAUD,https://www.allrugby.com/joueurs/louis-suaud-8829.html,3,2,180,,,,2027-06-30,Nissa Rugby (2021 - 2025) | Valence Romans Drôme Rugby (2025 - 2027)
PROD2,VAL,Mamuka MSTOIANI,https://www.allrugby.com/joueurs/mamuka-mstoiani-11285.html,2,2,108,,,,,Sporting Union Agenais (2021 - 2026) | US Colomiers (2026 - 2027)
PROD2,VAL,Marco TAULEIGNE,https://www.allrugby.com/joueurs/marco-tauleigne-1398.html,3,3,233,,,,2027-06-30,Union Bordeaux-Bègles (2013 - 2021) | Montpellier Hérault Rugby (2021 - 2026) | Valence Romans Drôme Rugby (2026 - 2027)
PROD2,VAL,Matthieu VACHON,https://www.allrugby.com/joueurs/matthieu-vachon-14961.html,1,1,45,,,,2023-06-30,Valence Romans Drôme Rugby (2023 - 2023) | Blagnac (2024 - 2024) | Valence Romans Drôme Rugby (2024 - 2027)
PROD2,VAL,Thembelani BHOLI,https://www.allrugby.com/joueurs/thembelani-bholi-6750.html,24,13,1063,3,,,2027-06-30,Southern Kings (2020 - 2020) | Sharks Rugby Club (2020 - 2023) | Valence Romans Drôme Rugby (2023 - 2027)
PROD2,VAL,Mattéo RODOR,https://www.allrugby.com/joueurs/matteo-rodor-7320.html,2,2,133,1,,,2027-06-30,Union Sportive Arlequins Perpignanais (2010 - 2024) | Valence Romans Drôme Rugby (2024 - 2027)
PROD2,VAL,Paul DUMAS,https://www.allrugby.com/joueurs/paul-dumas-15679.html,1,0,13,,,,2027-06-30,Lyon Olympique Universitaire Rugby (2019 - 2024) | Valence Romans Drôme Rugby (2024 - 2027)
PROD2,VAL,Richard BARRINGTON,https://www.allrugby.com/joueurs/richard-barrington-2255.html,18,1,374,,,,,Sporting Union Agenais (2022 - 2024) | Ampthill Rugby (2024 - 2027)
PROD2,VAL,Thomas LHUSÉRO,https://www.allrugby.com/joueurs/thomas-lhusero-10249.html,3,1,106,,,,2027-06-30,Stado Tarbes Pyrénées Rugby (2014 - 2023) | Valence Romans Drôme Rugby (2023 - 2027)
PROD2,VAL,Adrien MARTIN,https://www.allrugby.com/joueurs/adrien-martin-20294.html,1,1,80,,,,2027-06-30,Valence Romans Drôme Rugby (2013 - 2027)
PROD2,VAL,Lucas MÉRET,https://www.allrugby.com/joueurs/lucas-meret-3609.html,2,2,160,1,,,2027-06-30,US Carcassonne (2020 - 2021) | Racing Club Narbonnais (2021 - 2022) | Valence Romans Drôme Rugby (2022 - 2027)
PROD2,VAL,Théo SAUZARET,https://www.allrugby.com/joueurs/theo-sauzaret-8376.html,2,0,54,,,,,Stade Olympique Chambéry (2020 - 2022) | Sporting Union Agenais (2022 - 2024) | US Carcassonne (2024 - 2027)
PROD2,VAL,Anatole PAUVERT,https://www.allrugby.com/joueurs/anatole-pauvert-5394.html,22,17,1175,6,,,2027-06-30,Racing 92 (2017 - 2020) | Rugby Club Vannes (2020 - 2021) | Valence Romans Drôme Rugby (2021 - 2027)
PROD2,VAL,Dylan IDRISSI,https://www.allrugby.com/joueurs/dylan-idrissi-18487.html,1,1,80,,,,2027-06-30,Stade Toulousain (2017 - 2023) | Racing 92 (2023 - 2025) | Valence Romans Drôme Rugby (2025 - 2027)
PROD2,VAL,Jean BALLIN,https://www.allrugby.com/joueurs/jean-ballin-22307.html,1,0,35,,,,2027-06-30,Anglet Olympique Rugby Club (2025 - 2026) | Valence Romans Drôme Rugby (2026 - 2027)
PROD2,VAL,Clément MARTINEZ,https://www.allrugby.com/joueurs/clement-martinez-5465.html,3,1,118,2,,,,Sporting Union Agenais (2019 - 2024) | Biarritz Olympique Pays Basque (2024 - 2026) | Nissa Rugby (2026 - 2027)
PROD2,VAL,Joris DUPONT,https://www.allrugby.com/joueurs/joris-dupont-11126.html,3,2,144,,,,2027-06-30,Castres Olympique (2023 - 2025) | Stade Montois Rugby Pro (2025 - 2026) | Valence Romans Drôme Rugby (2026 - 2027)
PROD2,VAL,Louis MARROU,https://www.allrugby.com/joueurs/louis-marrou-1384.html,2,1,68,,,,2027-06-30,Rouen Normandie Rugby (2020 - 2021) | Provence Rugby (2021 - 2024) | Valence Romans Drôme Rugby (2024 - 2027)
PROD2,VAL,Mathieu GUILLOMOT,https://www.allrugby.com/joueurs/mathieu-guillomot-3550.html,2,2,143,,,,2027-06-30,Rugby Lyons Piacenza (2017 - 2020) | Rugby Club Massy Essonne (2020 - 2023) | Valence Romans Drôme Rugby (2023 - 2027)
PROD2,VAL,Calum RANDLE,https://www.allrugby.com/joueurs/calum-randle-4461.html,1,1,68,,,,2027-06-30,Eastern Suburbs RFC (2023 - 2024) | sans club (2024 - 2025) | Valence Romans Drôme Rugby (2025 - 2027)
PROD2,VAL,Osea WAQANINAVATU,https://www.allrugby.com/joueurs/osea-waqaninavatu-7997.html,2,2,127,,,,2027-06-30,Castres Olympique (2025 - 2025) | Stado Tarbes Pyrénées Rugby (2025 - 2025) | Valence Romans Drôme Rugby (2025 - 2027)
PROD2,VAL,Paul MARSAN,https://www.allrugby.com/joueurs/paul-marsan-20484.html,1,1,80,,,,2025-06-30,Valence Romans Drôme Rugby (2025 - 2025) | Niort RC (2026 - 2026) | Valence Romans Drôme Rugby (2026 - 2027)
PROD2,VAL,Thomas ROZIÈRE,https://www.allrugby.com/joueurs/thomas-roziere-10755.html,2,2,160,1,,,2027-06-30,Rugby Club Massy Essonne (2023 - 2023) | ASM Clermont Auvergne (2023 - 2024) | Valence Romans Drôme Rugby (2024 - 2027)
PROD2,VAL,Joris MOURA,https://www.allrugby.com/joueurs/joris-moura-7709.html,3,1,128,,,,2027-06-30,Rugby Club Vannes (2020 - 2021) | Valence Romans Drôme Rugby (2021 - 2027)
PROD2,VAL,Thomas ZÉNON,https://www.allrugby.com/joueurs/thomas-zenon-8262.html,2,2,145,,,,2027-06-30,USON Nevers Rugby (2022 - 2024) | CA Brive Corrèze Limousin (2024 - 2026) | Valence Romans Drôme Rugby (2026 - 2027)
PROD2,VAL,Baptiste POUPET,https://www.allrugby.com/joueurs/baptiste-poupet-23760.html,,,,,,,2027-06-30,Lyon Olympique Universitaire Rugby (2018 - 2024) | Valence Romans Drôme Rugby (2024 - 2027)
PROD2,VAL,Adrien PAGANOTTO,https://www.allrugby.com/joueurs/adrien-paganotto-9977.html,,,,,,,,Sporting Union Agenais (2020 - 2025) | US Marmande (2025 - 2026)
PROD2,VAL,Giga TUTISANI,https://www.allrugby.com/joueurs/giga-tutisani-14801.html,2,0,36,,,,2027-06-30,RC Aia Kutaisi (2023 - 2023) | ASM Clermont Auvergne (2023 - 2026) | Valence Romans Drôme Rugby (2026 - 2027)
PROD2,VAL,Alexandre EVERAERT,https://www.allrugby.com/joueurs/alexandre-everaert-15860.html,,,,,,,,ASM Clermont Auvergne (2019 - 2023) | Sporting Union Agenais (2023 - 2027)
PROD2,VAL,Ruan VAN WYK,https://www.allrugby.com/joueurs/ruan-van-wyk-23739.html,,,,,,,2027-06-30,International Rugby Institute (2025 - 2026) | Valence Romans Drôme Rugby (2026 - 2027)
PROD2,VAL,Talat SAHIN,https://www.allrugby.com/joueurs/talat-sahin-15988.html,1,0,27,,,,2027-06-30,Valence Romans Drôme Rugby (2023 - 2027)
PROD2,VAL,Bastien DARRÉ,https://www.allrugby.com/joueurs/bastien-darre-21330.html,,,,,,,,Sporting Union Agenais (2021 - 2027)
PROD2,VAL,Tilyan RICHARD,https://www.allrugby.com/joueurs/tilyan-richard-22686.html,,,,,,,2027-06-30,Montpellier Hérault Rugby (2022 - 2026) | Valence Romans Drôme Rugby (2026 - 2027)
PROD2,VAL,Brice HOARAU,https://www.allrugby.com/joueurs/brice-hoarau-14462.html,,,,,,,,Sporting Union Agenais (2017 - 2025) | AS Fleurance (2025 - 2026)
PROD2,VAL,Matt ARNAUD,https://www.allrugby.com/joueurs/matt-arnaud-23632.html,,,,,,,2027-06-30,Valence Romans Drôme Rugby (2023 - 2027)
PROD2,VAL,Clovis SAMARUT,https://www.allrugby.com/joueurs/clovis-samarut-18341.html,,,,,,,,Sporting Union Agenais (2023 - 2026) | 4 Cantons Bastides Haut Agenais Périgord (2026 - 2027)
PROD2,VAL,Tom NUBLAT,https://www.allrugby.com/joueurs/tom-nublat-20117.html,1,0,27,,,,2025-06-30,Valence Romans Drôme Rugby (2025 - 2025) | RC Tricastin (2026 - 2026) | Valence Romans Drôme Rugby (2026 - 2027)
PROD2,VAL,Hadrien BAYNAUD,https://www.allrugby.com/joueurs/hadrien-baynaud-22557.html,,,,,,,2027-06-30,CS Bourgoin Jallieu Rugby (2022 - 2024) | Oyonnax Rugby (2024 - 2026) | Valence Romans Drôme Rugby (2026 - 2027)
PROD2,VAL,Elyan DUTHIL,https://www.allrugby.com/joueurs/elyan-duthil-21463.html,,,,,,,,Sporting Union Agenais (2021 - 2025) | Castres Olympique (2025 - 2027)
PROD2,VAL,Ousmane BOMOU,https://www.allrugby.com/joueurs/ousmane-bomou-21281.html,,,,,,,2027-06-30,Racing 92 (2019 - 2025) | Valence Romans Drôme Rugby (2025 - 2027)
PROD2,VAL,Roméo NABOYEV,https://www.allrugby.com/joueurs/romeo-naboyev-23759.html,,,,,,,2027-06-30,Valence Romans Drôme Rugby (2026 - 2027)
PROD2,VAL,Julien KOTEUREU,https://www.allrugby.com/joueurs/julien-koteureu-18340.html,1,1,52,,,,,RC Saint-Gilles (2017 - 2018) | Union Rugby Club Dumbéa (2018 - 2019) | Sporting Union Agenais (2019 - 2027)
PROD2,VAL,Bastien JULLIEN,https://www.allrugby.com/joueurs/bastien-jullien-23620.html,,,,,,,2027-06-30,Provence Rugby (2022 - 2026) | Valence Romans Drôme Rugby (2026 - 2027)
PROD2,VAL,Maïno PAKIHIVATAU,https://www.allrugby.com/joueurs/maino-pakihivatau-9976.html,1,0,15,,,,,Sporting Union Agenais (2020 - 2024) | US Marmande (2024 - 2026)
PROD2,VAL,Louis FRITSCH,https://www.allrugby.com/joueurs/louis-fritsch-21597.html,,,,,,,2027-06-30,Rugby Club Toulonnais (2021 - 2026) | Valence Romans Drôme Rugby (2026 - 2027)
PROD2,VAL,Mathis GENSUL,https://www.allrugby.com/joueurs/mathis-gensul-18342.html,,,,,,,,Sanary Ovalie (2016 - 2018) | Union Sportive Seynoise (2018 - 2021) | Sporting Union Agenais (2021 - 2025)
PROD2,VAL,Ruben CHOPARD,https://www.allrugby.com/joueurs/ruben-chopard-23633.html,,,,,,,2027-06-30,Valence Romans Drôme Rugby (2021 - 2027)
PROD2,VAL,Noah DERON,https://www.allrugby.com/joueurs/noah-deron-18348.html,,,,,,,,Sporting Union Agenais (2018 - 2026)
PROD2,VAL,Paulin MOURELON,https://www.allrugby.com/joueurs/paulin-mourelon-21465.html,,,,,,,2027-06-30,ASM Clermont Auvergne (2024 - 2025) | Valence Romans Drôme Rugby (2025 - 2027)
PROD2,VAL,Riley PULU,https://www.allrugby.com/joueurs/riley-pulu-13787.html,,,,,,,,Sporting Union Agenais (2022 - 2024) | Union Sportive Arlequins Perpignanais (2024 - 2026)
PROD2,VAL,Alix PIPISEGA,https://www.allrugby.com/joueurs/alix-pipisega-23617.html,,,,,,,2027-06-30,Valence Romans Drôme Rugby (2025 - 2027)
PROD2,VAL,Clovis CHIZAT,https://www.allrugby.com/joueurs/clovis-chizat-18458.html,,,,,,,,Sporting Union Agenais (2020 - 2024) | US Colomiers (2024 - 2027)
PROD2,VAL,Mateus LIBÓRIO,https://www.allrugby.com/joueurs/mateus-liborio-22775.html,,,,,,,2027-06-30,Lusitanos XV (2026 - 2026) | Centro Desportivo Universitário do Porto (2026 - 2026) | Valence Romans Drôme Rugby (2026 - 2027)
PROD2,VAL,Deyan NEPVEUX,https://www.allrugby.com/joueurs/deyan-nepveux-22357.html,,,,,,,,Sporting Union Agenais (2015 - 2027)
PROD2,VAL,Yoni REBBOAH,https://www.allrugby.com/joueurs/yoni-rebboah-21524.html,,,,,,,2027-06-30,US Romans-Péage (2021 - 2022) | CS Bourgoin Jallieu Rugby (2022 - 2025) | Valence Romans Drôme Rugby (2025 - 2027)
PROD2,VAL,Adrian BUKOVC,https://www.allrugby.com/joueurs/adrian-bukovc-23563.html,,,,,,,2027-06-30,Bassin de Crussol Rugby (2018 - 2020) | Valence Romans Drôme Rugby (2020 - 2027)
PROD2,VAL,Ethan VINCENT,https://www.allrugby.com/joueurs/ethan-vincent-18351.html,,,,,,,,Sporting Union Agenais (2010 - 2025)
PROD2,VAL,Grégory ROBERT,https://www.allrugby.com/joueurs/gregory-robert-15452.html,,,,,,,,US Bergerac Rugby (2011 - 2017) | Sporting Union Agenais (2017 - 2024) | US Bergerac Rugby (2024 - 2025)
PROD2,VAL,Jocelyn DEBRICON,https://www.allrugby.com/joueurs/jocelyn-debricon-21214.html,4,2,191,,,,2027-06-30,Lyon Olympique Universitaire Rugby (2022 - 2025) | Valence Romans Drôme Rugby (2025 - 2027)
PROD2,VAL,Jules JEUNEHOMME,https://www.allrugby.com/joueurs/jules-jeunehomme-18345.html,,,,,,,,Sporting Union Agenais (2020 - 2025) | Anglet Olympique Rugby Club (2025 - 2026)
PROD2,VAL,Walter DESMAISON,https://www.allrugby.com/joueurs/walter-desmaison-1941.html,1,0,32,,,,,FC Grenoble Rugby (2015 - 2017) | Stade Montois Rugby Pro (2017 - 2019) | Sporting Union Agenais (2019 - 2024)
