competitionCode,teamShortName,playerName,position,age,heightCm,weightKg,nationality,contractType,jiffStatus,contractEndDate
TOP14,TOU,Rodrigue NETI,Pilier,32,,,France,PRO,JIFF,
TOP14,TOU,Georges-Henri COLOMBE,Pilier,29,,,France,PRO,JIFF,
TOP14,TOU,Paul MALLEZ,Pilier,26,,,France,PRO,JIFF,
TOP14,TOU,Joël MERKLER,Pilier,25,,,Espagne,PRO,JIFF,
TOP14,TOU,Benjamin BERTRAND,Pilier,23,,,France,PRO,JIFF,
TOP14,TOU,Tomás RAPETTI,Pilier,22,,,Argentine,ESPOIR,ESPOIR_NON_JIFF,
TOP14,TOU,Herman MEKENESE,Pilier,22,,,France,ESPOIR,,
TOP14,TOU,Mohamed MEGHERBI,Pilier,22,,,France,ESPOIR,,
TOP14,TOU,Rafaël GALLARDO,Pilier,20,,,France,ESPOIR,,
TOP14,TOU,Gaëtan GRANIÉ,Pilier,20,,,France,ESPOIR,,
TOP14,TOU,Noa TINNIRELLO,Pilier,19,,,France,ESPOIR,,
TOP14,TOU,Joe LAFARGE,Pilier,19,,,France,ESPOIR,,
TOP14,TOU,Melvin WEVERS,Pilier,19,,,Pays-Bas,ESPOIR,ESPOIR_NON_JIFF,
TOP14,TOU,Dylane GIGAN,Pilier,19,,,France,ESPOIR,,
TOP14,TOU,Naïme SANS-NAHORT,Pilier,18,,,France,ESPOIR,,
TOP14,TOU,Julien MARCHAND,Talonneur,32,,,France,PRO,JIFF,
TOP14,TOU,Péato MAUVAKA,Talonneur,30,,,France,PRO,JIFF,
TOP14,TOU,Thomas LACOMBRE,Talonneur,22,,,France,ESPOIR,,
TOP14,TOU,Mathis CAUBLOT,Talonneur,22,,,France,ESPOIR,,
TOP14,TOU,Maxime GARDELLE,Talonneur,21,,,France,ESPOIR,,
TOP14,TOU,Sacha SÉGARD,Talonneur,20,,,France,ESPOIR,,
TOP14,TOU,Enzo FLUXA,Talonneur,19,,,France,ESPOIR,,
TOP14,TOU,Guilhem LACAND,Talonneur,19,,,France,ESPOIR,,
TOP14,TOU,Jules LUSCAN,Talonneur,19,,,France,ESPOIR,,
TOP14,TOU,Thibaud FLAMENT,2ème ligne,30,,,France,PRO,NON_JIFF,
TOP14,TOU,Emmanuel MEAFOU,2ème ligne,28,,,Australie,PRO,JIFF,
TOP14,TOU,Clément VERGÉ,2ème ligne,25,,,France,PRO,JIFF,
TOP14,TOU,Joshua BRENNAN,2ème ligne,25,,,Irlande,PRO,JIFF,
TOP14,TOU,Raphaël PORTAT,2ème ligne,23,,,France,ESPOIR,,
TOP14,TOU,Roméo MARTIN-BONNARD,2ème ligne,20,,,France,ESPOIR,,
TOP14,TOU,Eliot BARRIÉ,2ème ligne,20,,,France,ESPOIR,,
TOP14,TOU,Alban PORTAT,2ème ligne,20,,,France,ESPOIR,,
TOP14,TOU,Rayane BENHERROU,2ème ligne,20,,,France,ESPOIR,,
TOP14,TOU,Mathis THOMAS,2ème ligne,19,,,France,ESPOIR,,
TOP14,TOU,Thomas WARMÉ,2ème ligne,19,,,France,ESPOIR,,
TOP14,TOU,Matteo ROSI,2ème ligne,19,,,Italie,ESPOIR,ESPOIR_NON_JIFF,
TOP14,TOU,Aleix RIBERA,2ème ligne,19,,,Espagne,ESPOIR,ESPOIR_NON_JIFF,
TOP14,TOU,Jules MARTIN-BONNARD,2ème ligne,18,,,France,ESPOIR,,
TOP14,TOU,Tsiaro Yohan RANDRIANARY,2ème ligne,18,,,France,ESPOIR,,
TOP14,TOU,Preston TEKORI,2ème ligne,18,,,Nouvelle-Zélande,ESPOIR,,
TOP14,TOU,Anthony JELONCH,3ème ligne,30,,,France,PRO,JIFF,
TOP14,TOU,Jack WILLIS,3ème ligne,30,,,Angleterre,PRO,NON_JIFF,
TOP14,TOU,Alexandre ROUMAT,3ème ligne,30,,,France,PRO,JIFF,
TOP14,TOU,Théo NTAMACK,3ème ligne,25,,,France,PRO,JIFF,
TOP14,TOU,Léo BANOS,3ème ligne,24,,,France,PRO,JIFF,
TOP14,TOU,Esteban CAPILLA,3ème ligne,24,,,France,PRO,JIFF,
TOP14,TOU,Mathis CASTRO-FERREIRA,3ème ligne,23,,,France,PRO,JIFF,
TOP14,TOU,Marceau MARZULLO,3ème ligne,21,,,France,ESPOIR,,
TOP14,TOU,Hugo IBRES,3ème ligne,21,,,France,ESPOIR,,
TOP14,TOU,Guillaume RAYNAUD,3ème ligne,21,,,France,ESPOIR,,
TOP14,TOU,Martin LABARTHE,3ème ligne,20,,,France,ESPOIR,,
TOP14,TOU,Bobby BRENNAN,3ème ligne,20,,,France,ESPOIR,,
TOP14,TOU,Azur HOT-SIMON,3ème ligne,20,,,France,ESPOIR,,
TOP14,TOU,Hugo SOUBRE,3ème ligne,19,,,France,ESPOIR,,
TOP14,TOU,Marc-Élie KOUASSI,3ème ligne,19,,,France,ESPOIR,,
TOP14,TOU,Baptiste VIALAS,3ème ligne,19,,,France,ESPOIR,,
TOP14,TOU,Élias LIBOUREL,3ème ligne,19,,,France,ESPOIR,,
TOP14,TOU,Antoine DUPONT,Mêlée,30,,,France,PRO,JIFF,
TOP14,TOU,Paul GRAOU,Mêlée,29,,,France,PRO,JIFF,
TOP14,TOU,Simon DAROQUE,Mêlée,22,,,France,ESPOIR,,
TOP14,TOU,Lorenzo FERRARI,Mêlée,21,,,Italie,ESPOIR,ESPOIR_NON_JIFF,
TOP14,TOU,Nathan LLAVERIA,Mêlée,20,,,France,ESPOIR,,
TOP14,TOU,Zénon RENDU,Mêlée,20,,,France,ESPOIR,,
TOP14,TOU,Victor BLANC,Mêlée,19,,,France,ESPOIR,,
TOP14,TOU,Romain NTAMACK,Ouverture,28,,,France,PRO,JIFF,
TOP14,TOU,Valentin DELPY,Ouverture,23,,,France,PRO,JIFF,
TOP14,TOU,Lucien RICHARDIS,Ouverture,22,,,France,ESPOIR,,
TOP14,TOU,Louis COMPANYO,Ouverture,20,,,France,ESPOIR,,
TOP14,TOU,Jack VAS,Ouverture,19,,,Angleterre,ESPOIR,ESPOIR_NON_JIFF,
TOP14,TOU,Bixintxo DAGUERRE,Ouverture,18,,,France,ESPOIR,,
TOP14,TOU,Pierre-Louis BARASSI,Centre,29,,,France,PRO,JIFF,
TOP14,TOU,Santiago CHOCOBARES,Centre,28,,,Argentine,PRO,NON_JIFF,
TOP14,TOU,Tommaso MENONCELLO,Centre,24,,,Italie,PRO,NON_JIFF,
TOP14,TOU,Célian POUZELGUES,Centre,23,,,France,PRO,JIFF,
TOP14,TOU,Hugo PICHARDIE,Centre,22,,,Espagne,ESPOIR,,
TOP14,TOU,Kalvin GOURGUES,Centre,22,,,France,ESPOIR,,
TOP14,TOU,Oriol MARSINYAC,Centre,20,,,Espagne,ESPOIR,ESPOIR_NON_JIFF,
TOP14,TOU,Lukas AMATI,Centre,19,,,France,ESPOIR,,
TOP14,TOU,Axel MIRANDE,Centre,19,,,France,ESPOIR,,
TOP14,TOU,Maxence BAUX,Centre,19,,,France,ESPOIR,,
TOP14,TOU,Jérémy ABOUT,Centre,19,,,France,ESPOIR,,
TOP14,TOU,Bernardo PUCCIARIELLO,Centre,19,,,Argentine,ESPOIR,ESPOIR_NON_JIFF,
TOP14,TOU,Teddy THOMAS,Ailier,33,,,France,PRO,JIFF,
TOP14,TOU,Matthis LEBEL,Ailier,28,,,France,PRO,JIFF,
TOP14,TOU,Matt BERGÈS,Ailier,21,,,France,ESPOIR,,
TOP14,TOU,Jérémy NEMOR,Ailier,21,,,France,ESPOIR,,
TOP14,TOU,Martin THIBAUT,Ailier,19,,,France,ESPOIR,,
TOP14,TOU,Louis JACQUOT,Ailier,19,,,France,ESPOIR,,
TOP14,TOU,Théo CASTET,Ailier,18,,,France,ESPOIR,,
TOP14,TOU,Pablo MONTERO,Ailier,18,,,Espagne,ESPOIR,ESPOIR_NON_JIFF,
TOP14,TOU,Juan Cruz MALLÍA,Arrière,30,,,Argentine,PRO,NON_JIFF,
TOP14,TOU,Blair KINGHORN,Arrière,30,,,Ecosse,PRO,NON_JIFF,
TOP14,TOU,Ange CAPUOZZO,Arrière,28,,,France,PRO,JIFF,
TOP14,TOU,Matias REMUE,Arrière,24,,,Belgique,PRO,JIFF,
TOP14,TOU,Roméo MOLA,Arrière,21,,,France,ESPOIR,,
TOP14,TOU,Mathis CAPUS,Arrière,20,,,France,ESPOIR,,
TOP14,TOU,Enzo TRAILLE,Arrière,18,,,France,ESPOIR,,
TOP14,UBB,Carlü SADIE,Pilier,30,,,Afrique du sud,PRO,NON_JIFF,
TOP14,UBB,Sipili FALATEA,Pilier,30,,,France,PRO,JIFF,
TOP14,UBB,Lasha PKHAKADZE,Pilier,23,,,Géorgie,PRO,JIFF,
TOP14,UBB,Ruben PARGADE,Pilier,21,,,France,ESPOIR,,
TOP14,UBB,Lenny ALIFANETY,Pilier,20,,,France,ESPOIR,,
TOP14,UBB,Mell-Ronn POUYE-TOKOTU'U,Pilier,20,,,France,ESPOIR,,
TOP14,UBB,Amir HATTOUMA,Pilier,20,,,France,ESPOIR,,
TOP14,UBB,Noé THIBEAU,Pilier,20,,,France,ESPOIR,,
TOP14,UBB,Pierre SUICMEZ,Pilier,20,,,France,ESPOIR,,
TOP14,UBB,Ilyes GRIFFAULT,Pilier,19,,,France,ESPOIR,,
TOP14,UBB,Arsène MASSON,Pilier,19,,,France,ESPOIR,,
TOP14,UBB,Prince TAMBO-FANTCHO,Pilier,19,,,France,ESPOIR,,
TOP14,UBB,Paolo POUYPOUDAT,Pilier,19,,,France,ESPOIR,,
TOP14,UBB,Gaëtan BARLOT,Talonneur,30,,,France,PRO,JIFF,
TOP14,UBB,Maxime LAMOTHE,Talonneur,28,,,France,PRO,JIFF,
TOP14,UBB,Christian EVERITT,Talonneur,22,,,Afrique du sud,ESPOIR,,
TOP14,UBB,Clément MALINOWSKI,Talonneur,20,,,France,ESPOIR,,
TOP14,UBB,Jules FREYNET,Talonneur,19,,,France,ESPOIR,,
TOP14,UBB,Cyril CAZEAUX,2ème ligne,32,,,France,PRO,JIFF,
TOP14,UBB,Boris PALU,2ème ligne,31,,,France,PRO,JIFF,
TOP14,UBB,Alex MOON,2ème ligne,30,,,Angleterre,PRO,NON_JIFF,
TOP14,UBB,Adam ZAPĘDOWSKI,2ème ligne,21,,,Pologne,ESPOIR,,
TOP14,UBB,Francis PETERS,2ème ligne,21,,,Fidji,ESPOIR,,
TOP14,UBB,Donovan NIUHINA,2ème ligne,19,,,France,ESPOIR,,
TOP14,UBB,Baptiste GIROU,2ème ligne,19,,,France,ESPOIR,,
TOP14,UBB,Diaan AUGUSTYN,2ème ligne,19,,,Afrique du sud,ESPOIR,ESPOIR_NON_JIFF,
TOP14,UBB,Lionel FUKWAMOKO,2ème ligne,18,,,Congo,ESPOIR,,
TOP14,UBB,Jean-Luc DU PREEZ,3ème ligne,31,,,Afrique du sud,PRO,NON_JIFF,
TOP14,UBB,Cameron WOKI,3ème ligne,28,,,France,PRO,JIFF,
TOP14,UBB,Tom WILLIS,3ème ligne,28,,,Angleterre,PRO,NON_JIFF,
TOP14,UBB,Pierre BOCHATON,3ème ligne,26,,,France,PRO,JIFF,
TOP14,UBB,Temo MATIU,3ème ligne,25,,,France,PRO,JIFF,
TOP14,UBB,Tiaan JACOBS,3ème ligne,22,,,Afrique du sud,ESPOIR,,
TOP14,UBB,Marko GAZZOTTI,3ème ligne,22,,,France,ESPOIR,,
TOP14,UBB,Maxime HÉRAUD,3ème ligne,20,,,France,ESPOIR,,
TOP14,UBB,Elyjah IBSAIENE,3ème ligne,20,,,France,ESPOIR,,
TOP14,UBB,Mauricio Lorenzo FUKWAMOKO,3ème ligne,20,,,Congo,ESPOIR,,
TOP14,UBB,Colin SCHUSTER,3ème ligne,20,,,Suisse,ESPOIR,,
TOP14,UBB,Mathys ARGENTON,3ème ligne,20,,,France,ESPOIR,,
TOP14,UBB,Hugo SILVAIN POUVREAU,3ème ligne,19,,,France,ESPOIR,,
TOP14,UBB,Ben COETZEE,3ème ligne,19,,,Afrique du sud,ESPOIR,ESPOIR_NON_JIFF,
TOP14,UBB,Léo CAMARA,3ème ligne,19,,,France,ESPOIR,,
TOP14,UBB,Louis VALETTE,3ème ligne,18,,,France,ESPOIR,,
TOP14,UBB,Maxime LUCU,Mêlée,34,,,France,PRO,JIFF,
TOP14,UBB,Martin PAGE-RELO,Mêlée,28,,,France,PRO,JIFF,
TOP14,UBB,Gabin POIGNEAU,Mêlée,20,,,France,ESPOIR,,
TOP14,UBB,Natan POIGNEAU,Mêlée,20,,,France,ESPOIR,,
TOP14,UBB,Sacha LAUSSUCQ,Mêlée,20,,,France,ESPOIR,,
TOP14,UBB,Valentin HUTTEAU,Mêlée,20,,,France,ESPOIR,,
TOP14,UBB,César MÉMET,Mêlée,18,,,France,ESPOIR,,
TOP14,UBB,Matthieu JALIBERT,Ouverture,28,,,France,PRO,JIFF,
TOP14,UBB,Hugo REUS,Ouverture,23,,,France,PRO,JIFF,
TOP14,UBB,Félix DUGUAY,Ouverture,22,,,France,ESPOIR,,
TOP14,UBB,Manoa VAILLIER,Ouverture,19,,,France,ESPOIR,,
TOP14,UBB,Pablo UBERTI,Centre,29,,,France,PRO,JIFF,
TOP14,UBB,Yoram MOEFANA,Centre,26,,,France,PRO,JIFF,
TOP14,UBB,Nicolas DEPOORTÈRE,Centre,24,,,France,PRO,JIFF,
TOP14,UBB,Owen ERASMUS,Centre,21,,,Pays-de-Galles,ESPOIR,ESPOIR_NON_JIFF,
TOP14,UBB,Adrien DRAULT,Centre,21,,,France,ESPOIR,,
TOP14,UBB,Gabriel BOHN,Centre,20,,,France,ESPOIR,,
TOP14,UBB,Edwin LEE,Centre,19,,,France,ESPOIR,,
TOP14,UBB,Jules SAÏD,Centre,19,,,France,ESPOIR,,
TOP14,UBB,Yanis TREBUCHAIRE,Centre,18,,,France,ESPOIR,,
TOP14,UBB,Louis FAVRAU,Centre,18,,,France,ESPOIR,,
TOP14,UBB,Salesi RAYASI,Ailier,30,,,Nouvelle-Zélande,PRO,NON_JIFF,
TOP14,UBB,Damian PENAUD,Ailier,30,,,France,PRO,JIFF,
TOP14,UBB,Louis BIELLE-BIARREY,Ailier,24,,,France,PRO,JIFF,
TOP14,UBB,Ielenimo HOLISI,Ailier,20,,,France,ESPOIR,,
TOP14,UBB,Hugo AVOGADRO,Ailier,20,,,France,ESPOIR,,
TOP14,UBB,Thomas DELPEUCH,Ailier,20,,,France,ESPOIR,,
TOP14,UBB,Damien KUILAGI,Ailier,19,,,France,ESPOIR,,
TOP14,UBB,Oscar PERDIGON,Ailier,19,,,France,ESPOIR,,
TOP14,UBB,Romain BUROS,Arrière,29,,,France,PRO,JIFF,
TOP14,UBB,Thomas BARONNET,Arrière,21,,,France,ESPOIR,,
TOP14,UBB,Johan JANIEC,Arrière,20,,,France,ESPOIR,,
TOP14,UBB,Harley REIHANA,Arrière,19,,,Nouvelle-Zélande,ESPOIR,,
TOP14,UBB,Tom LARREY,Arrière,19,,,France,ESPOIR,,
TOP14,RAC,Taniela TUPOU,Pilier,31,,,Tonga,PRO,NON_JIFF,
TOP14,RAC,Hassane KOLINGAR,Pilier,29,,,France,PRO,JIFF,
TOP14,RAC,Demba BAMBA,Pilier,29,,,France,PRO,JIFF,
TOP14,RAC,Guram GOGICHASHVILI,Pilier,28,,,Géorgie,PRO,JIFF,
TOP14,RAC,Mathis BOUREAU D'ARGONNE,Pilier,21,,,France,ESPOIR,,
TOP14,RAC,Maxence COCHARD,Pilier,21,,,France,ESPOIR,,
TOP14,RAC,Édouard-Junior JABEA NJOCKE,Pilier,20,,,France,ESPOIR,,
TOP14,RAC,Liam COUTURIER,Pilier,20,,,France,ESPOIR,,
TOP14,RAC,Nikoloz TORADZE,Pilier,20,,,Géorgie,ESPOIR,,
TOP14,RAC,Luca EMERY,Pilier,19,,,France,ESPOIR,,
TOP14,RAC,Tyméo BOHNENSTENGEL,Pilier,18,,,France,ESPOIR,,
TOP14,RAC,Janick TARRIT,Talonneur,28,,,France,PRO,JIFF,
TOP14,RAC,Benjamin BOUDOU,Talonneur,25,,,France,PRO,JIFF,
TOP14,RAC,Elia MASI,Talonneur,20,,,France,ESPOIR,,
TOP14,RAC,Yanis BASSE,Talonneur,20,,,France,ESPOIR,,
TOP14,RAC,Baptiste MAURET,Talonneur,19,,,France,ESPOIR,,
TOP14,RAC,Romain TAOFIFENUA,2ème ligne,36,,,France,PRO,JIFF,
TOP14,RAC,Jonny HILL,2ème ligne,33,,,Angleterre,PRO,NON_JIFF,
TOP14,RAC,Seru URU,2ème ligne,30,,,Fidji,PRO,NON_JIFF,
TOP14,RAC,Maximillien BRACKENBURY,2ème ligne,20,,,France,ESPOIR,,
TOP14,RAC,Ruan SWART,2ème ligne,20,,,Afrique du sud,ESPOIR,ESPOIR_NON_JIFF,
TOP14,RAC,Lekima TAGITAGIVALU,3ème ligne,31,,,Fidji,PRO,JIFF,
TOP14,RAC,Ibrahim DIALLO,3ème ligne,29,,,France,PRO,JIFF,
TOP14,RAC,Nicolas MARTINS,3ème ligne,28,,,France,PRO,JIFF,
TOP14,RAC,Soumaila CAMARA,3ème ligne,23,,,France,PRO,JIFF,
TOP14,RAC,Shingi MANYARARA,3ème ligne,23,,,Zimbabwe,PRO,JIFF,
TOP14,RAC,Nicolas MARTINY,3ème ligne,21,,,France,ESPOIR,,
TOP14,RAC,Anicet BATBEDAT,3ème ligne,20,,,France,ESPOIR,,
TOP14,RAC,Matis JULIEN,3ème ligne,19,,,France,ESPOIR,,
TOP14,RAC,Yanis NAMA,3ème ligne,19,,,France,ESPOIR,,
TOP14,RAC,Noam ZEBUS-DELAGE,3ème ligne,19,,,France,ESPOIR,,
TOP14,RAC,Gaston LAGNEAU,3ème ligne,19,,,France,ESPOIR,,
TOP14,RAC,Maxime MACHENAUD,Mêlée,38,,,France,PRO,JIFF,
TOP14,RAC,Léo CARBONNEAU,Mêlée,22,,,France,ESPOIR,,
TOP14,RAC,Maxent GEORGELIN,Mêlée,22,,,France,ESPOIR,,
TOP14,RAC,Matěj SEHNAL,Mêlée,20,,,Tchécoslovaquie,ESPOIR,ESPOIR_NON_JIFF,
TOP14,RAC,Antoine LATRASSE,Mêlée,20,,,France,ESPOIR,,
TOP14,RAC,Simon MOREAU,Mêlée,19,,,France,ESPOIR,,
TOP14,RAC,Ugo SEUNES,Ouverture,26,,,France,PRO,JIFF,
TOP14,RAC,Milo WHITFORD,Ouverture,19,,,France,ESPOIR,,
TOP14,RAC,Josua TUISOVA,Centre,33,,,Fidji,PRO,JIFF,
TOP14,RAC,Paul COSTES,Centre,24,,,France,PRO,JIFF,
TOP14,RAC,Vladi ASHVETIA,Centre,22,,,Géorgie,ESPOIR,,
TOP14,RAC,Gaspard LIEVENS,Centre,20,,,France,ESPOIR,,
TOP14,RAC,Luigi COZZOLINO,Centre,20,,,France,ESPOIR,,
TOP14,RAC,Sione FINAU-TUPOU,Centre,17,,,Tonga,ESPOIR,,
TOP14,RAC,Wame NAITUVI,Ailier,31,,,Fidji,PRO,NON_JIFF,
TOP14,RAC,Arthur RETIÈRE,Ailier,29,,,France,PRO,JIFF,
TOP14,RAC,Vinaya HABOSI,Ailier,27,,,Fidji,PRO,NON_JIFF,
TOP14,RAC,Wilfried HULLEU,Ailier,25,,,France,PRO,JIFF,
TOP14,RAC,Josaia RALULU,Ailier,21,,,Fidji,ESPOIR,ESPOIR_NON_JIFF,
TOP14,RAC,Evan DUARTE MONTEIRO,Ailier,20,,,Portugal,ESPOIR,,
TOP14,RAC,Thomas RAMOS,Arrière,31,,,France,PRO,JIFF,
TOP14,RAC,Max SPRING,Arrière,26,,,France,PRO,JIFF,
TOP14,RAC,Arthur ROCHE,Arrière,22,,,France,ESPOIR,,
TOP14,RAC,Matanu FERNANDO,Arrière,19,,,France,ESPOIR,,
TOP14,RAC,Côme NITHARUM,Arrière,18,,,France,ESPOIR,,
TOP14,SFP,Paul ALO-EMILE,Pilier,35,,,Australie,PRO,NON_JIFF,
TOP14,SFP,Giorgi MELIKIDZE,Pilier,31,,,Géorgie,PRO,JIFF,
TOP14,SFP,Moses ALO-EMILE,Pilier,27,,,Australie,PRO,JIFF,
TOP14,SFP,Thomas BUÉ,Pilier,24,,,France,PRO,JIFF,
TOP14,SFP,Sergo ABRAMISHVILI,Pilier,23,,,Géorgie,PRO,JIFF,
TOP14,SFP,Braxton ASI,Pilier,22,,,Australie,ESPOIR,,
TOP14,SFP,Mehdi BORSALI,Pilier,22,,,France,ESPOIR,,
TOP14,SFP,Isaac KOFFI,Pilier,21,,,France,PRO,JIFF,
TOP14,SFP,Johannes POLOMSKY,Pilier,20,,,Allemagne,ESPOIR,,
TOP14,SFP,Arthur PINET,Pilier,19,,,France,ESPOIR,,
TOP14,SFP,Losseni MEÏTÉ,Pilier,19,,,France,ESPOIR,,
TOP14,SFP,Rigaud KENDINE,Pilier,19,,,France,ESPOIR,,
TOP14,SFP,Giacomo NICOTERA,Talonneur,30,,,Italie,PRO,NON_JIFF,
TOP14,SFP,Lucas PEYRESBLANQUES,Talonneur,29,,,France,PRO,JIFF,
TOP14,SFP,Tomasi MAKA,Talonneur,24,,,Australie,PRO,NON_JIFF,
TOP14,SFP,Álvaro GARCIA,Talonneur,23,,,Espagne,PRO,JIFF,
TOP14,SFP,Ethan TIA,Talonneur,21,,,France,ESPOIR,,
TOP14,SFP,Gaspard VAN PRAAG,Talonneur,18,,,Belgique,ESPOIR,ESPOIR_NON_JIFF,
TOP14,SFP,Justin BLOM,Talonneur,,,,Afrique du sud,ESPOIR,ESPOIR_NON_JIFF,
TOP14,SFP,Paul GABRILLAGUES,2ème ligne,34,,,France,PRO,JIFF,
TOP14,SFP,Pierre-Henri AZAGOH,2ème ligne,28,,,France,PRO,JIFF,
TOP14,SFP,Petero MAILULU,2ème ligne,24,,,Fidji,PRO,JIFF,
TOP14,SFP,Setareki TURAGACOKE,2ème ligne,21,,,Fidji,ESPOIR,ESPOIR_NON_JIFF,
TOP14,SFP,Jacques BOTHA,2ème ligne,20,,,Afrique du sud,ESPOIR,,
TOP14,SFP,Colin WIEDEMANN,2ème ligne,19,,,Allemagne,ESPOIR,ESPOIR_NON_JIFF,
TOP14,SFP,Hippolyte CARNOT,2ème ligne,17,,,France,ESPOIR,,
TOP14,SFP,JJ FOURIE,2ème ligne,,,,Afrique du sud,ESPOIR,ESPOIR_NON_JIFF,
TOP14,SFP,Romain BRIATTE,3ème ligne,34,,,France,PRO,JIFF,
TOP14,SFP,Tanginoa HALAIFONUA,3ème ligne,30,,,Tonga,PRO,JIFF,
TOP14,SFP,Yoan TANGA,3ème ligne,30,,,France,PRO,JIFF,
TOP14,SFP,Ryan CHAPUIS,3ème ligne,29,,,France,PRO,JIFF,
TOP14,SFP,Mathieu HIRIGOYEN,3ème ligne,28,,,France,PRO,JIFF,
TOP14,SFP,Juan Martin SCELZO,3ème ligne,25,,,Argentine,PRO,JIFF,
TOP14,SFP,Mosese TABUAKOTO,3ème ligne,21,,,Fidji,ESPOIR,,
TOP14,SFP,Karl KASPER,3ème ligne,19,,,Allemagne,ESPOIR,,
TOP14,SFP,Pablo GAUDIN,3ème ligne,19,,,France,ESPOIR,,
TOP14,SFP,Thibaut MOTASSI,Mêlée,22,,,France,PRO,JIFF,
TOP14,SFP,Martin BLUM,Mêlée,21,,,France,ESPOIR,,
TOP14,SFP,Louis CARBONEL,Ouverture,28,,,France,PRO,JIFF,
TOP14,SFP,Gaspard DE VILLENEUVE,Ouverture,20,,,France,ESPOIR,,
TOP14,SFP,Nolan BELLIDO,Ouverture,18,,,France,ESPOIR,,
TOP14,SFP,Jeremy WARD,Centre,31,,,Afrique du sud,PRO,NON_JIFF,
TOP14,SFP,Alivereti DUGUIVALU,Centre,29,,,Fidji,PRO,JIFF,
TOP14,SFP,Julien DELBOUIS,Centre,27,,,France,PRO,JIFF,
TOP14,SFP,Tani VILI,Centre,26,,,France,PRO,JIFF,
TOP14,SFP,Noah NÉNÉ,Centre,22,,,France,PRO,JIFF,
TOP14,SFP,Luka RUSSELL,Centre,22,,,Nouvelle-Zélande,ESPOIR,,
TOP14,SFP,Stanislas NOLLET,Centre,21,,,France,ESPOIR,,
TOP14,SFP,Virgile DRAUX,Centre,20,,,France,ESPOIR,,
TOP14,SFP,Guillaume DIDEY,Centre,19,,,France,ESPOIR,,
TOP14,SFP,Malobé MBAYE,Centre,19,,,France,ESPOIR,,
TOP14,SFP,Lester ÉTIEN,Ailier,32,,,France,PRO,JIFF,
TOP14,SFP,Peniasi DAKUWAQA,Ailier,30,,,Fidji,PRO,NON_JIFF,
TOP14,SFP,Yannick LODJRO,Ailier,21,,,France,PRO,JIFF,
TOP14,SFP,Aisake MANNA,Ailier,21,,,Fidji,ESPOIR,ESPOIR_NON_JIFF,
TOP14,SFP,Aporosa LALABALAVU,Ailier,19,,,Fidji,ESPOIR,ESPOIR_NON_JIFF,
TOP14,SFP,Léo BARRÉ,Arrière,24,,,France,PRO,JIFF,
TOP14,SFP,Mathis IBO,Arrière,22,,,France,PRO,JIFF,
TOP14,SFP,Edward JUMATATE,Arrière,19,,,Allemagne,ESPOIR,,
TOP14,TOL,Rabah SLIMANI,Pilier,37,,,France,PRO,JIFF,
TOP14,TOL,Kyle SINCKLER,Pilier,34,,,Angleterre,PRO,NON_JIFF,
TOP14,TOL,Dany PRISO,Pilier,33,,,Cameroun,PRO,JIFF,
TOP14,TOL,Jean-Baptiste GROS,Pilier,28,,,France,PRO,JIFF,
TOP14,TOL,Régis MONTAGNE,Pilier,26,,,France,PRO,JIFF,
TOP14,TOL,Samuel JEAN-CHRISTOPHE,Pilier,21,,,France,ESPOIR,,
TOP14,TOL,Samuel RENAULT,Pilier,20,,,France,ESPOIR,ESPOIR_NON_JIFF,
TOP14,TOL,Anto-Natale GHIPPONI,Pilier,20,,,France,ESPOIR,,
TOP14,TOL,Arthur MAZA,Pilier,20,,,France,ESPOIR,,
TOP14,TOL,Teddy BAUBIGNY,Talonneur,28,,,France,PRO,JIFF,
TOP14,TOL,Gianmarco LUCCHESI,Talonneur,26,,,Italie,PRO,NON_JIFF,
TOP14,TOL,Lohann GIL,Talonneur,21,,,France,ESPOIR,,
TOP14,TOL,Mathias MAZZONI,Talonneur,19,,,France,ESPOIR,,
TOP14,TOL,Thomas AMETLLA,Talonneur,19,,,France,ESPOIR,,
TOP14,TOL,Swan REBBADJ,2ème ligne,32,,,France,PRO,JIFF,
TOP14,TOL,David RIBBANS,2ème ligne,31,,,Afrique du sud,PRO,NON_JIFF,
TOP14,TOL,Luciano ASEVEDO,2ème ligne,23,,,Argentine,PRO,NON_JIFF,
TOP14,TOL,Corentin MÉZOU,2ème ligne,22,,,France,ESPOIR,,
TOP14,TOL,Junior KPOKU,2ème ligne,21,,,Angleterre,ESPOIR,,
TOP14,TOL,Antonio GÁMEZ,2ème ligne,20,,,Espagne,ESPOIR,ESPOIR_NON_JIFF,
TOP14,TOL,Enzo JEAN,2ème ligne,20,,,France,ESPOIR,,
TOP14,TOL,Davit BARAMIA,2ème ligne,20,,,Géorgie,ESPOIR,ESPOIR_NON_JIFF,
TOP14,TOL,Christian MENDES,2ème ligne,18,,,Espagne,ESPOIR,,
TOP14,TOL,Heamani SUTA,2ème ligne,18,,,France,ESPOIR,,
TOP14,TOL,Konrad FAUPALA,2ème ligne,18,,,France,ESPOIR,,
TOP14,TOL,Judicaël CANCORIET,3ème ligne,31,,,France,PRO,JIFF,
TOP14,TOL,Zach MERCER,3ème ligne,30,,,Angleterre,PRO,NON_JIFF,
TOP14,TOL,Esteban ABADIE,3ème ligne,29,,,France,PRO,JIFF,
TOP14,TOL,Patrick TUIFUA,3ème ligne,22,,,France,ESPOIR,,
TOP14,TOL,Joé QUERE-KARABA,3ème ligne,22,,,France,ESPOIR,,
TOP14,TOL,Mikheili SHIOSHVILI,3ème ligne,21,,,Géorgie,ESPOIR,,
TOP14,TOL,Noam MOREAU,3ème ligne,19,,,France,ESPOIR,,
TOP14,TOL,Tana KELETAONA,3ème ligne,19,,,France,ESPOIR,,
TOP14,TOL,Diego GRADOZ,3ème ligne,19,,,France,ESPOIR,,
TOP14,TOL,Noé SOKO,3ème ligne,18,,,France,ESPOIR,,
TOP14,TOL,Baptiste SERIN,Mêlée,33,,,France,PRO,JIFF,
TOP14,TOL,Clovis LE BAIL,Mêlée,31,,,France,PRO,JIFF,
TOP14,TOL,Ben WHITE,Mêlée,29,,,Angleterre,PRO,NON_JIFF,
TOP14,TOL,Giani CALLEYA,Mêlée,19,,,France,ESPOIR,,
TOP14,TOL,Tomás ALBORNOZ,Ouverture,29,,,Argentine,PRO,NON_JIFF,
TOP14,TOL,Matéo GARCIA,Ouverture,25,,,France,PRO,JIFF,
TOP14,TOL,Luka KELETAONA,Ouverture,21,,,France,ESPOIR,,
TOP14,TOL,Antoine DULAU,Ouverture,19,,,France,ESPOIR,,
TOP14,TOL,Lorenzo SIRIGNANO,Ouverture,19,,,France,ESPOIR,,
TOP14,TOL,Lucas BONNEAU,Ouverture,19,,,France,ESPOIR,,
TOP14,TOL,Caylen UMAGA,Ouverture,19,,,Angleterre,ESPOIR,ESPOIR_NON_JIFF,
TOP14,TOL,Lucas GUES,Ouverture,18,,,France,ESPOIR,,
TOP14,TOL,Huw JONES,Centre,33,,,Ecosse,PRO,NON_JIFF,
TOP14,TOL,Gaël FICKOU,Centre,33,,,France,PRO,JIFF,
TOP14,TOL,Rayan REBBADJ,Centre,27,,,France,PRO,JIFF,
TOP14,TOL,Léon DARRICARRÈRE,Centre,23,,,France,PRO,JIFF,
TOP14,TOL,Louis MORLAND,Centre,23,,,France,PRO,JIFF,
TOP14,TOL,Oliver COWIE,Centre,22,,,France,PRO,JIFF,
TOP14,TOL,Kyllian BÉAL,Centre,20,,,France,ESPOIR,,
TOP14,TOL,Andrea AZZOLIN,Centre,20,,,France,ESPOIR,,
TOP14,TOL,Noud ROBBERTSEN,Centre,19,,,Pays-Bas,ESPOIR,ESPOIR_NON_JIFF,
TOP14,TOL,Léandre TRUMEAU,Centre,19,,,France,ESPOIR,,
TOP14,TOL,Setariki TUICUVU,Ailier,31,,,Fidji,PRO,JIFF,
TOP14,TOL,Gabin VILLIÈRE,Ailier,31,,,France,PRO,JIFF,
TOP14,TOL,Gaël DRÉAN,Ailier,26,,,France,PRO,JIFF,
TOP14,TOL,Apete NAROGO,Ailier,25,,,Fidji,PRO,NON_JIFF,
TOP14,TOL,Matéo GRACIEUX,Ailier,22,,,France,ESPOIR,,
TOP14,TOL,Ewen TANGUY,Ailier,21,,,France,ESPOIR,,
TOP14,TOL,Noé LEBRUN,Ailier,20,,,France,ESPOIR,,
TOP14,TOL,Melvyn JAMINET,Arrière,28,,,France,PRO,JIFF,
TOP14,TOL,Marius DOMON,Arrière,25,,,France,PRO,JIFF,
TOP14,TOL,Mathis FERTÉ,Arrière,23,,,France,PRO,JIFF,
TOP14,LAR,Sione AHIO,Pilier,26,,117,Nouvelle-Zélande,PRO,NON_JIFF,2029-06-30
TOP14,LAR,Aleksandre KUNTELIA,Pilier,25,,128,Géorgie,PRO,JIFF,2029-06-30
TOP14,LAR,Nathan FRAISSENON,Pilier,24,,140,France,PRO,JIFF,2030-06-30
TOP14,LAR,Louis PENVERNE,Pilier,24,,115,France,PRO,JIFF,2029-06-30
TOP14,LAR,Alexandre KADDOURI,Pilier,23,,101,France,PRO,JIFF,2030-06-30
TOP14,LAR,Christian LUAKI,Pilier,23,,132,France,ESPOIR,,2028-06-30
TOP14,LAR,Upaleto FEAO,Pilier,22,,,Tonga,ESPOIR,,2029-06-30
TOP14,LAR,Toine OBIANG NGUEMA,Pilier,21,,138,Pays-Bas,ESPOIR,,2028-06-30
TOP14,LAR,Zak PRICE,Pilier,19,,139,France,ESPOIR,,2030-06-30
TOP14,LAR,Pierre BOURGARIT,Talonneur,29,,99,France,PRO,JIFF,2030-06-30
TOP14,LAR,Nika SUTIDZE,Talonneur,23,,106,Géorgie,PRO,JIFF,2029-06-30
TOP14,LAR,Gabin GARAULT,Talonneur,21,,121,France,ESPOIR,,2030-06-30
TOP14,LAR,Seveci Naikalagi NAISILISILI,Talonneur,19,,,Fidji,ESPOIR,,2028-06-30
TOP14,LAR,Will SKELTON,2ème ligne,35,,151,Nouvelle-Zélande,PRO,NON_JIFF,2030-06-30
TOP14,LAR,Salmaan MOERAT,2ème ligne,29,,114,Afrique du sud,PRO,NON_JIFF,2030-06-30
TOP14,LAR,Thomas LAVAULT,2ème ligne,28,,113,France,PRO,JIFF,2031-06-30
TOP14,LAR,Thomas ADÉLAÏDE,2ème ligne,24,,132,France,PRO,JIFF,2031-06-30
TOP14,LAR,Watisoni WAQANISARAVI,2ème ligne,24,,135,Fidji,PRO,NON_JIFF,2029-06-30
TOP14,LAR,Charles KANTÉ-SAMBA,2ème ligne,22,,102,France,PRO,JIFF,2029-06-30
TOP14,LAR,Christian GERMANÒ,2ème ligne,19,,121,Italie,ESPOIR,ESPOIR_NON_JIFF,2029-06-30
TOP14,LAR,Sio KITE,2ème ligne,18,,135,Australie,ESPOIR,ESPOIR_NON_JIFF,2032-06-30
TOP14,LAR,Theo MCFARLAND,3ème ligne,31,,117,Samoa,PRO,NON_JIFF,2029-06-30
TOP14,LAR,Greg ALLDRITT,3ème ligne,30,,125,France,PRO,JIFF,2030-06-30
TOP14,LAR,Paul BOUDEHENT,3ème ligne,27,,114,France,PRO,JIFF,2031-06-30
TOP14,LAR,Matthias HADDAD,3ème ligne,26,,89,France,PRO,JIFF,2030-06-30
TOP14,LAR,Sam TUIFUA,3ème ligne,25,,115,Nouvelle-Zélande,PRO,NON_JIFF,2030-06-30
TOP14,LAR,Oscar JÉGOU,3ème ligne,24,,82,France,PRO,JIFF,2029-06-30
TOP14,LAR,Andy TIMO,3ème ligne,23,,84,France,PRO,JIFF,2029-06-30
TOP14,LAR,Lucas ANDJISSERAMATCHI,3ème ligne,21,,90,France,ESPOIR,,2029-06-30
TOP14,LAR,Kirill FRAINDT,3ème ligne,20,,115,Russie,ESPOIR,ESPOIR_NON_JIFF,2030-06-30
TOP14,LAR,Oscar BOUTEZ,3ème ligne,19,,,France,ESPOIR,,2029-06-30
TOP14,LAR,Max WORSLEY,3ème ligne,19,,,Angleterre,ESPOIR,,2029-06-30
TOP14,LAR,Charlie SHORTALL,3ème ligne,19,,,Belgique,ESPOIR,ESPOIR_NON_JIFF,2029-06-30
TOP14,LAR,Bas BROEKS,3ème ligne,18,,,Belgique,ESPOIR,ESPOIR_NON_JIFF,2029-06-30
TOP14,LAR,Thomas BERJON,Mêlée,29,,86,France,PRO,JIFF,2029-06-30
TOP14,LAR,Nolann LE GARREC,Mêlée,25,,86,France,PRO,JIFF,2031-06-30
TOP14,LAR,Temanatua BOICHOT,Mêlée,21,,,France,ESPOIR,,2028-06-30
TOP14,LAR,Valentin BOUJU,Mêlée,19,,,France,ESPOIR,,2029-06-30
TOP14,LAR,Antoine HASTOY,Ouverture,30,,92,France,PRO,JIFF,2030-06-30
TOP14,LAR,Ben HEALY,Ouverture,28,,114,Irlande,PRO,NON_JIFF,2029-06-30
TOP14,LAR,Diego JURD,Ouverture,20,,83,France,ESPOIR,,2031-06-30
TOP14,LAR,Sacha ELISSALDE,Ouverture,19,,,France,ESPOIR,,2029-06-30
TOP14,LAR,Arthur VENDÉ,Ouverture,19,,,France,ESPOIR,,2028-06-30
TOP14,LAR,Ulupano SEUTENI,Centre,33,,91,Australie,PRO,JIFF,2029-06-30
TOP14,LAR,David KRIEL,Centre,28,,106,Afrique du sud,PRO,NON_JIFF,2029-06-30
TOP14,LAR,Jules FAVRE,Centre,28,,104,France,PRO,JIFF,2030-06-30
TOP14,LAR,Semi LAGIVALA,Centre,24,,90,Fidji,PRO,JIFF,2029-06-30
TOP14,LAR,Simeli DAUNIVUCU,Centre,22,,90,Fidji,ESPOIR,,2030-06-30
TOP14,LAR,Oscar SHORTALL,Centre,21,,,Belgique,ESPOIR,ESPOIR_NON_JIFF,2028-06-30
TOP14,LAR,Uwé KAMOTO,Centre,18,,,Tonga,ESPOIR,,2028-06-30
TOP14,LAR,Nathan BOLLENGIER,Ailier,23,,78,France,PRO,JIFF,2030-06-30
TOP14,LAR,Hugo BIZOTTO,Ailier,21,,,France,ESPOIR,,2028-06-30
TOP14,LAR,Peni Torau VUETIMAIWAI,Ailier,21,,,Fidji,ESPOIR,,2028-06-30
TOP14,LAR,Jurgen KAMOTO,Ailier,21,,,Tonga,ESPOIR,,2028-06-30
TOP14,LAR,Ilian SONKO-BASIN,Ailier,18,,,France,ESPOIR,,2029-06-30
TOP14,LAR,Davit NINIASHVILI,Arrière,24,,96,Géorgie,PRO,JIFF,2031-06-30
TOP14,LAR,Martin BETSEN,Arrière,21,,,France,ESPOIR,ESPOIR_NON_JIFF,2029-06-30
TOP14,LAR,Mark GRINDLAY,Arrière,20,,81,Afrique du sud,ESPOIR,ESPOIR_NON_JIFF,2030-06-30
TOP14,LAR,Jessy TAOFIFENUA,Arrière,18,,,France,ESPOIR,,2029-06-30
TOP14,ASM,Cristian OJOVAN,Pilier,30,,134,Moldavie,PRO,JIFF,2030-06-30
TOP14,ASM,Giorgi AKHALADZE,Pilier,28,,139,Géorgie,PRO,JIFF,2030-06-30
TOP14,ASM,Giorgi DZMANASHVILI,Pilier,25,,108,Géorgie,PRO,JIFF,2030-06-30
TOP14,ASM,Mathéo FRISACH,Pilier,21,,136,France,ESPOIR,,2031-06-30
TOP14,ASM,Tristan OLIVIER,Pilier,20,,,France,ESPOIR,,2029-06-30
TOP14,ASM,Nohem EZ ZAHOUANY,Pilier,20,,,France,ESPOIR,,2028-06-30
TOP14,ASM,Enzo DEFILLON,Pilier,20,,,France,ESPOIR,,2029-06-30
TOP14,ASM,Hendro HATTINGH,Pilier,19,,,Angleterre,ESPOIR,ESPOIR_NON_JIFF,2030-06-30
TOP14,ASM,Noah TRAINI,Pilier,19,,,France,ESPOIR,,2029-06-30
TOP14,ASM,Aloïs MONTAVY,Pilier,18,,,France,ESPOIR,,2028-06-30
TOP14,ASM,Oliver MC CALL,Pilier,,,,Angleterre,ESPOIR,ESPOIR_NON_JIFF,2028-06-30
TOP14,ASM,Etienne FOURCADE,Talonneur,30,,116,France,PRO,JIFF,2030-06-30
TOP14,ASM,Peniami Nasali NARISIA,Talonneur,30,,117,Fidji,PRO,JIFF,2030-06-30
TOP14,ASM,Barnabé MASSA,Talonneur,23,,108,France,PRO,JIFF,2029-06-30
TOP14,ASM,Mevlut ZENGIN,Talonneur,21,,,France,ESPOIR,,2029-06-30
TOP14,ASM,Gabriel MELCHOR,Talonneur,19,,,France,ESPOIR,,2028-06-30
TOP14,ASM,Chuan UN,Talonneur,19,,,France,ESPOIR,,2028-06-30
TOP14,ASM,Raphaël CEYSSAT,Talonneur,18,,,France,ESPOIR,,2029-06-30
TOP14,ASM,Tevita RATUVA,2ème ligne,32,,122,Fidji,PRO,NON_JIFF,2029-06-30
TOP14,ASM,Darcy SWAIN,2ème ligne,30,,124,Australie,PRO,NON_JIFF,2031-06-30
TOP14,ASM,Thibaud LANEN,2ème ligne,29,,106,France,PRO,JIFF,2029-06-30
TOP14,ASM,Baptiste VESCHAMBRE,2ème ligne,20,,115,France,ESPOIR,,2031-06-30
TOP14,ASM,Léo MICHAUX,2ème ligne,19,,140,France,ESPOIR,,2031-06-30
TOP14,ASM,Nico JONES,2ème ligne,19,,,Angleterre,ESPOIR,ESPOIR_NON_JIFF,2028-06-30
TOP14,ASM,Julien FOURNIER,2ème ligne,19,,,France,ESPOIR,,2028-06-30
TOP14,ASM,Noann LAVAIL,2ème ligne,18,,,France,ESPOIR,,2029-06-30
TOP14,ASM,Pierre JOB,2ème ligne,18,,,France,ESPOIR,,2029-06-30
TOP14,ASM,Andrea FOIAMA-CRESPO,2ème ligne,18,,,France,ESPOIR,,2029-06-30
TOP14,ASM,Pita-Gus SOWAKULA,3ème ligne,32,,118,Fidji,PRO,NON_JIFF,2028-06-30
TOP14,ASM,Pio MUARUA,3ème ligne,31,,125,Fidji,PRO,JIFF,2030-06-30
TOP14,ASM,Selevasio TOLOFUA,3ème ligne,30,,128,France,PRO,JIFF,2029-06-30
TOP14,ASM,Marcos KREMER,3ème ligne,29,,123,Argentine,PRO,NON_JIFF,2030-06-30
TOP14,ASM,Anthime HEMERY,3ème ligne,26,,126,France,PRO,JIFF,2031-06-30
TOP14,ASM,Killian TIXERONT,3ème ligne,25,,99,France,PRO,JIFF,2029-06-30
TOP14,ASM,Antoine CHALUS,3ème ligne,22,,107,France,PRO,JIFF,2030-06-30
TOP14,ASM,Ephise NAVECTH,3ème ligne,19,,,France,ESPOIR,,2028-06-30
TOP14,ASM,Raphaël PAYRASTRE,3ème ligne,19,,,France,ESPOIR,,2028-06-30
TOP14,ASM,Louis VERMEULEN,3ème ligne,19,,,France,ESPOIR,,2028-06-30
TOP14,ASM,Scott BARRE,3ème ligne,19,,,France,ESPOIR,,2028-06-30
TOP14,ASM,Mathis DE SAINT-ÉTIENNE,3ème ligne,19,,,France,ESPOIR,,2028-06-30
TOP14,ASM,Paul GASPARD,3ème ligne,19,,,France,ESPOIR,,2029-06-30
TOP14,ASM,Matthieu PALMIER,3ème ligne,19,,,France,ESPOIR,,2030-06-30
TOP14,ASM,Ilan CUSIN,3ème ligne,18,,,France,ESPOIR,,2029-06-30
TOP14,ASM,Sione LAMELANGI,3ème ligne,18,,105,France,ESPOIR,ESPOIR_NON_JIFF,2028-06-30
TOP14,ASM,Baptiste GERMAIN,Mêlée,26,,92,France,PRO,JIFF,2029-06-30
TOP14,ASM,Baptiste JAUNEAU,Mêlée,23,,80,France,PRO,JIFF,2030-06-30
TOP14,ASM,Lucas ZAMORA,Mêlée,22,,70,France,PRO,JIFF,2029-06-30
TOP14,ASM,Émilien VERDIER,Mêlée,20,,,France,ESPOIR,,2029-06-30
TOP14,ASM,Yannis CHAUMEIL,Mêlée,20,,,France,ESPOIR,,2029-06-30
TOP14,ASM,Iban DUBERTRAND,Mêlée,19,,,France,ESPOIR,,2028-06-30
TOP14,ASM,Jonas FRADET,Mêlée,18,,,France,ESPOIR,,2029-06-30
TOP14,ASM,Harry PLUMMER,Ouverture,29,,105,Nouvelle-Zélande,PRO,NON_JIFF,2029-06-30
TOP14,ASM,Justin BOURAUX,Ouverture,25,,82,France,PRO,JIFF,2030-06-30
TOP14,ASM,Juan MARTÍN MONTILLA,Ouverture,20,,,Argentine,ESPOIR,,2028-06-30
TOP14,ASM,Matéo TISSOT,Ouverture,18,,,France,ESPOIR,,2028-06-30
TOP14,ASM,AJ LAM,Centre,28,,91,Nouvelle-Zélande,PRO,NON_JIFF,2031-06-30
TOP14,ASM,Alivereti LOALOA,Centre,26,,89,Fidji,PRO,JIFF,2031-06-30
TOP14,ASM,Mathys BELAUBRE,Centre,22,,105,France,PRO,JIFF,2028-06-30
TOP14,ASM,Florian SENECTAIRE,Centre,21,,,France,ESPOIR,,2028-06-30
TOP14,ASM,Enzo PAWLIWEC,Centre,20,,,France,ESPOIR,,2029-06-30
TOP14,ASM,Timéo FRIER,Centre,19,,84,France,ESPOIR,,2030-06-30
TOP14,ASM,Yanis BROSSET,Centre,19,,,France,ESPOIR,,2028-06-30
TOP14,ASM,Noan BRAOUET,Centre,19,,,France,ESPOIR,,2028-06-30
TOP14,ASM,Jules VERMEULEN,Centre,17,,,France,ESPOIR,,2031-06-30
TOP14,ASM,Alivereti RAKA,Ailier,32,,107,Fidji,PRO,JIFF,2030-06-30
TOP14,ASM,Joris JURAND,Ailier,31,,110,France,PRO,JIFF,2028-06-30
TOP14,ASM,Bautista DELGUY,Ailier,30,,70,Argentine,PRO,NON_JIFF,2029-06-30
TOP14,ASM,Etene NANAI-SETURO,Ailier,27,,99,Nouvelle-Zélande,PRO,NON_JIFF,2031-06-30
TOP14,ASM,Mathis ROUGERIE,Ailier,20,,,France,ESPOIR,,2028-06-30
TOP14,ASM,Pierre-Emmanuel FERNANDES,Ailier,19,,,France,ESPOIR,,2029-06-30
TOP14,ASM,Dimitri EMERY,Ailier,19,,,France,ESPOIR,,2028-06-30
TOP14,ASM,Marius BARON,Ailier,19,,,France,ESPOIR,,2029-06-30
TOP14,ASM,Muhammed Eren ZENGIN,Ailier,19,,,France,ESPOIR,,2029-06-30
TOP14,ASM,Ethan FRANÇOIS,Ailier,18,,,France,ESPOIR,,2029-06-30
TOP14,ASM,Axel GUILLAUD,Arrière,21,,93,France,ESPOIR,,2031-06-30
TOP14,ASM,Maël BERGER,Arrière,20,,,France,ESPOIR,,2029-06-30
TOP14,ASM,Tom SAVINEL,Arrière,19,,,France,ESPOIR,,2028-06-30
TOP14,ASM,Sacha LEROY,Arrière,18,,,France,ESPOIR,,2028-06-30
TOP14,LOU,Jérôme REY,Pilier,32,,,France,PRO,JIFF,
TOP14,LOU,Hamza KAABÈCHE,Pilier,30,,,France,PRO,JIFF,
TOP14,LOU,Opeti HELU,Pilier,28,,,Tonga,PRO,NON_JIFF,
TOP14,LOU,Thomas GALLO,Pilier,28,,,Argentine,PRO,NON_JIFF,
TOP14,LOU,Thomas MOUKORO,Pilier,25,,,France,PRO,JIFF,
TOP14,LOU,Irakli APTSIAURI,Pilier,24,,,Géorgie,PRO,JIFF,
TOP14,LOU,Tim HOYT,Pilier,24,,,Angleterre,PRO,NON_JIFF,
TOP14,LOU,Avé MAALO,Pilier,23,,,Nouvelle-Zélande,PRO,JIFF,
TOP14,LOU,Maxime VITOUX,Pilier,21,,,France,ESPOIR,,
TOP14,LOU,Pierre-Chanel TAFILI,Pilier,20,,,France,ESPOIR,,
TOP14,LOU,Axel BAAS,Pilier,19,,,France,ESPOIR,,
TOP14,LOU,Nolhan WATAT,Pilier,18,,,France,ESPOIR,,
TOP14,LOU,Camille CHAT,Talonneur,31,,,France,PRO,JIFF,
TOP14,LOU,Guillaume MARCHAND,Talonneur,29,,,France,PRO,JIFF,
TOP14,LOU,Mathis SARRAGALLET,Talonneur,27,,,France,PRO,JIFF,
TOP14,LOU,Thomas MARCELINE,Talonneur,22,,,France,ESPOIR,,
TOP14,LOU,Morgan ROBICHON,Talonneur,21,,,France,ESPOIR,,
TOP14,LOU,Giovanny TAFILI,Talonneur,19,,,France,ESPOIR,,
TOP14,LOU,Dimitry LELONG,Talonneur,17,,,France,ESPOIR,,
TOP14,LOU,Janse ROUX,2ème ligne,29,,,Afrique du sud,PRO,NON_JIFF,
TOP14,LOU,Théo WILLIAM,2ème ligne,27,,,France,PRO,JIFF,
TOP14,LOU,Mickaël GUILLARD,2ème ligne,26,,,France,PRO,JIFF,
TOP14,LOU,Fousseynou CISSOKHO,2ème ligne,22,,,France,ESPOIR,,
TOP14,LOU,Bartholomé SANSON,2ème ligne,22,,,France,ESPOIR,,
TOP14,LOU,Ruan VIVIERS,2ème ligne,21,,,Afrique du sud,ESPOIR,ESPOIR_NON_JIFF,
TOP14,LOU,Anthony RICO,2ème ligne,20,,,France,ESPOIR,,
TOP14,LOU,François CROS,3ème ligne,33,,,France,PRO,JIFF,
TOP14,LOU,Sam SIMMONDS,3ème ligne,32,,,Angleterre,PRO,NON_JIFF,
TOP14,LOU,Dylan CRETIN,3ème ligne,30,,,France,PRO,JIFF,
TOP14,LOU,Beka SHVANGIRADZE,3ème ligne,25,,,Géorgie,PRO,JIFF,
TOP14,LOU,Marvin OKUYA,3ème ligne,23,,,France,PRO,JIFF,
TOP14,LOU,Antoine DÉLIANCE,3ème ligne,22,,,France,ESPOIR,,
TOP14,LOU,Louis DOUAUD,3ème ligne,21,,,France,ESPOIR,,
TOP14,LOU,Lilian BARET,3ème ligne,19,,,France,ESPOIR,,
TOP14,LOU,Loan ROPERO,3ème ligne,19,,,France,ESPOIR,,
TOP14,LOU,Cléo BARD,3ème ligne,18,,,France,ESPOIR,,
TOP14,LOU,Mathys TEYSSIER,3ème ligne,18,,,France,ESPOIR,,
TOP14,LOU,Soulaimane CAMARA,3ème ligne,17,,,France,ESPOIR,,
TOP14,LOU,Baptiste COUILLOUD,Mêlée,29,,,France,PRO,JIFF,
TOP14,LOU,Sanele NOHAMBA,Mêlée,28,,,Afrique du sud,PRO,NON_JIFF,
TOP14,LOU,Esteban GONZALEZ,Mêlée,21,,,France,ESPOIR,,
TOP14,LOU,Ange GIROUD,Mêlée,20,,,France,ESPOIR,,
TOP14,LOU,Noa LETERME,Mêlée,19,,,France,ESPOIR,,
TOP14,LOU,Martin MÉLIANDE,Ouverture,25,,,France,PRO,JIFF,
TOP14,LOU,Paco MAZOYER,Ouverture,21,,,France,ESPOIR,,
TOP14,LOU,Mathis GALEAZZI,Ouverture,19,,,France,ESPOIR,,
TOP14,LOU,Malakai HAFOKA TOCA,Ouverture,18,,,Nouvelle-Zélande,ESPOIR,ESPOIR_NON_JIFF,
TOP14,LOU,Théo MILLET,Centre,30,,,France,PRO,JIFF,
TOP14,LOU,Iosefo MASI,Centre,29,,,Fidji,PRO,NON_JIFF,
TOP14,LOU,Josiah MARAKU,Centre,27,,,Nouvelle-Zélande,PRO,NON_JIFF,
TOP14,LOU,Alfred PARISIEN,Centre,26,,,France,PRO,JIFF,
TOP14,LOU,Lucas ROSTAING,Centre,20,,,France,ESPOIR,,
TOP14,LOU,Raphaël MARTIN,Centre,19,,,France,ESPOIR,,
TOP14,LOU,William BLANC,Centre,18,,,France,ESPOIR,,
TOP14,LOU,Jiuta WAINIQOLO,Ailier,28,,,Fidji,PRO,NON_JIFF,
TOP14,LOU,Ethan DUMORTIER,Ailier,26,,,France,PRO,JIFF,
TOP14,LOU,Arthur MATHIRON,Ailier,24,,,France,PRO,JIFF,
TOP14,LOU,Charly MIGNOT,Ailier,21,,,France,ESPOIR,,
TOP14,LOU,Alexandre MESSIRE,Ailier,19,,,France,ESPOIR,,
TOP14,LOU,Alexandre TCHAPTCHET,Arrière,25,,,France,PRO,JIFF,
TOP14,LOU,Gabin LORRE,Arrière,25,,,France,PRO,JIFF,
TOP14,LOU,Gabin LACOSTE,Arrière,21,,,France,ESPOIR,,
TOP14,LOU,Jerry SUVEINAIKA,Arrière,18,,,Fidji,ESPOIR,ESPOIR_NON_JIFF,
TOP14,MHR,Wilfrid HOUNKPATIN,Pilier,35,,,France,PRO,JIFF,
TOP14,MHR,Mohamed HAOUAS,Pilier,33,,,France,PRO,JIFF,
TOP14,MHR,Reda WARDI,Pilier,31,,,France,PRO,JIFF,
TOP14,MHR,Luka JAPARIDZE,Pilier,28,,,Géorgie,PRO,JIFF,
TOP14,MHR,Baptiste ERDOCIO,Pilier,27,,,France,PRO,JIFF,
TOP14,MHR,Valentin WELSCH,Pilier,24,,,France,PRO,JIFF,
TOP14,MHR,Luca TABAROT,Pilier,23,,,France,PRO,JIFF,
TOP14,MHR,Baptiste GILLIOCQ,Pilier,20,,,France,ESPOIR,,
TOP14,MHR,Maël CINTRACT,Pilier,19,,,France,ESPOIR,,
TOP14,MHR,Arthur AZÉMA,Pilier,18,,,France,ESPOIR,,
TOP14,MHR,Noham MAKHLOUFI,Pilier,17,,,France,ESPOIR,,
TOP14,MHR,Christopher TOLOFUA,Talonneur,33,,,France,PRO,JIFF,
TOP14,MHR,Ricky RICCITELLI,Talonneur,32,,,Afrique du sud,PRO,NON_JIFF,
TOP14,MHR,Jordan UELESE,Talonneur,30,,,Nouvelle-Zélande,PRO,NON_JIFF,
TOP14,MHR,Lyam AKRAB,Talonneur,21,,,France,ESPOIR,,
TOP14,MHR,Adrian DE KLERK,Talonneur,19,,,Australie,ESPOIR,ESPOIR_NON_JIFF,
TOP14,MHR,Adam BEARD,2ème ligne,31,,,Pays-de-Galles,PRO,NON_JIFF,
TOP14,MHR,Florian VERHAEGHE,2ème ligne,30,,,France,PRO,JIFF,
TOP14,MHR,Ruben VAN HEERDEN,2ème ligne,29,,,Afrique du sud,PRO,NON_JIFF,
TOP14,MHR,Maël PERRIN,2ème ligne,23,,,France,ESPOIR,,
TOP14,MHR,Sacha JONCART,2ème ligne,21,,,France,ESPOIR,,
TOP14,MHR,Nikoloz CHKHORTOLIA,2ème ligne,20,,,Géorgie,ESPOIR,ESPOIR_NON_JIFF,
TOP14,MHR,Isoa BAKEIDAKU,2ème ligne,18,,,Fidji,ESPOIR,ESPOIR_NON_JIFF,
TOP14,MHR,Denver BRADFORD,2ème ligne,18,,,Australie,ESPOIR,ESPOIR_NON_JIFF,
TOP14,MHR,Sandro GABUNIA,2ème ligne,16,,,Géorgie,ESPOIR,ESPOIR_NON_JIFF,
TOP14,MHR,Yacouba CAMARA,3ème ligne,33,,,France,PRO,JIFF,
TOP14,MHR,Alexandre BÉCOGNÉE,3ème ligne,30,,,France,PRO,JIFF,
TOP14,MHR,Alex MASIBAKA,3ème ligne,25,,,Australie,PRO,JIFF,
TOP14,MHR,Lenni NOUCHI,3ème ligne,23,,,France,PRO,JIFF,
TOP14,MHR,Djibril SISSAKO,3ème ligne,21,,,France,ESPOIR,,
TOP14,MHR,Solomon SHAND,3ème ligne,20,,,Angleterre,ESPOIR,,
TOP14,MHR,Raphaël AUDEBERT,3ème ligne,20,,,France,ESPOIR,,
TOP14,MHR,Louis GALLENI,3ème ligne,20,,,France,ESPOIR,,
TOP14,MHR,Paolo AGNESE,3ème ligne,19,,,France,ESPOIR,,
TOP14,MHR,Jason ILIMOTAMA,3ème ligne,19,,,Fidji,ESPOIR,ESPOIR_NON_JIFF,
TOP14,MHR,Hector DARBES,3ème ligne,19,,,France,ESPOIR,,
TOP14,MHR,Sébastien BÉZY,Mêlée,35,,,France,PRO,JIFF,
TOP14,MHR,Ali PRICE,Mêlée,34,,,Angleterre,PRO,NON_JIFF,
TOP14,MHR,Tom BARAER,Mêlée,20,,,France,ESPOIR,,
TOP14,MHR,Gabin PUJO,Mêlée,20,,,France,ESPOIR,,
TOP14,MHR,Flavien LARUELLE,Mêlée,17,,,France,ESPOIR,,
TOP14,MHR,Domingo MIOTTI,Ouverture,31,,,Argentine,PRO,NON_JIFF,
TOP14,MHR,Adam HASTINGS,Ouverture,30,,,Ecosse,PRO,NON_JIFF,
TOP14,MHR,Bertrand MISTRI,Ouverture,21,,,France,ESPOIR,,
TOP14,MHR,Sandro DUBOIS,Ouverture,19,,,France,ESPOIR,,
TOP14,MHR,Malo POULON,Ouverture,17,,,France,ESPOIR,,
TOP14,MHR,Arthur VINCENT,Centre,27,,,France,PRO,JIFF,
TOP14,MHR,Lennox ANYANWU,Centre,26,,,Angleterre,PRO,NON_JIFF,
TOP14,MHR,Auguste CADOT,Centre,25,,,France,PRO,JIFF,
TOP14,MHR,Karl MARTIN,Centre,25,,,Irlande,PRO,JIFF,
TOP14,MHR,Justo PICCARDO,Centre,25,,,Argentine,PRO,NON_JIFF,
TOP14,MHR,Miracle TANGATA,Centre,22,,,Australie,ESPOIR,,
TOP14,MHR,Thomas NICOULEAU,Centre,21,,,France,ESPOIR,,
TOP14,MHR,Joan NOTOLAN,Centre,20,,,France,ESPOIR,,
TOP14,MHR,Simon PEYTAVIN,Centre,19,,,France,ESPOIR,,
TOP14,MHR,Michele NEGRI,Centre,19,,,Italie,ESPOIR,ESPOIR_NON_JIFF,
TOP14,MHR,Poama RIRICA,Centre,18,,,Fidji,ESPOIR,ESPOIR_NON_JIFF,
TOP14,MHR,Souheib BENABDELKADER,Centre,17,,,France,ESPOIR,,
TOP14,MHR,Gabriel N'GANDEBE,Ailier,30,,,France,PRO,JIFF,
TOP14,MHR,Dimitri DELIBES,Ailier,28,,,France,PRO,JIFF,
TOP14,MHR,Donovan TAOFIFENUA,Ailier,28,,,France,PRO,JIFF,
TOP14,MHR,Maël MOUSTIN,Ailier,24,,,France,PRO,JIFF,
TOP14,MHR,Rupeni Junior CAUCAUNIBUCA,Ailier,20,,,Fidji,ESPOIR,ESPOIR_NON_JIFF,
TOP14,MHR,Matt LEFEUVRE,Ailier,17,,,France,ESPOIR,,
TOP14,MHR,Tom BANKS,Arrière,33,,,Australie,PRO,NON_JIFF,
TOP14,MHR,Jon ECHEGARAY,Arrière,22,,,France,PRO,JIFF,
TOP14,MHR,Sacha CODORNIOU,Arrière,17,,,France,ESPOIR,,
TOP14,CAS,Quentin WALCKER,Pilier,31,,,France,PRO,JIFF,
TOP14,CAS,Alex BURIN,Pilier,27,,,France,PRO,JIFF,
TOP14,CAS,Loîs GUÉROIS-GALISSON,Pilier,25,,,France,PRO,JIFF,
TOP14,CAS,Atunaisa SOKOBALE,Pilier,22,,,Fidji,PRO,JIFF,
TOP14,CAS,Gabin WATERLOT,Pilier,21,,,France,ESPOIR,,
TOP14,CAS,Giorgi TURASHVILI,Pilier,20,,,Géorgie,ESPOIR,ESPOIR_NON_JIFF,
TOP14,CAS,Elyan DUTHIL,Pilier,20,,,France,ESPOIR,,
TOP14,CAS,Kingbenjamin SWERLING-FINAIPEPE,Pilier,20,,,Nouvelle-Zélande,ESPOIR,ESPOIR_NON_JIFF,
TOP14,CAS,Maël TURPIN,Pilier,20,,,France,ESPOIR,,
TOP14,CAS,Gabin ISSALY,Pilier,19,,,France,ESPOIR,,
TOP14,CAS,Yanick TOMO ENGOUANG NZE,Pilier,19,,,France,ESPOIR,,
TOP14,CAS,Tom DELACOTE,Pilier,19,,,France,ESPOIR,,
TOP14,CAS,Constans DAVILLÉ,Pilier,19,,,France,ESPOIR,,
TOP14,CAS,Moussa TAALEB,Pilier,18,,,France,ESPOIR,,
TOP14,CAS,Jean FORESTIER,Pilier,18,,,France,ESPOIR,,
TOP14,CAS,Teddy DURAND,Talonneur,27,,,France,PRO,JIFF,
TOP14,CAS,Loris ZARANTONELLO,Talonneur,26,,,France,PRO,JIFF,
TOP14,CAS,Pierre COLONNA,Talonneur,26,,,France,PRO,JIFF,
TOP14,CAS,Lukas MITU,Talonneur,23,,,France,ESPOIR,,
TOP14,CAS,Achille STOESSEL,Talonneur,20,,,France,ESPOIR,,
TOP14,CAS,Enzo SAINT-CYR AGUILAR,Talonneur,19,,,France,ESPOIR,,
TOP14,CAS,Mateo ALQUIER,Talonneur,19,,,France,ESPOIR,,
TOP14,CAS,Sesoni TAMANI,Talonneur,19,,,Fidji,ESPOIR,ESPOIR_NON_JIFF,
TOP14,CAS,Guillaume DUCAT,2ème ligne,31,,,France,PRO,JIFF,
TOP14,CAS,Chris GABRIEL,2ème ligne,27,,,Nouvelle-Zélande,PRO,NON_JIFF,
TOP14,CAS,Gauthier MARAVAT,2ème ligne,27,,,France,PRO,JIFF,
TOP14,CAS,Florent VANVERBERGHE,2ème ligne,26,,,France,PRO,JIFF,
TOP14,CAS,Nolhan CASSEZ,2ème ligne,21,,,France,ESPOIR,,
TOP14,CAS,Martin ROULON,2ème ligne,20,,,France,ESPOIR,,
TOP14,CAS,Milo SELME DE MONDINI,2ème ligne,19,,,France,ESPOIR,,
TOP14,CAS,Mathieu BABILLOT,3ème ligne,33,,,France,PRO,JIFF,
TOP14,CAS,Baptiste DELAPORTE,3ème ligne,30,,,France,PRO,JIFF,
TOP14,CAS,Dalton PAPALI'I,3ème ligne,29,,,Nouvelle-Zélande,PRO,NON_JIFF,
TOP14,CAS,Simon MEKA,3ème ligne,27,,,France,PRO,JIFF,
TOP14,CAS,Veresa Tuqovu RAMOTOTABUA,3ème ligne,27,,,Fidji,PRO,JIFF,
TOP14,CAS,Baptiste COPE,3ème ligne,25,,,France,PRO,JIFF,
TOP14,CAS,Kyllian RINGUET,3ème ligne,23,,,France,ESPOIR,,
TOP14,CAS,Robin BOYER,3ème ligne,22,,,France,ESPOIR,,
TOP14,CAS,Rémi LOOP,3ème ligne,22,,,Belgique,ESPOIR,,
TOP14,CAS,Timothé VALET,3ème ligne,20,,,France,ESPOIR,,
TOP14,CAS,Louis GERBET,3ème ligne,20,,,France,ESPOIR,,
TOP14,CAS,Marius AUDEMAR-GHION,3ème ligne,19,,,France,ESPOIR,,
TOP14,CAS,Josua NADREDRE,3ème ligne,19,,,Fidji,ESPOIR,ESPOIR_NON_JIFF,
TOP14,CAS,Kérian EL BAHRAOUI-MISSONNIER,3ème ligne,19,,,France,ESPOIR,,
TOP14,CAS,Mathias BONAL,3ème ligne,19,,,France,ESPOIR,,
TOP14,CAS,Naël SALHI,3ème ligne,18,,,France,ESPOIR,,
TOP14,CAS,Gabriel ROLLAND,3ème ligne,18,,,France,ESPOIR,,
TOP14,CAS,Santiago ARATA,Mêlée,30,,,Uruguay,PRO,NON_JIFF,
TOP14,CAS,Jérémy FERNANDEZ,Mêlée,30,,,France,PRO,JIFF,
TOP14,CAS,Martin VERDU,Mêlée,22,,,France,ESPOIR,,
TOP14,CAS,Colin DUPUY,Mêlée,21,,,France,ESPOIR,,
TOP14,CAS,Romain CHABBAL,Mêlée,19,,,France,ESPOIR,,
TOP14,CAS,Timéo GILLOUIN-LEMAIRE,Mêlée,19,,,France,ESPOIR,,
TOP14,CAS,Byron CONTIVAL,Mêlée,17,,,France,ESPOIR,,
TOP14,CAS,Théo VIDAL,Ouverture,27,,,France,PRO,JIFF,
TOP14,CAS,Louis LE BRUN,Ouverture,25,,,France,PRO,JIFF,
TOP14,CAS,Louka GUILHOT,Ouverture,21,,,France,ESPOIR,,
TOP14,CAS,Louis BOTHOREL,Ouverture,21,,,France,ESPOIR,,
TOP14,CAS,Louka DELPAS,Ouverture,18,,,France,ESPOIR,,
TOP14,CAS,Adrea COCAGI,Centre,33,,,Fidji,PRO,JIFF,
TOP14,CAS,Vilimoni BOTITU,Centre,29,,,Fidji,PRO,NON_JIFF,
TOP14,CAS,Taylor GONTINEAC,Centre,26,,,France,PRO,JIFF,
TOP14,CAS,Jules COTTIER,Centre,21,,,France,ESPOIR,,
TOP14,CAS,Lorenzo CALOGERO,Centre,20,,,France,ESPOIR,,
TOP14,CAS,Pierre OURTAUD-CREN,Centre,20,,,France,ESPOIR,,
TOP14,CAS,Aidan IONESCU,Centre,18,,,France,ESPOIR,,
TOP14,CAS,Sam ULUINACEVA,Centre,18,,,Fidji,ESPOIR,ESPOIR_NON_JIFF,
TOP14,CAS,Florian VIVES,Centre,18,,,France,ESPOIR,,
TOP14,CAS,Rémy BAGET,Ailier,29,,,France,PRO,JIFF,
TOP14,CAS,Christian AMBADIANG,Ailier,28,,,Cameroun,PRO,NON_JIFF,
TOP14,CAS,Vuate KARAWALEVU,Ailier,26,,,Fidji,PRO,NON_JIFF,
TOP14,CAS,Lucas MARTINS,Ailier,24,,,France,PRO,JIFF,
TOP14,CAS,Gautier SARRAUTE,Ailier,20,,,France,ESPOIR,,
TOP14,CAS,Lorenzo LAOUNA,Ailier,19,,,France,ESPOIR,,
TOP14,CAS,Gabin RODIER,Ailier,18,,,France,ESPOIR,,
TOP14,CAS,Théo CHABOUNI,Arrière,23,,,France,ESPOIR,,
TOP14,CAS,Mathys FALGUÉRA,Arrière,23,,,France,ESPOIR,,
TOP14,CAS,Axel NETH,Arrière,19,,,France,ESPOIR,,
TOP14,PAU,Thomas LACLAYAT,Pilier,29,,,France,PRO,JIFF,
TOP14,PAU,Hugo PARROU,Pilier,24,,,France,PRO,JIFF,
TOP14,PAU,Alexandre ETCHEBÉHÈRE,Pilier,22,,,France,PRO,JIFF,
TOP14,PAU,Ludovic TAUFANA,Pilier,21,,,France,ESPOIR,,
TOP14,PAU,Édouard LOIZEAU,Pilier,20,,,France,ESPOIR,,
TOP14,PAU,Adam JAMI,Pilier,20,,,Suisse,ESPOIR,ESPOIR_NON_JIFF,
TOP14,PAU,Augusto RIMINI,Pilier,18,,,Argentine,ESPOIR,ESPOIR_NON_JIFF,
TOP14,PAU,Julián MONTOYA,Talonneur,33,,,Argentine,PRO,NON_JIFF,
TOP14,PAU,Youri DELHOMMEL,Talonneur,31,,,France,PRO,JIFF,
TOP14,PAU,Yon CAPÉRAÀ,Talonneur,20,,,France,ESPOIR,,
TOP14,PAU,Émilien DUSSAUX,Talonneur,17,,,France,ESPOIR,,
TOP14,PAU,Rémi PICQUETTE,2ème ligne,32,,,France,PRO,JIFF,
TOP14,PAU,Thomas JOLMÈS,2ème ligne,31,,,France,PRO,JIFF,
TOP14,PAU,Mickaël CAPELLI,2ème ligne,30,,,France,PRO,JIFF,
TOP14,PAU,Baptiste PESENTI,2ème ligne,30,,,France,PRO,JIFF,
TOP14,PAU,Jimi MAXIMIN,2ème ligne,28,,,France,PRO,JIFF,
TOP14,PAU,Hugo AURADOU,2ème ligne,23,,,France,PRO,JIFF,
TOP14,PAU,Shalom UATISONE,2ème ligne,20,,,Nouvelle-Zélande,ESPOIR,ESPOIR_NON_JIFF,
TOP14,PAU,Robert HURN,2ème ligne,18,,,Afrique du sud,ESPOIR,ESPOIR_NON_JIFF,
TOP14,PAU,Tom GOEDEMONDT,2ème ligne,18,,,Pays-Bas,ESPOIR,ESPOIR_NON_JIFF,
TOP14,PAU,Beka GORGADZE,3ème ligne,31,,,Géorgie,PRO,JIFF,
TOP14,PAU,Bastien VERGNES-TAILLEFER,3ème ligne,30,,,France,PRO,JIFF,
TOP14,PAU,Reece HEWAT,3ème ligne,29,,,Australie,PRO,JIFF,
TOP14,PAU,Santiago GRONDONA,3ème ligne,28,,,Argentine,PRO,NON_JIFF,
TOP14,PAU,Loïc CRÉDOZ,3ème ligne,28,,,France,PRO,JIFF,
TOP14,PAU,Sacha ZEGUEUR,3ème ligne,28,,,France,PRO,JIFF,
TOP14,PAU,Xander IOSEFO,3ème ligne,21,,,Australie,ESPOIR,ESPOIR_NON_JIFF,
TOP14,PAU,Rémi COUTY,3ème ligne,20,,,France,ESPOIR,,
TOP14,PAU,Mathis MERCIER,3ème ligne,20,,,France,ESPOIR,,
TOP14,PAU,Maïwen LATUVA,3ème ligne,17,,,France,ESPOIR,,
TOP14,PAU,Thibault DAUBAGNA,Mêlée,33,,,France,PRO,JIFF,
TOP14,PAU,Gonzalo GARCIA,Mêlée,28,,,Argentine,PRO,NON_JIFF,
TOP14,PAU,Thomas SOUVERBIE,Mêlée,23,,,France,PRO,JIFF,
TOP14,PAU,Gabriel ELISSALDE,Mêlée,21,,,France,ESPOIR,,
TOP14,PAU,Tom PÉCUNE,Mêlée,20,,,France,ESPOIR,,
TOP14,PAU,Joe SIMMONDS,Ouverture,30,,,Angleterre,PRO,NON_JIFF,
TOP14,PAU,Axel DESPÉRÈS,Ouverture,23,,,France,PRO,JIFF,
TOP14,PAU,Simon LAHARRAGUE,Ouverture,18,,,France,ESPOIR,,
TOP14,PAU,Émilien GAILLETON,Centre,23,,,France,PRO,JIFF,
TOP14,PAU,Fabien BRAU-BOIRIE,Centre,21,,,France,ESPOIR,,
TOP14,PAU,Gaël TOTÉLÉ,Centre,18,,,France,ESPOIR,,
TOP14,PAU,Rodrigo MARTA,Ailier,27,,,Portugal,PRO,NON_JIFF,
TOP14,PAU,Aaron GRANDIDIER,Ailier,27,,,France,PRO,JIFF,
TOP14,PAU,Théo ATTISSOGBE,Ailier,22,,,France,PRO,JIFF,
TOP14,PAU,Valentin BOURGES,Ailier,18,,,France,ESPOIR,,
TOP14,PAU,Joachim SENGA KOUO,Arrière,19,,,France,ESPOIR,,
TOP14,BAY,Ignacio CALLES,Pilier,31,,,Argentine,PRO,JIFF,
TOP14,BAY,Luke TAGI,Pilier,30,,,Fidji,PRO,NON_JIFF,
TOP14,BAY,Lasha MACHARASHVILI,Pilier,28,,,Géorgie,PRO,JIFF,
TOP14,BAY,Andy BORDELAI,Pilier,27,,,France,PRO,JIFF,
TOP14,BAY,Tevita TATAFU,Pilier,24,,,Tonga,PRO,JIFF,
TOP14,BAY,Hugo GONZÁLEZ,Pilier,22,,,Espagne,ESPOIR,ESPOIR_NON_JIFF,
TOP14,BAY,Nicolas VALLIN,Pilier,21,,,France,ESPOIR,,
TOP14,BAY,Emosi TUMANIA,Pilier,21,,,Fidji,ESPOIR,ESPOIR_NON_JIFF,
TOP14,BAY,Lucas OFFICIAL,Pilier,20,,,France,ESPOIR,,
TOP14,BAY,Petti ARROSSAGARAY,Pilier,20,,,France,ESPOIR,,
TOP14,BAY,Anatole DUBURCQ,Pilier,19,,,France,ESPOIR,,
TOP14,BAY,Patrice FALEVALU,Pilier,18,,,France,ESPOIR,,
TOP14,BAY,Louka SALVI,Talonneur,20,,,France,ESPOIR,,
TOP14,BAY,Iban ERRECART,Talonneur,19,,,France,ESPOIR,,
TOP14,BAY,Rouane SIONÉ,Talonneur,19,,,France,ESPOIR,,
TOP14,BAY,Brian ALAINU'UESE,2ème ligne,33,,,Samoa,PRO,NON_JIFF,
TOP14,BAY,Killian GÉRACI,2ème ligne,28,,,France,PRO,JIFF,
TOP14,BAY,Alejandro BARRIOS,2ème ligne,22,,,Argentine,ESPOIR,ESPOIR_NON_JIFF,
TOP14,BAY,Hugo LECLERQ,2ème ligne,21,,,France,ESPOIR,,
TOP14,BAY,Álvaro GARCÍA IANDOLINO,2ème ligne,21,,,Argentine,ESPOIR,ESPOIR_NON_JIFF,
TOP14,BAY,Sohan DEALLE FACQUEZ,2ème ligne,21,,,France,ESPOIR,,
TOP14,BAY,Manus VAN LEEUWEN,2ème ligne,20,,,Pays-Bas,ESPOIR,ESPOIR_NON_JIFF,
TOP14,BAY,Ignacio VALDES-LEIVA,2ème ligne,19,,,France,ESPOIR,,
TOP14,BAY,Marika NAURA,2ème ligne,18,,,Fidji,ESPOIR,ESPOIR_NON_JIFF,
TOP14,BAY,Arthur ITURRIA,3ème ligne,33,,,France,PRO,JIFF,
TOP14,BAY,Alexandre FISCHER,3ème ligne,29,,,France,PRO,JIFF,
TOP14,BAY,Nika LOMIDZE,3ème ligne,23,,,Géorgie,ESPOIR,,
TOP14,BAY,Raphaël DARQUIER,3ème ligne,22,,,France,ESPOIR,,
TOP14,BAY,Ronan CAULE-DULER,3ème ligne,20,,,France,ESPOIR,,
TOP14,BAY,Axel RIGAUD,3ème ligne,19,,,France,ESPOIR,,
TOP14,BAY,Mahno DEALLE FACQUEZ,3ème ligne,19,,,France,ESPOIR,,
TOP14,BAY,Bixente LAHITÈTE,3ème ligne,19,,,France,ESPOIR,,
TOP14,BAY,Juan HARINORDOQUY,3ème ligne,17,,,France,ESPOIR,,
TOP14,BAY,Luka SHULAIA,3ème ligne,,,,Géorgie,ESPOIR,ESPOIR_NON_JIFF,
TOP14,BAY,Léo COLY,Mêlée,27,,,France,PRO,JIFF,
TOP14,BAY,Baptiste TILLOLES,Mêlée,20,,,France,ESPOIR,,
TOP14,BAY,Martin PUCHEU-HAURET,Mêlée,17,,,France,ESPOIR,,
TOP14,BAY,Rob DU PREEZ,Ouverture,33,,,Afrique du sud,PRO,NON_JIFF,
TOP14,BAY,Joris SEGONDS,Ouverture,30,,,France,PRO,JIFF,
TOP14,BAY,Beñat SARRAUDE,Ouverture,20,,,France,ESPOIR,,
TOP14,BAY,Xan CARRICABURU,Ouverture,19,,,France,ESPOIR,,
TOP14,BAY,Antton IDIART,Ouverture,18,,,France,ESPOIR,,
TOP14,BAY,Diego LANGLOIS,Ouverture,18,,,France,ESPOIR,,
TOP14,BAY,Guillaume MARTOCQ,Centre,27,,,France,PRO,JIFF,
TOP14,BAY,Sireli MAQALA,Centre,27,,,Fidji,PRO,NON_JIFF,
TOP14,BAY,Joseph MAGNE,Centre,21,,,France,ESPOIR,,
TOP14,BAY,Pyrénées BOYLE-TIATIA,Centre,21,,,Nouvelle-Zélande,ESPOIR,ESPOIR_NON_JIFF,
TOP14,BAY,Bastien RASAL,Centre,20,,,France,ESPOIR,,
TOP14,BAY,Clément BOURGUIGNON,Centre,19,,,France,ESPOIR,,
TOP14,BAY,Yanis LAHER,Centre,19,,,France,ESPOIR,,
TOP14,BAY,Leny MAIGNIEN,Centre,18,,,France,ESPOIR,,
TOP14,BAY,Madosh TAMBWE,Ailier,30,,,République démocratique du Congo,PRO,NON_JIFF,
TOP14,BAY,Mateo CARRERAS,Ailier,27,,,Argentine,PRO,NON_JIFF,
TOP14,BAY,Arnaud ERBINARTEGARAY,Ailier,26,,,France,PRO,JIFF,
TOP14,BAY,Tom SPRING,Ailier,24,,,France,PRO,JIFF,
TOP14,BAY,Arthur CRÉPIN LEBLOND,Ailier,21,,,France,ESPOIR,,
TOP14,BAY,Tom LÉVÊQUE,Ailier,21,,,France,ESPOIR,,
TOP14,BAY,Cheikh TIBERGHIEN,Arrière,27,,,France,PRO,JIFF,
TOP14,BAY,Yohan ORABÉ,Arrière,25,,,France,PRO,JIFF,
TOP14,BAY,Telmo FISHER,Arrière,20,,,Espagne,ESPOIR,ESPOIR_NON_JIFF,
TOP14,USAP,Pietro CECCARELLI,Pilier,35,,,Italie,PRO,JIFF,
TOP14,USAP,Cedate GOMES SA,Pilier,33,,,Portugal,PRO,JIFF,
TOP14,USAP,Giorgi TETRASHVILI,Pilier,33,,,Géorgie,PRO,JIFF,
TOP14,USAP,Enzo FORLETTA,Pilier,33,,,France,PRO,JIFF,
TOP14,USAP,Bruce DEVAUX,Pilier,30,,,France,PRO,JIFF,
TOP14,USAP,Marco RICCIONI,Pilier,29,,,Italie,PRO,NON_JIFF,
TOP14,USAP,Brad AMITUANAI,Pilier,28,,,Australie,PRO,NON_JIFF,
TOP14,USAP,Lorencio BOYER GALLARDO,Pilier,21,,,France,ESPOIR,,
TOP14,USAP,Giorgi MESKHIDZE,Pilier,21,,,Géorgie,ESPOIR,,
TOP14,USAP,Mathys PILLAC,Pilier,21,,,France,ESPOIR,,
TOP14,USAP,Joan BARCENILLA D'ONGHIA,Pilier,21,,,Espagne,ESPOIR,ESPOIR_NON_JIFF,
TOP14,USAP,Rudy NDINDA,Pilier,21,,,France,ESPOIR,,
TOP14,USAP,Aymane EL FAHHAL,Pilier,20,,,France,ESPOIR,,
TOP14,USAP,Louis MAS,Pilier,18,,,France,ESPOIR,,
TOP14,USAP,Sebastián POROH,Pilier,18,,,Espagne,ESPOIR,ESPOIR_NON_JIFF,
TOP14,USAP,Victor MONTGAILLARD,Talonneur,24,,,France,PRO,JIFF,
TOP14,USAP,Mathys LOTRIAN,Talonneur,23,,,France,PRO,JIFF,
TOP14,USAP,Melvyn ZAFRA,Talonneur,20,,,France,ESPOIR,,
TOP14,USAP,Posolo TUILAGI,2ème ligne,22,,,Samoa,ESPOIR,,
TOP14,USAP,Gabriel PIGÉ-YOYOTTE,2ème ligne,21,,,France,ESPOIR,,
TOP14,USAP,Giani CALLEGARI,2ème ligne,20,,,France,ESPOIR,,
TOP14,USAP,Thomas SÉRÉZAT,2ème ligne,19,,,France,ESPOIR,,
TOP14,USAP,Alexandru ION,2ème ligne,18,,,Roumanie,ESPOIR,,
TOP14,USAP,Patrick SOBÉLA,3ème ligne,34,,,France,PRO,JIFF,
TOP14,USAP,Lachlan SWINTON,3ème ligne,30,,,Australie,PRO,NON_JIFF,
TOP14,USAP,José MADEIRA,3ème ligne,26,,,Portugal,PRO,JIFF,
TOP14,USAP,Joaquín OVIEDO,3ème ligne,25,,,Argentine,PRO,JIFF,
TOP14,USAP,Noé DELLA SCHIAVA,3ème ligne,25,,,France,PRO,JIFF,
TOP14,USAP,Jules COULON,3ème ligne,25,,,France,PRO,JIFF,
TOP14,USAP,Jad OUAZZANI,3ème ligne,21,,,France,ESPOIR,,
TOP14,USAP,Jovan SRECKOVIC,3ème ligne,20,,,France,ESPOIR,,
TOP14,USAP,Ismael MILLÁN,3ème ligne,19,,,Espagne,ESPOIR,ESPOIR_NON_JIFF,
TOP14,USAP,Luke MCGRATH,Mêlée,34,,,Irlande,PRO,NON_JIFF,
TOP14,USAP,James HALL,Mêlée,31,,,Afrique du sud,PRO,JIFF,
TOP14,USAP,Hugo BARON,Mêlée,19,,,France,ESPOIR,,
TOP14,USAP,Jake MCINTYRE,Ouverture,33,,,Australie,PRO,NON_JIFF,
TOP14,USAP,Paolo GARBISI,Ouverture,27,,,Italie,PRO,NON_JIFF,
TOP14,USAP,Gabin KRETCHMANN,Ouverture,21,,,France,ESPOIR,,
TOP14,USAP,Joan LLOSENT,Ouverture,19,,,France,ESPOIR,,
TOP14,USAP,Marc ARTILES,Ouverture,18,,,Espagne,ESPOIR,ESPOIR_NON_JIFF,
TOP14,USAP,Maëlan RABUT,Centre,30,,,France,PRO,JIFF,
TOP14,USAP,Riko BULIRUARUA,Centre,30,,,Fidji,PRO,JIFF,
TOP14,USAP,Braydon ENNOR,Centre,29,,,Nouvelle-Zélande,PRO,NON_JIFF,
TOP14,USAP,Anthony GUIRADO,Centre,21,,,France,ESPOIR,,
TOP14,USAP,Martin DURAND,Centre,20,,,France,ESPOIR,,
TOP14,USAP,Diego MASCARENC,Centre,20,,,France,ESPOIR,,
TOP14,USAP,Sevu REECE,Ailier,30,,,Fidji,PRO,NON_JIFF,
TOP14,USAP,Lucas DUBOIS,Ailier,29,,,France,PRO,JIFF,
TOP14,USAP,Théo FORNER,Ailier,25,,,France,PRO,JIFF,
TOP14,USAP,Jefferson-Lee JOSEPH,Ailier,24,,,France,PRO,JIFF,
TOP14,USAP,Setareki TOGANIYADRAVA,Ailier,23,,,Fidji,ESPOIR,,
TOP14,USAP,Aurélien LÉCLUZE,Ailier,20,,,France,ESPOIR,,
TOP14,USAP,Simon SOL,Ailier,19,,,France,ESPOIR,,
TOP14,USAP,Charles SALIKIKORO,Arrière,20,,,Fidji,ESPOIR,ESPOIR_NON_JIFF,
TOP14,VAN,Sione MAFILEO,Pilier,34,,,Nouvelle-Zélande,PRO,NON_JIFF,
TOP14,VAN,Santiago MEDRANO,Pilier,31,,,Argentine,PRO,NON_JIFF,
TOP14,VAN,Hugo DJEHI,Pilier,29,,,France,PRO,JIFF,
TOP14,VAN,Ugo BONIFACE,Pilier,28,,,France,PRO,JIFF,
TOP14,VAN,Giorgi BERIA,Pilier,27,,,France,PRO,JIFF,
TOP14,VAN,Simon BOURGEOIS,Pilier,25,,,France,PRO,JIFF,
TOP14,VAN,Rayane TAFILI,Pilier,23,,,France,PRO,JIFF,
TOP14,VAN,Oskars VITOLINS,Pilier,21,,,Lettonie,ESPOIR,ESPOIR_NON_JIFF,
TOP14,VAN,Sylvestre VAKAULIAFA,Pilier,20,,,France,ESPOIR,,
TOP14,VAN,Leviticus FUNA IUTA,Pilier,20,,,Australie,ESPOIR,ESPOIR_NON_JIFF,
TOP14,VAN,Hayden LAVERCOMBE,Pilier,19,,,Australie,ESPOIR,ESPOIR_NON_JIFF,
TOP14,VAN,Petit Jean IPOSO OHOTO,Pilier,19,,,République démocratique du Congo,ESPOIR,,
TOP14,VAN,Théo BÉZIAT,Talonneur,33,,,France,PRO,JIFF,
TOP14,VAN,Mills SANERIVI,Talonneur,27,,,Nouvelle-Zélande,PRO,NON_JIFF,
TOP14,VAN,Alessio CAÏOLO,Talonneur,22,,,France,ESPOIR,,
TOP14,VAN,Matías ALEMANNO,2ème ligne,35,,,Argentine,PRO,NON_JIFF,
TOP14,VAN,Mattéo DESJEUX,2ème ligne,25,,,France,PRO,JIFF,
TOP14,VAN,Tjeerd AIKEMA,2ème ligne,21,,,Pays-Bas,ESPOIR,ESPOIR_NON_JIFF,
TOP14,VAN,Idris TAALO,2ème ligne,20,,,France,ESPOIR,,
TOP14,VAN,Rupeni BARAVILALA,2ème ligne,19,,,Australie,ESPOIR,ESPOIR_NON_JIFF,
TOP14,VAN,Armand DE ROCHEBOUËT,2ème ligne,19,,,France,ESPOIR,,
TOP14,VAN,Boudewijn VAN OPPENS,2ème ligne,19,,,Pays-Bas,ESPOIR,ESPOIR_NON_JIFF,
TOP14,VAN,Guénolé JOURDAIN,2ème ligne,17,,,France,ESPOIR,,
TOP14,VAN,Joe EDWARDS,3ème ligne,33,,,Nouvelle-Zélande,PRO,NON_JIFF,
TOP14,VAN,Francisco GORRISSEN,3ème ligne,32,,,Argentine,PRO,NON_JIFF,
TOP14,VAN,Simon AUGRY,3ème ligne,29,,,France,PRO,JIFF,
TOP14,VAN,Ioane IASHAGASHVILI,3ème ligne,27,,,Géorgie,PRO,JIFF,
TOP14,VAN,Thomas PLOYET,3ème ligne,25,,,France,PRO,JIFF,
TOP14,VAN,Rudi BROWN,3ème ligne,23,,,Ecosse,PRO,JIFF,
TOP14,VAN,Gabin BOURGEOIS,3ème ligne,22,,,France,ESPOIR,,
TOP14,VAN,Owen NOUVION,3ème ligne,21,,,France,ESPOIR,,
TOP14,VAN,Basile PAUL,3ème ligne,20,,,France,ESPOIR,,
TOP14,VAN,Lino ALLARD,3ème ligne,20,,,France,ESPOIR,,
TOP14,VAN,Adam BRENNAN,3ème ligne,19,,,Irlande,ESPOIR,,
TOP14,VAN,Ewen MORVAN,3ème ligne,17,,,France,ESPOIR,,
TOP14,VAN,Michael RURU,Mêlée,36,,,Nouvelle-Zélande,PRO,NON_JIFF,
TOP14,VAN,Simi KURUVOLI,Mêlée,28,,,Fidji,PRO,NON_JIFF,
TOP14,VAN,Romain VALENTIN,Mêlée,21,,,France,ESPOIR,,
TOP14,VAN,Arthus MAROLLEAU,Mêlée,18,,,France,ESPOIR,,
TOP14,VAN,Maxime LAFAGE,Ouverture,32,,,France,PRO,JIFF,
TOP14,VAN,Pierre POPELIN,Ouverture,32,,,France,PRO,JIFF,
TOP14,VAN,Jean COTARMANAC'H,Ouverture,22,,,France,ESPOIR,,
TOP14,VAN,Robin GICQUEL,Ouverture,20,,,France,ESPOIR,,
TOP14,VAN,Terence ROUTIER,Ouverture,20,,,France,ESPOIR,,
TOP14,VAN,Valentin EPIS-KACZMAREK,Ouverture,17,,,France,ESPOIR,,
TOP14,VAN,Eliott ROUDIL,Centre,30,,,France,PRO,JIFF,
TOP14,VAN,Pierre BOUDEHENT,Centre,29,,,France,PRO,JIFF,
TOP14,VAN,Ray NU'U,Centre,29,,,Nouvelle-Zélande,PRO,NON_JIFF,
TOP14,VAN,Inia TABUAVOU,Centre,24,,,Fidji,PRO,JIFF,
TOP14,VAN,Robin TACCOLA,Centre,22,,,France,ESPOIR,,
TOP14,VAN,Mateo ARAGÓN,Centre,21,,,Espagne,ESPOIR,,
TOP14,VAN,Gaëtan NGASSA MANAC'H,Centre,18,,,France,ESPOIR,,
TOP14,VAN,Murray TAULAGI,Ailier,28,,,Nouvelle-Zélande,PRO,NON_JIFF,
TOP14,VAN,Nathanaël HULLEU,Ailier,27,,,France,PRO,JIFF,
TOP14,VAN,Paul BARD,Ailier,19,,,France,ESPOIR,,
TOP14,VAN,Philippe ROUDAUT,Ailier,18,,,France,ESPOIR,,
TOP14,VAN,Nathanaël SENGA KOUO,Ailier,17,,,France,ESPOIR,,
TOP14,VAN,Paul SURANO,Arrière,28,,,France,PRO,JIFF,
TOP14,VAN,Joe JONAS,Arrière,26,,,Afrique du sud,PRO,JIFF,
TOP14,VAN,Iliesa BARAVILALA,Arrière,21,,,Fidji,ESPOIR,ESPOIR_NON_JIFF,
TOP14,VAN,Davit AROBELIDZE,Arrière,20,,,Géorgie,ESPOIR,ESPOIR_NON_JIFF,
PROD2,BEZ,Luka GOGINAVA,Pilier,30,,,Géorgie,PRO,JIFF,
PROD2,BEZ,Maka MAFILEO,Pilier,28,,,Nouvelle-Zélande,PRO,NON_JIFF,
PROD2,BEZ,Luka AZARIASHVILI,Pilier,27,,,Géorgie,PRO,JIFF,
PROD2,BEZ,Killian TAOFIFENUA,Pilier,26,,,France,PRO,JIFF,
PROD2,BEZ,Tubuna MAKA,Pilier,21,,,Fidji,ESPOIR,ESPOIR_NON_JIFF,
PROD2,BEZ,Yanis BOULASSEL,Talonneur,25,,,France,PRO,JIFF,
PROD2,BEZ,Mathéo FUTHAZAR,Talonneur,19,,,France,ESPOIR,,
PROD2,BEZ,Louis JIMENEZ,Talonneur,19,,,France,ESPOIR,,
PROD2,BEZ,Jérôme DUFOUR,2ème ligne,34,,,France,PRO,JIFF,
PROD2,BEZ,Gillian BENOY,2ème ligne,32,,,Belgique,PRO,NON_JIFF,
PROD2,BEZ,Cam DODSON,2ème ligne,30,,,Angleterre,PRO,NON_JIFF,
PROD2,BEZ,Ian KITWANGA,2ème ligne,28,,,République démocratique du Congo,PRO,JIFF,
PROD2,BEZ,Diesel VAN DYK,2ème ligne,21,,,Afrique du sud,ESPOIR,ESPOIR_NON_JIFF,
PROD2,BEZ,Malo MALVAL,2ème ligne,19,,,France,ESPOIR,,
PROD2,BEZ,Nathan SERRES,2ème ligne,19,,,France,ESPOIR,,
PROD2,BEZ,Clément ANCELY,3ème ligne,34,,,France,PRO,JIFF,
PROD2,BEZ,Mackenzie MARTIN,3ème ligne,23,,,Pays-de-Galles,PRO,NON_JIFF,
PROD2,BEZ,Thomas CANALETA,3ème ligne,23,,,France,ESPOIR,,
PROD2,BEZ,Antoine PAYRASTRE,3ème ligne,22,,,France,ESPOIR,,
PROD2,BEZ,Monty LOGGENBERG,3ème ligne,21,,,Angleterre,ESPOIR,ESPOIR_NON_JIFF,
PROD2,BEZ,Tanguy JAILLON,3ème ligne,21,,,France,ESPOIR,,
PROD2,BEZ,Damien AÑON,Mêlée,32,,,France,PRO,JIFF,
PROD2,BEZ,David DELARUE,Mêlée,30,,,France,PRO,JIFF,
PROD2,BEZ,Mathieu FRÉRET,Mêlée,20,,,France,ESPOIR,,
PROD2,BEZ,Louie WADE,Mêlée,19,,,Angleterre,ESPOIR,ESPOIR_NON_JIFF,
PROD2,BEZ,Eliot BELLIEUD,Ouverture,21,,,France,ESPOIR,,
PROD2,BEZ,Hugo LOGGENBERG,Ouverture,19,,,Afrique du sud,ESPOIR,ESPOIR_NON_JIFF,
PROD2,BEZ,Malakai FEKITOA,Centre,35,,,Tonga,PRO,NON_JIFF,
PROD2,BEZ,Guillaume GALLETIER,Centre,30,,,France,PRO,JIFF,
PROD2,BEZ,Paul GADÉA,Centre,25,,,France,PRO,JIFF,
PROD2,BEZ,Arthur LEROUX,Centre,21,,,France,ESPOIR,,
PROD2,BEZ,Nicolas PLAZY,Ailier,33,,,France,PRO,JIFF,
PROD2,BEZ,Jordon JANSE VAN RENSBURG,Ailier,27,,,Afrique du sud,PRO,JIFF,
PROD2,BEZ,Paul RÉAU,Ailier,26,,,France,PRO,JIFF,
PROD2,BEZ,Enslin CLAASEN,Ailier,21,,,Afrique du sud,ESPOIR,ESPOIR_NON_JIFF,
PROD2,BEZ,Enzo FARNET,Ailier,21,,,France,ESPOIR,,
PROD2,BEZ,Wassil ZERKA,Ailier,20,,,France,ESPOIR,,
PROD2,BEZ,Nathan BOSSO,Arrière,19,,,France,ESPOIR,,
PROD2,OYO,Antoine ABRAHAM,Pilier,32,,,France,PRO,JIFF,
PROD2,OYO,Ali OZ,Pilier,32,,,France,PRO,JIFF,
PROD2,OYO,Yannick ARROYO,Pilier,28,,,France,PRO,JIFF,
PROD2,OYO,Rémi DI PIETRO,Pilier,24,,,France,PRO,JIFF,
PROD2,OYO,Nikoloz KORAKHASHVILI,Pilier,20,,,Géorgie,ESPOIR,ESPOIR_NON_JIFF,
PROD2,OYO,Maxime NYSSEN,Pilier,19,,,Belgique,ESPOIR,ESPOIR_NON_JIFF,
PROD2,OYO,Thibault GRAVEL,Pilier,19,,,France,ESPOIR,,
PROD2,OYO,Martin CHAUVETTE,Pilier,19,,,France,ESPOIR,,
PROD2,OYO,Vano KARKADZE,Talonneur,27,,,Géorgie,PRO,JIFF,
PROD2,OYO,Sacha LONCHAMPT,Talonneur,21,,,France,ESPOIR,,
PROD2,OYO,Clément PICHOWSKA,Talonneur,19,,,France,ESPOIR,,
PROD2,OYO,Koen BLOEMEN,2ème ligne,29,,,Pays-Bas,PRO,JIFF,
PROD2,OYO,Alban ROUSSEL,2ème ligne,28,,,France,PRO,JIFF,
PROD2,OYO,Antonin CORSO,2ème ligne,23,,,France,PRO,JIFF,
PROD2,OYO,Temur TSULUKIDZE,2ème ligne,22,,,Géorgie,ESPOIR,,
PROD2,OYO,Benjamin REY,2ème ligne,19,,,France,ESPOIR,,
PROD2,OYO,Antoine MIQUEL,3ème ligne,33,,,France,PRO,JIFF,
PROD2,OYO,Wandrille PICAULT,3ème ligne,32,,,France,PRO,JIFF,
PROD2,OYO,Kévin LEBRETON,3ème ligne,32,,,France,PRO,JIFF,
PROD2,OYO,Loïc GODENER,3ème ligne,31,,,France,PRO,JIFF,
PROD2,OYO,Pierre-Samuel PACHECO,3ème ligne,27,,,France,PRO,JIFF,
PROD2,OYO,Cyriac GUILLY,3ème ligne,24,,,France,PRO,JIFF,
PROD2,OYO,Alessio CONTIGLIANI,3ème ligne,21,,,France,ESPOIR,,
PROD2,OYO,Giusca CODRIN,3ème ligne,20,,,Roumanie,ESPOIR,ESPOIR_NON_JIFF,
PROD2,OYO,Jonathan RURU,Mêlée,34,,,Nouvelle-Zélande,PRO,NON_JIFF,
PROD2,OYO,Vasil LOBZHANIDZE,Mêlée,30,,,Géorgie,PRO,JIFF,
PROD2,OYO,Lisandru BLANC,Mêlée,19,,,France,ESPOIR,,
PROD2,OYO,Thomas VINCENT,Ouverture,27,,,France,PRO,JIFF,
PROD2,OYO,Thomas DARMON,Centre,29,,,France,PRO,JIFF,
PROD2,OYO,Iñaki AYARZA,Centre,27,,,Chili,PRO,JIFF,
PROD2,OYO,François JOLY,Centre,25,,,France,PRO,JIFF,
PROD2,OYO,Siolesio HOATAU,Centre,21,,,France,ESPOIR,,
PROD2,OYO,Louka MAYRE,Centre,19,,,France,ESPOIR,,
PROD2,OYO,Trystan MAJCSAK,Centre,18,,,France,ESPOIR,,
PROD2,OYO,Karim QADIRI,Ailier,31,,,France,PRO,JIFF,
PROD2,OYO,Liam COOMBES-FABLING,Ailier,29,,,Nouvelle-Zélande,PRO,NON_JIFF,
PROD2,OYO,Enzo REYBIER,Ailier,25,,,France,PRO,JIFF,
PROD2,OYO,Sacha COURTHALIAC,Ailier,23,,,France,ESPOIR,,
PROD2,OYO,Théo PAVIOT,Ailier,19,,,France,ESPOIR,,
PROD2,OYO,Nolan DEBERNARD,Ailier,18,,,France,ESPOIR,,
PROD2,OYO,Martin COLLOCH,Arrière,19,,,France,ESPOIR,,
PROD2,OYO,Elijah ELDER,Arrière,19,,,France,ESPOIR,,
PROD2,COL,Michaël SIMUTOGA,Pilier,30,,,France,PRO,JIFF,
PROD2,COL,Guillaume TARTAS,Pilier,30,,,France,PRO,JIFF,
PROD2,COL,Eliès EL ANSARI,Pilier,30,,,France,PRO,JIFF,
PROD2,COL,Mamuka MSTOIANI,Pilier,26,,,Géorgie,PRO,JIFF,
PROD2,COL,Robin BELLEMAND,Pilier,25,,,France,PRO,JIFF,
PROD2,COL,Pierre-Emmanuel PACHECO,Pilier,24,,,France,PRO,JIFF,
PROD2,COL,Valentin TEMPLIN,Pilier,21,,,France,ESPOIR,,
PROD2,COL,Fernando LARIOS,Pilier,19,,,Espagne,ESPOIR,ESPOIR_NON_JIFF,
PROD2,COL,Damien LAM,Pilier,19,,,France,ESPOIR,,
PROD2,COL,Pablo DIMCHEFF,Talonneur,28,,,Argentine,PRO,JIFF,
PROD2,COL,Théo LACHAUD,Talonneur,26,,,France,PRO,JIFF,
PROD2,COL,Arthur CROS,Talonneur,22,,,France,ESPOIR,,
PROD2,COL,Clovis CHIZAT,Talonneur,21,,,France,ESPOIR,,
PROD2,COL,Maxime GRANOUILLET,2ème ligne,35,,,France,PRO,JIFF,
PROD2,COL,Jean THOMAS,2ème ligne,33,,,France,PRO,JIFF,
PROD2,COL,Myles EDWARDS,2ème ligne,30,,,Angleterre,PRO,JIFF,
PROD2,COL,Richard HARDWICK,3ème ligne,33,,,Namibie,PRO,NON_JIFF,
PROD2,COL,Tuaina Taii TUALIMA,3ème ligne,30,,,Nouvelle-Zélande,PRO,NON_JIFF,
PROD2,COL,Luka PLATARET,3ème ligne,27,,,France,PRO,JIFF,
PROD2,COL,Grégoire BAZIN,3ème ligne,27,,,France,PRO,JIFF,
PROD2,COL,Paolo PARPAGIOLA,3ème ligne,24,,,France,PRO,JIFF,
PROD2,COL,Baptiste ZUERAS,3ème ligne,21,,,France,ESPOIR,,
PROD2,COL,Eliott DUTHIL,3ème ligne,21,,,France,ESPOIR,,
PROD2,COL,Ugo SÉGUÉLA,Mêlée,26,,,France,PRO,JIFF,
PROD2,COL,Thibault DEBAËS,Ouverture,25,,,France,PRO,JIFF,
PROD2,COL,Gabin GALY,Ouverture,20,,,France,ESPOIR,,
PROD2,COL,Antoine WORCZYNSKI,Ouverture,20,,,France,ESPOIR,,
PROD2,COL,Seamus BARDOUL,Centre,30,,,Nouvelle-Zélande,PRO,NON_JIFF,
PROD2,COL,Martin DULON,Centre,27,,,France,PRO,JIFF,
PROD2,COL,Baptiste SERRANO,Centre,25,,,France,PRO,JIFF,
PROD2,COL,Maxime DUNAC,Centre,21,,,France,ESPOIR,,
PROD2,COL,Samuel LE SAUX,Centre,20,,,France,ESPOIR,,
PROD2,COL,Romain PERRIER,Centre,20,,,France,ESPOIR,,
PROD2,COL,Alizio IGLESIAS,Centre,19,,,France,ESPOIR,,
PROD2,COL,Viliami FINE,Ailier,29,,,Tonga,PRO,NON_JIFF,
PROD2,COL,Vincent PINTO,Ailier,28,,,France,PRO,JIFF,
PROD2,COL,Martin ALONSO,Ailier,27,,,Espagne,PRO,JIFF,
PROD2,COL,Rayan HOUARI,Ailier,22,,,France,ESPOIR,,
PROD2,COL,Alexandre BORIE,Arrière,26,,,France,PRO,JIFF,
PROD2,COL,Simão BENTO,Arrière,26,,,Portugal,PRO,JIFF,
PROD2,NEV,Kamaliele TUFELE,Pilier,31,,,France,PRO,JIFF,
PROD2,NEV,Aitor KITUTU,Pilier,29,,,France,PRO,JIFF,
PROD2,NEV,Aselo IKAHEHEGI,Pilier,27,,,France,PRO,JIFF,
PROD2,NEV,Yan ARNOLD,Pilier,26,,,France,PRO,JIFF,
PROD2,NEV,Henzo KITEAU,Pilier,25,,,France,PRO,JIFF,
PROD2,NEV,Luka UNGIADZE,Pilier,23,,,Géorgie,PRO,JIFF,
PROD2,NEV,Herman COETZEE,Pilier,23,,,Namibie,PRO,JIFF,
PROD2,NEV,Alban FAIVRE,Pilier,22,,,France,ESPOIR,,
PROD2,NEV,Léopold LEROUEIL,Pilier,21,,,France,ESPOIR,,
PROD2,NEV,Erik MEROI,Pilier,21,,,Italie,ESPOIR,ESPOIR_NON_JIFF,
PROD2,NEV,Saba NOZADZE,Pilier,20,,,Géorgie,ESPOIR,ESPOIR_NON_JIFF,
PROD2,NEV,Mattéo DONJOUX,Pilier,18,,,France,ESPOIR,,
PROD2,NEV,Jean-Maxence JULES-ROSETTE,Talonneur,23,,,France,PRO,JIFF,
PROD2,NEV,Charlie FRANCOZ,2ème ligne,29,,,France,PRO,JIFF,
PROD2,NEV,Ahmed KANE,2ème ligne,26,,,Suisse,PRO,JIFF,
PROD2,NEV,Oskar RIXEN,2ème ligne,25,,,Allemagne,PRO,JIFF,
PROD2,NEV,Victor TEMPLIER,2ème ligne,24,,,France,PRO,JIFF,
PROD2,NEV,Ted CONDON,2ème ligne,24,,,Australie,PRO,JIFF,
PROD2,NEV,Abdoulaye GASSAMA,2ème ligne,20,,,France,ESPOIR,,
PROD2,NEV,Charlie HELLER,2ème ligne,20,,,Nouvelle-Zélande,ESPOIR,ESPOIR_NON_JIFF,
PROD2,NEV,Arno BOTHA,3ème ligne,35,,,Afrique du sud,PRO,NON_JIFF,
PROD2,NEV,Guillem CALMON,3ème ligne,27,,,France,PRO,JIFF,
PROD2,NEV,Mahamadou COULIBALY,3ème ligne,25,,,France,PRO,JIFF,
PROD2,NEV,Phillip KLEYNHANS,3ème ligne,24,,,Afrique du sud,PRO,JIFF,
PROD2,NEV,Rati ZAZADZE,3ème ligne,24,,,Géorgie,PRO,JIFF,
PROD2,NEV,Enzo LOISEAU,3ème ligne,21,,,France,ESPOIR,,
PROD2,NEV,Fasio TAALO,3ème ligne,21,,,France,ESPOIR,,
PROD2,NEV,Camille VALLÉE,3ème ligne,20,,,France,ESPOIR,,
PROD2,NEV,Santiago LÓPEZ,3ème ligne,20,,,Espagne,ESPOIR,ESPOIR_NON_JIFF,
PROD2,NEV,Suliano SAVENACA,3ème ligne,20,,,Fidji,ESPOIR,ESPOIR_NON_JIFF,
PROD2,NEV,Manaïa LAPE,3ème ligne,20,,,France,ESPOIR,,
PROD2,NEV,Giorgi ZAZADZE,3ème ligne,19,,,Géorgie,ESPOIR,ESPOIR_NON_JIFF,
PROD2,NEV,Simon TAREL,Mêlée,24,,,France,PRO,JIFF,
PROD2,NEV,Jules BOUSQUET,Mêlée,22,,,France,ESPOIR,,
PROD2,NEV,Hugo FRANIATTE,Mêlée,20,,,France,ESPOIR,,
PROD2,NEV,Shaun REYNOLDS,Ouverture,32,,,Afrique du sud,PRO,NON_JIFF,
PROD2,NEV,Anselme CELLIER,Ouverture,26,,,France,PRO,JIFF,
PROD2,NEV,Fred GUILLET,Ouverture,22,,,France,ESPOIR,,
PROD2,NEV,Raphaël SANCHEZ,Centre,28,,,France,PRO,JIFF,
PROD2,NEV,Liam TURNER,Centre,27,,,Irlande,PRO,NON_JIFF,
PROD2,NEV,Noa POMMELET,Centre,24,,,France,PRO,JIFF,
PROD2,NEV,Nicolas RAGOEVI,Centre,23,,,France,PRO,JIFF,
PROD2,NEV,Maxime CLAUX,Centre,22,,,France,ESPOIR,,
PROD2,NEV,Josefa UBITAU,Centre,21,,,Fidji,ESPOIR,,
PROD2,NEV,Tai PATEA,Centre,19,,,France,ESPOIR,,
PROD2,NEV,Perry MAYO,Ailier,25,,,France,PRO,JIFF,
PROD2,NEV,Jioji KOROINAWAI,Ailier,22,,,Fidji,PRO,JIFF,
PROD2,NEV,Johan WASSERMAN,Ailier,22,,,Afrique du sud,PRO,JIFF,
PROD2,NEV,Titouan ROINEL,Ailier,20,,,France,ESPOIR,,
PROD2,NEV,Bryan MONO LUCAS,Ailier,,,,Belgique,ESPOIR,ESPOIR_NON_JIFF,
PROD2,NEV,Dylan JAMINET,Arrière,25,,,France,PRO,JIFF,
PROD2,NEV,Enoal JOGUET,Arrière,21,,,France,ESPOIR,,
PROD2,NEV,Shamesdine HASNAOUI,Arrière,19,,,France,ESPOIR,,
PROD2,AIX,Sébastien TAOFIFENUA,Pilier,35,,,France,PRO,JIFF,
PROD2,AIX,Pascal COTET,Pilier,33,,,France,PRO,JIFF,
PROD2,AIX,Aurélien AZAR,Pilier,33,,,France,PRO,JIFF,
PROD2,AIX,Hugo N'DIAYE,Pilier,26,,,France,PRO,JIFF,
PROD2,AIX,Andréa PONTANIER,Pilier,25,,,France,PRO,JIFF,
PROD2,AIX,Eliott YEMSI,Pilier,25,,,France,PRO,JIFF,
PROD2,AIX,Noam PION,Pilier,22,,,France,ESPOIR,,
PROD2,AIX,Mattéo FOURCADE,Pilier,21,,,France,ESPOIR,,
PROD2,AIX,Enzo DELFOSSE,Pilier,20,,,France,ESPOIR,,
PROD2,AIX,Wesley MASIMA,Pilier,18,,,France,ESPOIR,,
PROD2,AIX,Kélian AISSIOU,Pilier,18,,,France,ESPOIR,,
PROD2,AIX,Mathéo ALLIER,Pilier,18,,,France,ESPOIR,,
PROD2,AIX,Vincent GIUDICELLI,Talonneur,30,,,France,PRO,JIFF,
PROD2,AIX,Joris CAVAGLIERI,Talonneur,20,,,France,ESPOIR,,
PROD2,AIX,Balthazar CHAPEAU,Talonneur,19,,,France,ESPOIR,,
PROD2,AIX,Izack RODDA,2ème ligne,30,,,Australie,PRO,NON_JIFF,
PROD2,AIX,Renger VAN EERTEN,2ème ligne,27,,,Pays-Bas,PRO,JIFF,
PROD2,AIX,Yannick YOUYOUTTE,2ème ligne,27,,,France,PRO,JIFF,
PROD2,AIX,Cyprien KILEZTKY,2ème ligne,21,,,France,ESPOIR,,
PROD2,AIX,Bas VAN RAVENSTEIN,2ème ligne,20,,,Pays-Bas,ESPOIR,ESPOIR_NON_JIFF,
PROD2,AIX,Sjoerd BAKKER,2ème ligne,20,,,Pays-Bas,ESPOIR,ESPOIR_NON_JIFF,
PROD2,AIX,Rémi ROUX,2ème ligne,19,,,France,ESPOIR,,
PROD2,AIX,Idris ABID,2ème ligne,17,,,France,ESPOIR,,
PROD2,AIX,Guillaume PIAZZOLI,3ème ligne,29,,,France,PRO,JIFF,
PROD2,AIX,Thibaut MARTEL,3ème ligne,28,,,France,PRO,JIFF,
PROD2,AIX,Tornike JALAGONIA,3ème ligne,28,,,Géorgie,PRO,JIFF,
PROD2,AIX,Etonia WAQA,3ème ligne,28,,,Fidji,PRO,NON_JIFF,
PROD2,AIX,Unax CARBALLO,3ème ligne,20,,,Espagne,ESPOIR,ESPOIR_NON_JIFF,
PROD2,AIX,Florent BERTOUT,3ème ligne,18,,,France,ESPOIR,,
PROD2,AIX,Joris CAZENAVE,Mêlée,32,,,France,PRO,JIFF,
PROD2,AIX,Arthur COVILLE,Mêlée,29,,,France,PRO,JIFF,
PROD2,AIX,Tom NOBLE,Mêlée,19,,,France,ESPOIR,,
PROD2,AIX,Virgile GALLEGO DA SILVA,Mêlée,18,,,France,ESPOIR,,
PROD2,AIX,Caleb MUNTZ,Ouverture,27,,,Nouvelle-Zélande,PRO,NON_JIFF,
PROD2,AIX,Martino PUCCIARIELLO,Ouverture,23,,,Italie,PRO,JIFF,
PROD2,AIX,Aubin GEFFRAY,Ouverture,19,,,France,ESPOIR,,
PROD2,AIX,Noah CHAMPET,Ouverture,17,,,France,ESPOIR,,
PROD2,AIX,Mathias COLOMBET,Centre,30,,,France,PRO,JIFF,
PROD2,AIX,Romain TROUILLOUD,Centre,27,,,France,PRO,JIFF,
PROD2,AIX,Sireli MASIWINI,Centre,23,,,Fidji,PRO,JIFF,
PROD2,AIX,Baptiste LENOIR,Centre,20,,,France,ESPOIR,,
PROD2,AIX,Tom FRÉLAUT,Centre,19,,,France,ESPOIR,,
PROD2,AIX,Imran DHAOUADI,Centre,18,,,France,ESPOIR,,
PROD2,AIX,Setareki BITUNIYATA,Ailier,31,,,Fidji,PRO,NON_JIFF,
PROD2,AIX,Sione TUI,Ailier,28,,,Australie,PRO,JIFF,
PROD2,AIX,Léo DROUET,Ailier,23,,,France,PRO,JIFF,
PROD2,AIX,Nicolas MAGIMEL,Ailier,21,,,France,ESPOIR,,
PROD2,AIX,Paul CELLIO-ZWILER,Ailier,20,,,France,ESPOIR,,
PROD2,AIX,Gabin SADONES,Ailier,18,,,France,ESPOIR,,
PROD2,AIX,Martin BOGADO,Arrière,29,,,Argentine,PRO,NON_JIFF,
PROD2,AIX,Manuel VAREIRO,Arrière,22,,,Portugal,ESPOIR,ESPOIR_NON_JIFF,
PROD2,AIX,Johan BOIRON,Arrière,19,,,France,ESPOIR,,
PROD2,GRE,Tommy RAYNAUD,Pilier,33,,,France,PRO,JIFF,
PROD2,GRE,Johannes JONKER,Pilier,32,,,Afrique du sud,PRO,NON_JIFF,
PROD2,GRE,Éli ÉGLAINE,Pilier,26,,,France,PRO,JIFF,
PROD2,GRE,Sascha MISTRULLI,Pilier,22,,,France,PRO,JIFF,
PROD2,GRE,Valentin BERRUYER,Pilier,22,,,France,ESPOIR,,
PROD2,GRE,Noa STOFFEL,Pilier,20,,,France,ESPOIR,,
PROD2,GRE,Rémi LANNIER,Pilier,20,,,France,ESPOIR,,
PROD2,GRE,Alexandre LANGLOIS,Pilier,19,,,France,ESPOIR,,
PROD2,GRE,Thibaut GOURDON,Pilier,18,,,France,ESPOIR,,
PROD2,GRE,Tehei MOETERAURI,Pilier,18,,,France,ESPOIR,,
PROD2,GRE,Thibaud COMMANDEUR,Pilier,18,,,France,ESPOIR,,
PROD2,GRE,Bastien SOURY,Talonneur,32,,,France,PRO,JIFF,
PROD2,GRE,Lilian ROSSI,Talonneur,29,,,France,PRO,JIFF,
PROD2,GRE,Émile HERMANN,Talonneur,20,,,France,ESPOIR,,
PROD2,GRE,Victor GAYET,Talonneur,19,,,France,ESPOIR,,
PROD2,GRE,Brandon NANSEN,2ème ligne,33,,,Samoa,PRO,NON_JIFF,
PROD2,GRE,Tristan LABOUTELEY,2ème ligne,32,,,France,PRO,JIFF,
PROD2,GRE,Manuel LEINDEKAR,2ème ligne,30,,,Uruguay,PRO,JIFF,
PROD2,GRE,James FENDER,2ème ligne,25,,,Pays-de-Galles,PRO,NON_JIFF,
PROD2,GRE,Noé THÉRAUBE,2ème ligne,22,,,France,ESPOIR,,
PROD2,GRE,Charlton HOLWILL,2ème ligne,21,,,Afrique du sud,ESPOIR,ESPOIR_NON_JIFF,
PROD2,GRE,Ilan GAUVREAU,2ème ligne,19,,,France,ESPOIR,,
PROD2,GRE,Thomas DARIER,2ème ligne,18,,,France,ESPOIR,,
PROD2,GRE,Maxence CHAFFARDON,2ème ligne,18,,,France,ESPOIR,,
PROD2,GRE,Faber SIEBENGA,2ème ligne,18,,,Pays-Bas,ESPOIR,ESPOIR_NON_JIFF,
PROD2,GRE,Fergus LEE-WARNER,3ème ligne,33,,,Australie,PRO,NON_JIFF,
PROD2,GRE,Steven DAVID,3ème ligne,32,,,France,PRO,JIFF,
PROD2,GRE,Otunuku PAUTA,3ème ligne,28,,,Tonga,PRO,NON_JIFF,
PROD2,GRE,Baptiste ABESCAT,3ème ligne,26,,,France,PRO,JIFF,
PROD2,GRE,Victor GUILLAUMOND,3ème ligne,26,,,France,PRO,JIFF,
PROD2,GRE,Mathis BARET,3ème ligne,22,,,France,ESPOIR,,
PROD2,GRE,Benoît MICHAUD,3ème ligne,21,,,France,ESPOIR,,
PROD2,GRE,John TAUFA,3ème ligne,20,,,Nouvelle-Zélande,ESPOIR,,
PROD2,GRE,Roman BARTHALAY,3ème ligne,20,,,France,ESPOIR,,
PROD2,GRE,Taniela LOUTONGO,3ème ligne,20,,,Nouvelle-Zélande,ESPOIR,,
PROD2,GRE,Loan DROGO,3ème ligne,20,,,France,ESPOIR,,
PROD2,GRE,Joseph BECQUAERT,3ème ligne,20,,,France,ESPOIR,,
PROD2,GRE,Thibault BOUZEGAYA,Mêlée,20,,,France,ESPOIR,,
PROD2,GRE,Marius CANAVESIO,Mêlée,18,,,France,ESPOIR,,
PROD2,GRE,Auguste PAIN,Mêlée,18,,,France,ESPOIR,,
PROD2,GRE,Sam DAVIES,Ouverture,33,,,Pays-de-Galles,PRO,NON_JIFF,
PROD2,GRE,Marc PALMIER,Ouverture,28,,,France,PRO,JIFF,
PROD2,GRE,Chris HENNIG,Ouverture,21,,,Allemagne,ESPOIR,ESPOIR_NON_JIFF,
PROD2,GRE,Maël NAVIZET,Ouverture,20,,,France,ESPOIR,,
PROD2,GRE,Rhys MORATA,Ouverture,20,,,France,ESPOIR,,
PROD2,GRE,Eddie SAWAILAU,Centre,31,,,Fidji,PRO,JIFF,
PROD2,GRE,Lalomilo LALOMILO,Centre,28,,,Nouvelle-Zélande,PRO,NON_JIFF,
PROD2,GRE,Gerswin MOUTON,Centre,27,,,Namibie,PRO,NON_JIFF,
PROD2,GRE,Corentin PECCAUD,Centre,22,,,France,ESPOIR,,
PROD2,GRE,Gabin MORALES,Centre,20,,,France,ESPOIR,,
PROD2,GRE,Lucas PRAT,Centre,20,,,France,ESPOIR,,
PROD2,GRE,Tyreese ROBIN,Centre,19,,,France,ESPOIR,,
PROD2,GRE,Yanis JAOUHER,Centre,19,,,France,ESPOIR,,
PROD2,GRE,Nadir MEGDOUD,Ailier,30,,,France,PRO,JIFF,
PROD2,GRE,Aurélien CALLANDRET,Ailier,29,,,France,PRO,JIFF,
PROD2,GRE,Lucas TAUZIN,Ailier,29,,,France,PRO,JIFF,
PROD2,GRE,Cyprien FUTIN,Ailier,20,,,France,ESPOIR,,
PROD2,GRE,Nathan COUTIN,Ailier,20,,,France,ESPOIR,,
PROD2,GRE,Axel GAGET,Ailier,20,,,France,ESPOIR,,
PROD2,GRE,Mathias FICHARD,Ailier,19,,,France,ESPOIR,,
PROD2,GRE,Doryan PETIT-GENET,Ailier,17,,,France,ESPOIR,,
PROD2,GRE,Thomas ALARY,Arrière,20,,,France,ESPOIR,,
PROD2,GRE,Rémi CHAPIT,Arrière,19,,,France,ESPOIR,,
PROD2,BIA,Hugo PIRLET,Pilier,30,,,France,PRO,JIFF,
PROD2,BIA,Quentin SAMARAN,Pilier,29,,,France,PRO,JIFF,
PROD2,BIA,Giorgi NUTSUBIDZE,Pilier,28,,,Géorgie,PRO,JIFF,
PROD2,BIA,Kakhaber DARBAIDZE,Pilier,27,,,Géorgie,PRO,NON_JIFF,
PROD2,BIA,François MUR,Pilier,23,,,France,PRO,JIFF,
PROD2,BIA,Timothé PELLOUX,Pilier,20,,,France,ESPOIR,,
PROD2,BIA,Iban HIRIART-URRUTY,Talonneur,34,,,France,PRO,JIFF,
PROD2,BIA,Luka BEGIC,Talonneur,26,,,France,PRO,JIFF,
PROD2,BIA,Adrien SONZOGNI,Talonneur,24,,,France,PRO,JIFF,
PROD2,BIA,Millian OULDJI,Talonneur,21,,,France,ESPOIR,,
PROD2,BIA,Anas BARARA,Talonneur,20,,,France,ESPOIR,,
PROD2,BIA,Unax GOIKOETXEA,Talonneur,19,,,Espagne,ESPOIR,ESPOIR_NON_JIFF,
PROD2,BIA,Raynard ROETS,2ème ligne,26,,,Afrique du sud,PRO,NON_JIFF,
PROD2,BIA,JP LOMBAARD,2ème ligne,21,,,Afrique du sud,ESPOIR,ESPOIR_NON_JIFF,
PROD2,BIA,Jules SOUBIRA,2ème ligne,19,,,France,ESPOIR,,
PROD2,BIA,Rémi BOURDEAU,3ème ligne,35,,,France,PRO,JIFF,
PROD2,BIA,Sione VAILANU,3ème ligne,32,,,Tonga,PRO,NON_JIFF,
PROD2,BIA,Thomas HÉBERT,3ème ligne,27,,,France,PRO,JIFF,
PROD2,BIA,Ekain IMAZ,3ème ligne,24,,,Espagne,PRO,JIFF,
PROD2,BIA,Andréa SACCO,3ème ligne,22,,,France,ESPOIR,,
PROD2,BIA,Baptiste BRITZ,3ème ligne,22,,,France,ESPOIR,,
PROD2,BIA,Quentin RUCCI,3ème ligne,22,,,France,ESPOIR,,
PROD2,BIA,Zephaniah LEWIS,3ème ligne,20,,,Nouvelle-Zélande,ESPOIR,ESPOIR_NON_JIFF,
PROD2,BIA,Yann LESGOURGUES,Mêlée,36,,,France,PRO,JIFF,
PROD2,BIA,Hugo MAZAS,Mêlée,21,,,France,ESPOIR,,
PROD2,BIA,Iban LACLAU,Ouverture,22,,,France,ESPOIR,,
PROD2,BIA,Tomás MARQUES,Ouverture,21,,,Portugal,ESPOIR,ESPOIR_NON_JIFF,
PROD2,BIA,Milo LAINÉ,Ouverture,20,,,France,ESPOIR,,
PROD2,BIA,Duncan PAIA'AUA,Centre,32,,,Nouvelle-Zélande,PRO,NON_JIFF,
PROD2,BIA,Dorian LABORDE,Centre,30,,,France,PRO,JIFF,
PROD2,BIA,Lukas DOYHENARD,Centre,26,,,France,PRO,JIFF,
PROD2,BIA,Killian BONDI,Centre,21,,,France,ESPOIR,,
PROD2,BIA,Marius LARRIBAUD,Centre,20,,,France,ESPOIR,,
PROD2,BIA,Arthur BONNEVAL,Ailier,32,,,France,PRO,JIFF,
PROD2,BIA,Mosese DAWAI,Ailier,29,,,Fidji,PRO,NON_JIFF,
PROD2,BIA,Nicolas ELISSONDO,Ailier,23,,,France,PRO,JIFF,
PROD2,BIA,Charlie LAFON,Ailier,20,,,France,ESPOIR,,
PROD2,BIA,Kylian JAMINET,Arrière,31,,,France,PRO,JIFF,
PROD2,BIA,Baptiste FARISCOT,Arrière,25,,,France,PRO,JIFF,
PROD2,AGE,Enrique PIERETTO HEILAND,Pilier,32,,,Argentine,PRO,NON_JIFF,
PROD2,AGE,Akato FAKATIKA,Pilier,26,,,France,PRO,JIFF,
PROD2,AGE,Nail AUDOIRE,Pilier,26,,,France,PRO,JIFF,
PROD2,AGE,Julien KOTEUREU,Pilier,22,,,France,ESPOIR,,
PROD2,AGE,Alexandre EVERAERT,Pilier,22,,,France,ESPOIR,,
PROD2,AGE,Archil NOZADZE,Pilier,21,,,Géorgie,ESPOIR,,
PROD2,AGE,Bastien DARRÉ,Pilier,20,,,France,ESPOIR,,
PROD2,AGE,Clément SARTRE,Pilier,19,,,France,ESPOIR,,
PROD2,AGE,Evan PRÉVOT,Pilier,19,,,France,ESPOIR,,
PROD2,AGE,Simon NKOLO,Pilier,19,,,France,ESPOIR,,
PROD2,AGE,Noa DEBEC,Pilier,18,,,France,ESPOIR,,
PROD2,AGE,Mathéo VILLACASTIN,Pilier,18,,,France,ESPOIR,,
PROD2,AGE,Pierre JOUVIN,Talonneur,23,,,France,PRO,JIFF,
PROD2,AGE,Maé RIVIÈRE,Talonneur,20,,,France,ESPOIR,,
PROD2,AGE,Ilian CHEBLAL,Talonneur,19,,,France,ESPOIR,,
PROD2,AGE,Hugo COUSINEY,Talonneur,18,,,France,ESPOIR,,
PROD2,AGE,Denis MARCHOIS,2ème ligne,33,,,France,PRO,JIFF,
PROD2,AGE,John MADIGAN,2ème ligne,32,,,Irlande,PRO,NON_JIFF,
PROD2,AGE,Javier EISSMANN,2ème ligne,30,,,Chili,PRO,NON_JIFF,
PROD2,AGE,Damien BOZIC,2ème ligne,24,,,France,PRO,JIFF,
PROD2,AGE,Ben NEHRING,2ème ligne,22,,,Allemagne,ESPOIR,,
PROD2,AGE,Taniela MATAKAIONGO,3ème ligne,30,,,Tonga,PRO,NON_JIFF,
PROD2,AGE,Julien LEBIAN,3ème ligne,26,,,France,PRO,JIFF,
PROD2,AGE,Valentin GAYRAUD,3ème ligne,25,,,France,PRO,JIFF,
PROD2,AGE,Tomasi FINEANGANOFO,3ème ligne,24,,,Tonga,PRO,JIFF,
PROD2,AGE,Johan BOUGRER,3ème ligne,20,,,France,ESPOIR,,
PROD2,AGE,Arthur GARIOUB,3ème ligne,19,,,France,ESPOIR,,
PROD2,AGE,Gauthier GEORGES,3ème ligne,18,,,France,ESPOIR,,
PROD2,AGE,Mathéo LACOMBE,3ème ligne,18,,,France,ESPOIR,,
PROD2,AGE,Hugo BOUYSSOU,Mêlée,31,,,France,PRO,JIFF,
PROD2,AGE,Dorian BELLOT,Mêlée,27,,,France,PRO,JIFF,
PROD2,AGE,Valentino REGGIARDO,Mêlée,21,,,Argentine,ESPOIR,,
PROD2,AGE,Paolo LARAN,Mêlée,20,,,France,ESPOIR,,
PROD2,AGE,Paul LALBAT,Mêlée,20,,,France,ESPOIR,,
PROD2,AGE,Jules SOULAN,Ouverture,33,,,France,PRO,JIFF,
PROD2,AGE,Tom MÉNANTEAU,Ouverture,19,,,France,ESPOIR,,
PROD2,AGE,Kolinio RAMOKA,Centre,33,,,Fidji,PRO,NON_JIFF,
PROD2,AGE,Clément GARRIGUES,Centre,24,,,France,PRO,JIFF,
PROD2,AGE,Kian RAYMOND,Centre,21,,,France,ESPOIR,,
PROD2,AGE,Mylan SOSSÉ,Centre,20,,,France,ESPOIR,,
PROD2,AGE,Auxence VIGNON,Centre,20,,,France,ESPOIR,,
PROD2,AGE,Arthur DUPONT,Centre,19,,,France,ESPOIR,,
PROD2,AGE,Hugo JANOUIX,Centre,18,,,France,ESPOIR,,
PROD2,AGE,Iban ETCHEVERRY,Ailier,28,,,France,PRO,JIFF,
PROD2,AGE,Charles LALOI,Ailier,23,,,France,PRO,JIFF,
PROD2,AGE,Dylan CAZEMAJOU,Ailier,21,,,France,ESPOIR,,
PROD2,AGE,Arthur DECHAUME,Ailier,20,,,France,ESPOIR,,
PROD2,AGE,Timéo GAYRAL,Ailier,20,,,France,ESPOIR,,
PROD2,AGE,Juanito DOS SANTOS,Ailier,20,,,France,ESPOIR,,
PROD2,AGE,Pablo PARRIS RUIZ,Ailier,19,,,France,ESPOIR,,
PROD2,AGE,Yanis PLATON,Ailier,19,,,France,ESPOIR,,
PROD2,AGE,Mathias JEAN,Arrière,24,,,France,PRO,JIFF,
PROD2,BRI,Christian JUDGE,Pilier,34,,,Angleterre,PRO,NON_JIFF,
PROD2,BRI,Vakh ABDALADZE,Pilier,31,,,Géorgie,PRO,NON_JIFF,
PROD2,BRI,Louis MARY,Pilier,27,,,France,PRO,JIFF,
PROD2,BRI,Francisco CORIA MARCHETTI,Pilier,26,,,Argentine,PRO,JIFF,
PROD2,BRI,Simoté MOALA,Pilier,22,,,France,ESPOIR,,
PROD2,BRI,Guerlain VILLUENDAS,Pilier,21,,,France,ESPOIR,,
PROD2,BRI,Abdou-Aziz DIOUF,Pilier,20,,,France,ESPOIR,,
PROD2,BRI,Youssef EL BOUHALI,Pilier,19,,,Maroc,ESPOIR,,
PROD2,BRI,Cameron GILARD,Pilier,18,,,France,ESPOIR,,
PROD2,BRI,Lucas DA SILVA,Talonneur,29,,,France,PRO,JIFF,
PROD2,BRI,Yanis CHARCOSSET,Talonneur,25,,,France,PRO,JIFF,
PROD2,BRI,Valerio SICILIANO,Talonneur,23,,,Italie,ESPOIR,,
PROD2,BRI,Quentin ALGAY,Talonneur,21,,,France,ESPOIR,,
PROD2,BRI,Anri SHVELIDZE,Talonneur,20,,,Géorgie,ESPOIR,,
PROD2,BRI,Nathan CLAASSEN,2ème ligne,20,,,Afrique du sud,ESPOIR,,
PROD2,BRI,Ollie HULL,2ème ligne,20,,,Angleterre,ESPOIR,ESPOIR_NON_JIFF,
PROD2,BRI,Noah BROWN,2ème ligne,19,,,Angleterre,ESPOIR,ESPOIR_NON_JIFF,
PROD2,BRI,Retief MARAIS,3ème ligne,31,,,Afrique du sud,PRO,JIFF,
PROD2,BRI,Yann PEYSSON,3ème ligne,27,,,France,PRO,JIFF,
PROD2,BRI,Samuel MAXIMIN,3ème ligne,26,,,France,PRO,JIFF,
PROD2,BRI,Lucas OUDARD,3ème ligne,26,,,France,PRO,JIFF,
PROD2,BRI,Geoffrey MALATERRE,3ème ligne,21,,,France,ESPOIR,,
PROD2,BRI,Régis OMBY,3ème ligne,20,,,France,ESPOIR,,
PROD2,BRI,Issa MENDY,3ème ligne,20,,,France,ESPOIR,,
PROD2,BRI,Maxime SIDOBRE,Mêlée,28,,,France,PRO,JIFF,
PROD2,BRI,Mathis GALTHIÉ,Mêlée,25,,,France,PRO,JIFF,
PROD2,BRI,Stuart OLDING,Ouverture,34,,,Irlande,PRO,NON_JIFF,
PROD2,BRI,Antonin CLAUX,Ouverture,19,,,France,ESPOIR,,
PROD2,BRI,Quentin DEVAUD,Ouverture,18,,,France,ESPOIR,,
PROD2,BRI,Eto BAINIVALU,Centre,26,,,Fidji,PRO,JIFF,
PROD2,BRI,Gatien MASSÉ,Centre,25,,,France,PRO,JIFF,
PROD2,BRI,Georges SHVELIDZE,Centre,23,,,France,PRO,JIFF,
PROD2,BRI,Geoffrey CROS,Ailier,30,,,France,PRO,JIFF,
PROD2,BRI,Benjamin LEFRANC,Ailier,23,,,France,ESPOIR,,
PROD2,BRI,Julien TISSERON,Arrière,31,,,France,PRO,JIFF,
PROD2,BRI,Aymeric LUC,Arrière,29,,,France,PRO,JIFF,
PROD2,BRI,Lewis NOON,Arrière,22,,,Angleterre,ESPOIR,,
PROD2,BRI,Noa SAGE-AYMARD,Arrière,19,,,France,ESPOIR,,
PROD2,NIC,Etienne FALGOUX,Pilier,34,,,France,PRO,JIFF,
PROD2,NIC,Farai MUDARIKI,Pilier,32,,,Zimbabwe,PRO,NON_JIFF,
PROD2,NIC,Fabio GONZALEZ,Pilier,27,,,France,PRO,JIFF,
PROD2,NIC,Nicolás CIANCIO,Pilier,25,,,Argentine,PRO,JIFF,
PROD2,NIC,Zinédine AOUAD,Pilier,22,,,France,PRO,JIFF,
PROD2,NIC,Nacho NAVARRETE,Pilier,20,,,Espagne,ESPOIR,ESPOIR_NON_JIFF,
PROD2,NIC,Clément MARTINEZ,Talonneur,31,,,France,PRO,JIFF,
PROD2,NIC,Baptiste MORÉNO,Talonneur,24,,,France,PRO,JIFF,
PROD2,NIC,Léo CHAUVIN,Talonneur,23,,,France,PRO,JIFF,
PROD2,NIC,Adrian MOȚOC,2ème ligne,30,,,Roumanie,PRO,JIFF,
PROD2,NIC,Christiaan VAN DER MERWE,2ème ligne,30,,,Afrique du sud,PRO,JIFF,
PROD2,NIC,Joel KPOKU,2ème ligne,28,,,Angleterre,PRO,NON_JIFF,
PROD2,NIC,Bastien BERENGUEL,3ème ligne,33,,,France,PRO,JIFF,
PROD2,NIC,Lucas BACHELIER,3ème ligne,32,,,France,PRO,JIFF,
PROD2,NIC,Hanru SIRGEL,3ème ligne,29,,,Afrique du sud,PRO,NON_JIFF,
PROD2,NIC,Arthur VIGNOLLES,3ème ligne,28,,,France,PRO,JIFF,
PROD2,NIC,Hugo SARRASIN,3ème ligne,24,,,France,PRO,JIFF,
PROD2,NIC,Émile BLONDIN,3ème ligne,22,,,France,ESPOIR,,
PROD2,NIC,Juan José BERGAMASCHI,3ème ligne,19,,,Argentine,ESPOIR,ESPOIR_NON_JIFF,
PROD2,NIC,Andy BOSSERAY,3ème ligne,18,,,France,ESPOIR,,
PROD2,NIC,Jules GIMBERT,Mêlée,29,,,France,PRO,JIFF,
PROD2,NIC,Théo IDJELLIDAINE,Mêlée,26,,,France,PRO,JIFF,
PROD2,NIC,Lylian ZÉLIOLI,Mêlée,22,,,France,ESPOIR,,
PROD2,NIC,Hugo ZAMORA,Mêlée,19,,,France,ESPOIR,,
PROD2,NIC,Flavio ASQUINI,Ouverture,21,,,France,ESPOIR,,
PROD2,NIC,Jules BERTOLIN,Ouverture,21,,,France,ESPOIR,,
PROD2,NIC,Bautista EZCURRA,Centre,32,,,Argentine,PRO,NON_JIFF,
PROD2,NIC,Tyler MORGAN,Centre,31,,,Pays-de-Galles,PRO,NON_JIFF,
PROD2,NIC,Atila SEPTAR,Centre,31,,,France,PRO,JIFF,
PROD2,NIC,Pablo PATILLA,Centre,24,,,France,PRO,JIFF,
PROD2,NIC,Samuel BIELLE-BIARREY,Centre,22,,,France,ESPOIR,,
PROD2,NIC,Clément FLAMBART,Centre,21,,,France,ESPOIR,,
PROD2,NIC,Vincent RATTEZ,Ailier,35,,,France,PRO,JIFF,
PROD2,NIC,Inoke NALAGA,Ailier,27,,,Fidji,PRO,JIFF,
PROD2,NIC,Clément EGIZIANO,Ailier,25,,,France,PRO,JIFF,
PROD2,NIC,Andi BERGER,Ailier,20,,,France,ESPOIR,,
PROD2,NIC,Noah NIEL,Ailier,19,,,France,ESPOIR,,
PROD2,NIC,Julien FARNOUX,Arrière,34,,,France,PRO,JIFF,
PROD2,NIC,Boris GOUTARD,Arrière,29,,,France,PRO,JIFF,
PROD2,NIC,Massimo ORTOLAN,Arrière,28,,,France,PRO,JIFF,
PROD2,ANG,Yassin BOUTEMMANI,Pilier,36,,,France,PRO,JIFF,
PROD2,ANG,Paul TAILHADES,Pilier,30,,,France,PRO,JIFF,
PROD2,ANG,Élias COULIBALY,Pilier,26,,,France,PRO,JIFF,
PROD2,ANG,Seydou DIAKITÉ,Pilier,25,,,France,PRO,JIFF,
PROD2,ANG,Georgy BALAKAREV,Pilier,25,,,Russie,PRO,JIFF,
PROD2,ANG,Mathieu BONNOT,Talonneur,32,,,France,PRO,JIFF,
PROD2,ANG,Clément SENNELIER,Talonneur,21,,,France,ESPOIR,,
PROD2,ANG,Romain BORKOWSKI,Talonneur,20,,,France,ESPOIR,,
PROD2,ANG,Giorgi JAVAKHIA,2ème ligne,30,,,Géorgie,PRO,JIFF,
PROD2,ANG,Matt BEUKEBOOM,2ème ligne,30,,,Canada,PRO,JIFF,
PROD2,ANG,Enzo MORAND-BRUYAT,2ème ligne,25,,,France,PRO,JIFF,
PROD2,ANG,Léo MORAND-BRUYAT,2ème ligne,25,,,France,PRO,JIFF,
PROD2,ANG,Charli TAINMONT,2ème ligne,22,,,France,ESPOIR,,
PROD2,ANG,Pierre-Antoine RATIVEAU,2ème ligne,18,,,France,ESPOIR,ESPOIR_NON_JIFF,
PROD2,ANG,Lucas COSTA,3ème ligne,25,,,France,PRO,JIFF,
PROD2,ANG,Adrian MITU,3ème ligne,23,,,Roumanie,PRO,JIFF,
PROD2,ANG,Antonin DUMAS,3ème ligne,19,,,France,ESPOIR,,
PROD2,ANG,Emilio BRANCA,3ème ligne,19,,,Italie,ESPOIR,,
PROD2,ANG,Giorgi SUTIASHVILI,3ème ligne,,,,Géorgie,ESPOIR,,
PROD2,ANG,Gela APRASIDZE,Mêlée,29,,,Géorgie,PRO,JIFF,
PROD2,ANG,Baptiste ESCOFFRE,Mêlée,21,,,France,ESPOIR,,
PROD2,ANG,Luca GARNUNG,Mêlée,18,,,France,ESPOIR,,
PROD2,ANG,Nathan BERNADET,Ouverture,20,,,France,ESPOIR,,
PROD2,ANG,Ledua MAU,Centre,34,,,Fidji,PRO,NON_JIFF,
PROD2,ANG,Arthur PROULT,Centre,28,,,France,PRO,JIFF,
PROD2,ANG,Kaminieli RASAKU,Ailier,27,,,Fidji,PRO,NON_JIFF,
PROD2,ANG,Jules DUBECQ,Ailier,25,,,France,PRO,JIFF,
PROD2,ANG,Peter LYDON,Arrière,34,,,Irlande,PRO,NON_JIFF,
PROD2,ANG,Rémi BROSSET,Arrière,27,,,France,PRO,JIFF,
PROD2,DAX,Thibaud DRÉAN,Pilier,35,,,France,PRO,JIFF,
PROD2,DAX,David LOLOHEA,Pilier,35,,,Australie,PRO,NON_JIFF,
PROD2,DAX,Raphaêl LABOILLE,Pilier,22,,,France,ESPOIR,,
PROD2,DAX,Maxime CASENAVE,Pilier,22,,,France,ESPOIR,,
PROD2,DAX,Loris LARTIGAU,Pilier,21,,,France,ESPOIR,,
PROD2,DAX,Ian BOUBILA,Talonneur,25,,,France,PRO,JIFF,
PROD2,DAX,Paul LAPERNE,Talonneur,23,,,France,PRO,JIFF,
PROD2,DAX,Patxi GONY,Talonneur,21,,,France,ESPOIR,,
PROD2,DAX,Aubin CAZAUBON,Talonneur,21,,,France,ESPOIR,,
PROD2,DAX,Leonardo DERUGNA,Talonneur,18,,,Italie,ESPOIR,ESPOIR_NON_JIFF,
PROD2,DAX,Charlie MATTHEWS,2ème ligne,35,,,Angleterre,PRO,NON_JIFF,
PROD2,DAX,Ratu NACIKA,2ème ligne,30,,,Fidji,PRO,NON_JIFF,
PROD2,DAX,Théo MERCADIER,2ème ligne,24,,,France,PRO,JIFF,
PROD2,DAX,Taïno ANDREBE,2ème ligne,20,,,France,ESPOIR,,
PROD2,DAX,Arnaud ALETTI,3ème ligne,31,,,France,PRO,JIFF,
PROD2,DAX,Paul Arnaud AUSSET,3ème ligne,28,,,France,PRO,JIFF,
PROD2,DAX,Malo HANNOYER,3ème ligne,24,,,France,PRO,JIFF,
PROD2,DAX,Julien LAVERAN,3ème ligne,23,,,France,PRO,JIFF,
PROD2,DAX,Matéo LACROIX,3ème ligne,23,,,France,ESPOIR,,
PROD2,DAX,Logan DUBOIS,3ème ligne,21,,,France,ESPOIR,,
PROD2,DAX,Evan CHATELAIN,3ème ligne,21,,,France,ESPOIR,,
PROD2,DAX,Arthur IUNG,3ème ligne,20,,,France,ESPOIR,,
PROD2,DAX,Ben SA'U,3ème ligne,,,,Nouvelle-Zélande,PRO,NON_JIFF,
PROD2,DAX,Xan MARILUZ,Mêlée,20,,,France,ESPOIR,,
PROD2,DAX,Matthias DUFFO,Mêlée,19,,,France,ESPOIR,,
PROD2,DAX,Gaspar LAFFONT,Mêlée,19,,,France,ESPOIR,,
PROD2,DAX,Romuald SÉGUY,Ouverture,31,,,France,PRO,JIFF,
PROD2,DAX,Hugo ETCHEBARNE,Ouverture,21,,,France,ESPOIR,,
PROD2,DAX,Martin BONHOURE,Ouverture,21,,,France,ESPOIR,,
PROD2,DAX,Ronan FAVRAU,Centre,21,,,France,ESPOIR,,
PROD2,DAX,Julien AGUER,Centre,21,,,France,ESPOIR,,
PROD2,DAX,Matys COURTADE,Centre,18,,,France,ESPOIR,,
PROD2,DAX,Louis COUGET,Ailier,22,,,France,ESPOIR,,
PROD2,DAX,Lucas COURTADE,Ailier,20,,,France,ESPOIR,,
PROD2,DAX,Théo DUPRAT,Arrière,27,,,France,PRO,JIFF,
PROD2,DAX,Julian FOURCAUD,Arrière,21,,,France,ESPOIR,,
PROD2,NAR,Facundo POMPONIO,Pilier,35,,,Argentine,PRO,NON_JIFF,
PROD2,NAR,Thomas VERNET,Pilier,32,,,France,PRO,JIFF,
PROD2,NAR,Abraham POLE,Pilier,28,,,Nouvelle-Zélande,PRO,NON_JIFF,
PROD2,NAR,Charlesty BERGUET,Pilier,27,,,Belgique,PRO,JIFF,
PROD2,NAR,Baptiste COLLET,Pilier,26,,,France,PRO,JIFF,
PROD2,NAR,Thomas CRÉTU,Pilier,25,,,France,PRO,JIFF,
PROD2,NAR,Loïc VARENNE,Pilier,21,,,France,PRO,JIFF,
PROD2,NAR,Leny ANTOINE,Pilier,20,,,France,ESPOIR,,
PROD2,NAR,Thomas BARRIENTOS,Pilier,19,,,France,ESPOIR,,
PROD2,NAR,Stefan BURUIANA,Talonneur,24,,,France,PRO,JIFF,
PROD2,NAR,Gabriel ATLAN,Talonneur,24,,,France,PRO,JIFF,
PROD2,NAR,Jules VEYRIER,Talonneur,22,,,France,PRO,JIFF,
PROD2,NAR,Timo GARIN,Talonneur,21,,,France,ESPOIR,,
PROD2,NAR,Victor MOREAUX,2ème ligne,33,,,France,PRO,JIFF,
PROD2,NAR,Clément BITZ,2ème ligne,32,,,France,PRO,JIFF,
PROD2,NAR,Ruben SCHOEMAN,2ème ligne,31,,,Afrique du sud,PRO,NON_JIFF,
PROD2,NAR,Morgan MAGA,2ème ligne,25,,,France,PRO,JIFF,
PROD2,NAR,Simon HUCHET,2ème ligne,23,,,France,PRO,JIFF,
PROD2,NAR,Berdan FILIZ,2ème ligne,20,,,France,ESPOIR,,
PROD2,NAR,Caleb TIMU,3ème ligne,33,,,Nouvelle-Zélande,PRO,NON_JIFF,
PROD2,NAR,Paul BELZONS,3ème ligne,32,,,France,PRO,JIFF,
PROD2,NAR,Jeff GOUFAN,3ème ligne,28,,,France,PRO,JIFF,
PROD2,NAR,Chlayton FRANS,3ème ligne,25,,,Nouvelle-Zélande,PRO,NON_JIFF,
PROD2,NAR,Naël SOUID,3ème ligne,24,,,France,PRO,JIFF,
PROD2,NAR,Matéo LAVASELÉ,3ème ligne,23,,,France,PRO,JIFF,
PROD2,NAR,Édouard RICHER,3ème ligne,23,,,France,PRO,JIFF,
PROD2,NAR,Loan LAVERGNE,3ème ligne,23,,,France,PRO,JIFF,
PROD2,NAR,Nil ROLANDO,3ème ligne,21,,,France,ESPOIR,,
PROD2,NAR,Nicolas BERMEJO,3ème ligne,20,,,France,ESPOIR,,
PROD2,NAR,Baptiste LEROY,3ème ligne,20,,,France,ESPOIR,,
PROD2,NAR,Raphaël LAVASELÉ,3ème ligne,19,,,France,ESPOIR,,
PROD2,NAR,Imanol BISCAY,Mêlée,25,,,France,PRO,JIFF,
PROD2,NAR,Pablo BARBASTE,Mêlée,23,,,France,PRO,JIFF,
PROD2,NAR,Théo BÉVIA,Mêlée,20,,,France,ESPOIR,,
PROD2,NAR,Gabin MARAIS,Mêlée,19,,,France,ESPOIR,,
PROD2,NAR,Lubabalo DOBELA,Ouverture,29,,,Afrique du sud,PRO,NON_JIFF,
PROD2,NAR,Tom CHAUVET,Ouverture,26,,,France,PRO,JIFF,
PROD2,NAR,Hugo GOYENECH,Ouverture,22,,,France,PRO,JIFF,
PROD2,NAR,Férréol ISSARNI,Ouverture,20,,,France,ESPOIR,,
PROD2,NAR,Solomon ALAIMALO,Centre,31,,,Nouvelle-Zélande,PRO,NON_JIFF,
PROD2,NAR,Faletoi PENI,Centre,28,,,Samoa,PRO,NON_JIFF,
PROD2,NAR,Hugo NAVIZET,Centre,25,,,France,PRO,JIFF,
PROD2,NAR,Morrison MABOPE,Centre,24,,,Afrique du sud,PRO,JIFF,
PROD2,NAR,Théo GOMEZ,Centre,23,,,France,PRO,JIFF,
PROD2,NAR,Titoan ROUVELET,Centre,22,,,France,ESPOIR,,
PROD2,NAR,Maxime SOUNAC,Centre,20,,,France,ESPOIR,,
PROD2,NAR,Victor HANNOUN,Ailier,23,,,France,PRO,JIFF,
PROD2,NAR,Esteban MORVAN,Ailier,22,,,France,ESPOIR,,
PROD2,NAR,Gabin PIPY,Ailier,21,,,France,ESPOIR,,
PROD2,NAR,Kylian DESTARAC,Ailier,21,,,France,ESPOIR,,
PROD2,NAR,Evann SANS,Ailier,19,,,France,ESPOIR,,
PROD2,NAR,Thibault SANTORO,Arrière,25,,,France,PRO,JIFF,
PROD2,NAR,Hugo CLAUZEL,Arrière,22,,,France,PRO,JIFF,
PROD2,AUR,Giorgi KARTVELISHVILI,Pilier,35,,,Géorgie,PRO,NON_JIFF,
PROD2,AUR,Jean-Baptiste DE CLERCQ,Pilier,33,,,Belgique,PRO,JIFF,
PROD2,AUR,Lasha TABIDZE,Pilier,30,,,Géorgie,PRO,JIFF,
PROD2,AUR,Gymaël JEAN-JACQUES,Pilier,28,,,France,PRO,JIFF,
PROD2,AUR,Onise IOSELIANI,Pilier,23,,,Géorgie,ESPOIR,,
PROD2,AUR,Paul DAUGUET,Pilier,23,,,France,PRO,JIFF,
PROD2,AUR,Nikoloz KUMARITOVI,Pilier,21,,,Géorgie,ESPOIR,,
PROD2,AUR,Damian SPENCE,Pilier,20,,,Afrique du sud,ESPOIR,ESPOIR_NON_JIFF,
PROD2,AUR,Solomon IBEOBA,Pilier,20,,,Espagne,ESPOIR,,
PROD2,AUR,Gabriel RAZMADZE,Pilier,20,,,Géorgie,ESPOIR,ESPOIR_NON_JIFF,
PROD2,AUR,Luka NIORADZE,Talonneur,28,,,Géorgie,PRO,JIFF,
PROD2,AUR,Basa KHONELIDZE,Talonneur,23,,,Géorgie,PRO,JIFF,
PROD2,AUR,Rémi MONTBOISSE,Talonneur,21,,,France,ESPOIR,,
PROD2,AUR,Martial ROLLAND,2ème ligne,28,,,France,PRO,JIFF,
PROD2,AUR,Stephan LE ROUX,2ème ligne,27,,,Afrique du sud,PRO,JIFF,
PROD2,AUR,Mehdi SLAMANI,2ème ligne,25,,,France,PRO,JIFF,
PROD2,AUR,Skip JONGEJAN,2ème ligne,24,,,Pays-Bas,PRO,JIFF,
PROD2,AUR,Guga GANIASHVILI,2ème ligne,24,,,Géorgie,PRO,JIFF,
PROD2,AUR,Rory GAVIN,2ème ligne,21,,,Irlande,ESPOIR,,
PROD2,AUR,Martin SKOP,2ème ligne,20,,,Tchécoslovaquie,ESPOIR,ESPOIR_NON_JIFF,
PROD2,AUR,Fin RONNIE,2ème ligne,20,,,Ecosse,ESPOIR,ESPOIR_NON_JIFF,
PROD2,AUR,Didier TISON,3ème ligne,33,,,France,PRO,JIFF,
PROD2,AUR,Théo CAMBON,3ème ligne,28,,,France,PRO,JIFF,
PROD2,AUR,Ben HOUSTON,3ème ligne,28,,,Australie,PRO,NON_JIFF,
PROD2,AUR,Hugo HUURMAN,3ème ligne,26,,,Pays-Bas,PRO,JIFF,
PROD2,AUR,Mattéo COUSTALAT,3ème ligne,25,,,France,PRO,JIFF,
PROD2,AUR,Tim DE JONG,3ème ligne,25,,,Pays-Bas,PRO,JIFF,
PROD2,AUR,Jonathan RYAN,3ème ligne,22,,,Australie,ESPOIR,,
PROD2,AUR,Mathieu BOURGEOIS,3ème ligne,21,,,France,ESPOIR,,
PROD2,AUR,Ybann PADONOU,3ème ligne,21,,,France,ESPOIR,,
PROD2,AUR,Bill HAYES,3ème ligne,20,,,Irlande,ESPOIR,ESPOIR_NON_JIFF,
PROD2,AUR,Mattéo BAKIS,3ème ligne,18,,,France,ESPOIR,,
PROD2,AUR,Ruben COURTIÈS,Mêlée,24,,,France,PRO,JIFF,
PROD2,AUR,Boris HADINEGORO,Mêlée,24,,,Pays-Bas,PRO,JIFF,
PROD2,AUR,Benjamin RUDDICK,Mêlée,21,,,Belgique,ESPOIR,ESPOIR_NON_JIFF,
PROD2,AUR,Somto MONYE,Mêlée,20,,,Angleterre,ESPOIR,,
PROD2,AUR,Tedo ABZHANDADZE,Ouverture,28,,,Géorgie,PRO,JIFF,
PROD2,AUR,Nathan AZAÏS,Ouverture,23,,,France,PRO,JIFF,
PROD2,AUR,Retagan VAN ROOI,Ouverture,21,,,Afrique du sud,ESPOIR,ESPOIR_NON_JIFF,
PROD2,AUR,Hugo BASTARD,Centre,25,,,France,PRO,JIFF,
PROD2,AUR,Antonin BIKAI-COMBE,Centre,20,,,France,ESPOIR,,
PROD2,AUR,Enzo AURIAC,Centre,20,,,France,ESPOIR,,
PROD2,AUR,Yan PAPON,Centre,20,,,France,ESPOIR,,
PROD2,AUR,Thomas CAROL,Ailier,26,,,France,PRO,JIFF,
PROD2,AUR,Milo PASTOR,Ailier,22,,,France,ESPOIR,,
PROD2,AUR,Manuhere AVAEORU,Ailier,20,,,France,ESPOIR,,
PROD2,AUR,Enzo MARZOCCA,Arrière,28,,,France,PRO,JIFF,
PROD2,AUR,Angus STANIFORTH,Arrière,22,,,Australie,ESPOIR,,
PROD2,AUR,Joris CONDAMINE,Arrière,22,,,France,ESPOIR,,
PROD2,AUR,Quewinn LACKAY,Arrière,20,,,Afrique du sud,ESPOIR,ESPOIR_NON_JIFF,
PROD2,MTB,Christopher VAOTOA,Pilier,30,,,France,PRO,JIFF,
PROD2,MTB,Daniel BRENNAN,Pilier,28,,,Irlande,PRO,JIFF,
PROD2,MTB,Valentin SIMUTOGA,Pilier,24,,,France,PRO,JIFF,
PROD2,MTB,Sidi-Mohammed DIALLO,Pilier,23,,,France,PRO,JIFF,
PROD2,MTB,Levan EZIESHVILI,Pilier,21,,,Géorgie,ESPOIR,,
PROD2,MTB,Jordan BURET,Pilier,20,,,France,ESPOIR,,
PROD2,MTB,Ma'asi FAKALELU,Pilier,19,,,Tonga,ESPOIR,,
PROD2,MTB,Johnny MATTHEWS,Talonneur,34,,,Angleterre,PRO,NON_JIFF,
PROD2,MTB,Ru-Hann GREYLING,Talonneur,28,,,Afrique du sud,PRO,JIFF,
PROD2,MTB,Maixent DA COSTA,Talonneur,22,,,France,ESPOIR,,
PROD2,MTB,Luca AURÉJAC,Talonneur,20,,,France,ESPOIR,,
PROD2,MTB,Thomas OURLIAC,Talonneur,19,,,France,ESPOIR,,
PROD2,MTB,Esteban FAULONG,Talonneur,19,,,France,ESPOIR,,
PROD2,MTB,Romain MACURDY,2ème ligne,25,,,France,PRO,JIFF,
PROD2,MTB,Rémi DEVIS,2ème ligne,21,,,France,ESPOIR,,
PROD2,MTB,Bertus VERSFELD,2ème ligne,19,,,Afrique du sud,ESPOIR,ESPOIR_NON_JIFF,
PROD2,MTB,Paula TUVALO,2ème ligne,,,,Fidji,ESPOIR,ESPOIR_NON_JIFF,
PROD2,MTB,Lucas DESSAIGNE,3ème ligne,28,,,France,PRO,JIFF,
PROD2,MTB,Vaiolini EKUASI,3ème ligne,25,,,Tonga,PRO,NON_JIFF,
PROD2,MTB,Lomig JOUANNY,3ème ligne,23,,,France,PRO,JIFF,
PROD2,MTB,Jules BOUSQUET,3ème ligne,21,,,France,ESPOIR,,
PROD2,MTB,Dany LAMATAKI,3ème ligne,21,,,France,ESPOIR,,
PROD2,MTB,Charlie FENTON,3ème ligne,20,,,Irlande,ESPOIR,ESPOIR_NON_JIFF,
PROD2,MTB,Tevita ROKOSUKA,3ème ligne,20,,,Fidji,ESPOIR,,
PROD2,MTB,Lucas BONAL-ZELMAR,3ème ligne,19,,,France,ESPOIR,,
PROD2,MTB,Noa AURÉJAC,3ème ligne,18,,,France,ESPOIR,,
PROD2,MTB,Amine BOULAGHRIFA,Mêlée,19,,,France,ESPOIR,,
PROD2,MTB,Elliot VANOUDENDYCKE,Mêlée,19,,,France,ESPOIR,,
PROD2,MTB,Thomas FORTUNEL,Ouverture,32,,,France,PRO,JIFF,
PROD2,MTB,Jack WALSH,Ouverture,27,,,Australie,PRO,NON_JIFF,
PROD2,MTB,Merlin LEFLAMAND,Ouverture,20,,,France,ESPOIR,,
PROD2,MTB,JT JACKSON,Centre,30,,,Afrique du sud,PRO,NON_JIFF,
PROD2,MTB,Maxime ESPEUT,Centre,27,,,France,PRO,JIFF,
PROD2,MTB,Joey WALTON,Centre,27,,,Australie,PRO,NON_JIFF,
PROD2,MTB,Simon RENDA,Centre,27,,,France,PRO,JIFF,
PROD2,MTB,Asaeli Pacolo GADE,Centre,20,,,Fidji,ESPOIR,ESPOIR_NON_JIFF,
PROD2,MTB,Gabin LETELLIER,Centre,20,,,France,ESPOIR,,
PROD2,MTB,Ezio JULIA,Centre,20,,,France,ESPOIR,,
PROD2,MTB,Josua VICI,Ailier,33,,,Fidji,PRO,NON_JIFF,
PROD2,MTB,Paul VALLÉE,Ailier,25,,,France,PRO,JIFF,
PROD2,MTB,Jules FRANCONE,Ailier,21,,,France,ESPOIR,,
PROD2,MTB,Baptiste MOUCHOUS,Arrière,28,,,France,PRO,JIFF,
PROD2,MTB,Dachi PAPUNASHVILI,Arrière,25,,,Géorgie,PRO,JIFF,
PROD2,VAL,Vincent VIAL,Pilier,33,,,France,PRO,JIFF,
PROD2,VAL,Marco TRAUTH,Pilier,26,,,France,PRO,JIFF,
PROD2,VAL,Giga TUTISANI,Pilier,23,,,Géorgie,ESPOIR,,
PROD2,VAL,Ruan VAN WYK,Pilier,20,,,Afrique du sud,ESPOIR,ESPOIR_NON_JIFF,
PROD2,VAL,Tilyan RICHARD,Pilier,20,,,France,ESPOIR,,
PROD2,VAL,Baptiste POUPET,Pilier,19,,,France,ESPOIR,,
PROD2,VAL,Dorian MARCO-PENA,Talonneur,30,,,France,PRO,JIFF,
PROD2,VAL,Sacha IDOUMI,Talonneur,24,,,France,PRO,JIFF,
PROD2,VAL,Tom NUBLAT,Talonneur,20,,,France,ESPOIR,,
PROD2,VAL,Matt ARNAUD,Talonneur,19,,,France,ESPOIR,,
PROD2,VAL,Hugo DESCUBE,2ème ligne,22,,,France,ESPOIR,,
PROD2,VAL,Ousmane BOMOU,2ème ligne,21,,,France,ESPOIR,,
PROD2,VAL,Hadrien BAYNAUD,2ème ligne,19,,,France,ESPOIR,,
PROD2,VAL,Roméo NABOYEV,2ème ligne,18,,,France,ESPOIR,,
PROD2,VAL,Marco TAULEIGNE,3ème ligne,33,,,France,PRO,JIFF,
PROD2,VAL,Ilia SPANDERASHVILI,3ème ligne,29,,,Géorgie,PRO,NON_JIFF,
PROD2,VAL,Axel BRUCHET,3ème ligne,27,,,France,PRO,JIFF,
PROD2,VAL,Adrien ROUX,3ème ligne,24,,,France,PRO,JIFF,
PROD2,VAL,Louis FRITSCH,3ème ligne,21,,,France,ESPOIR,,
PROD2,VAL,Ruben CHOPARD,3ème ligne,20,,,France,ESPOIR,,
PROD2,VAL,Bastien JULLIEN,3ème ligne,19,,,France,ESPOIR,,
PROD2,VAL,Mattéo RODOR,Mêlée,28,,,France,PRO,JIFF,
PROD2,VAL,Paul DUMAS,Mêlée,22,,,France,ESPOIR,,
PROD2,VAL,Paulin MOURELON,Mêlée,20,,,France,ESPOIR,,
PROD2,VAL,Lucas MÉRET,Ouverture,32,,,France,PRO,JIFF,
PROD2,VAL,Adrien MARTIN,Ouverture,22,,,France,ESPOIR,,
PROD2,VAL,Mathieu GUILLOMOT,Centre,33,,,France,PRO,JIFF,
PROD2,VAL,Joris DUPONT,Centre,26,,,France,PRO,JIFF,
PROD2,VAL,Dylan IDRISSI,Centre,24,,,France,PRO,JIFF,
PROD2,VAL,Mateus LIBÓRIO,Centre,20,,,Portugal,ESPOIR,ESPOIR_NON_JIFF,
PROD2,VAL,Alix PIPISEGA,Centre,19,,,France,ESPOIR,,
PROD2,VAL,Yoni REBBOAH,Centre,19,,,France,ESPOIR,,
PROD2,VAL,Paul MARSAN,Ailier,25,,,France,PRO,JIFF,
PROD2,VAL,Adrian BUKOVC,Ailier,20,,,France,ESPOIR,,
PROD2,VAL,Thomas ZÉNON,Arrière,28,,,France,PRO,JIFF,
PROD2,VAL,Jocelyn DEBRICON,Arrière,22,,,France,ESPOIR,,
NAT,MAS,Alexandre LOUBIÈRE,3ème ligne,29,,120,France,PRO,,2029-06-30
NAT,MAS,Amona ARTAUD,Arrière,22,,85,France,PRO,,2029-06-30
NAT,MAS,Andreï MAHU,2ème ligne,35,,113,Moldavie,PRO,,2029-06-30
NAT,MAS,Antoine SOAVE,Pilier,31,,88,France,PRO,,2029-06-30
NAT,MAS,Antonin VIDALENC,Ouverture,20,,,France,PRO,,2028-06-30
NAT,MAS,Arthur CASTANT,3ème ligne,28,,97,France,PRO,,2029-06-30
NAT,MAS,Arthur SEIGNEURET,Centre,26,,89,France,PRO,,2028-06-30
NAT,MAS,Benjamin GAGNAC,Centre,26,,79,France,PRO,,2029-06-30
NAT,MAS,Charles ELGOYHEN,Talonneur,21,,98,France,PRO,,2028-06-30
NAT,MAS,Clément VIDONI,3ème ligne,25,,90,France,PRO,,2029-06-30
NAT,MAS,Dimitri TCHAPNGA,Talonneur,39,,111,Cameroun,PRO,,2028-06-30
NAT,MAS,Dylan JACQUOT,Talonneur,31,,99,France,PRO,,2029-06-30
NAT,MAS,Giani GAMBA,3ème ligne,23,,104,France,PRO,,2029-06-30
NAT,MAS,Giorgi GOGOLADZE,Ailier,28,,91,Géorgie,PRO,,2030-06-30
NAT,MAS,Gonzalo LOPEZ BONTEMPO,Centre,26,,112,Argentine,PRO,,2028-06-30
NAT,MAS,Greg HUTLEY,Ouverture,25,,88,Irlande,PRO,,2028-06-30
NAT,MAS,Ilian EL YAHYAOUI,Ailier,22,,60,France,PRO,,2028-06-30
NAT,MAS,Jean-Baptiste DE CLERCQ,2ème ligne,32,,144,Belgique,PRO,,2028-06-30
NAT,MAS,Julien BLANC,Mêlée,33,,68,France,PRO,,2029-06-30
NAT,MAS,Lilian RINARDO,2ème ligne,22,,133,France,PRO,,2029-06-30
NAT,MAS,Loris ROUET,Mêlée,23,,80,France,PRO,,2028-06-30
NAT,MAS,Luca MIGNOT,Centre,26,,90,France,PRO,,2028-06-30
NAT,MAS,Lucas GUILLAUME,Arrière,35,,106,France,PRO,,2029-06-30
NAT,MAS,Lucas PINDOR,2ème ligne,25,,119,France,PRO,,2028-06-30
NAT,MAS,Lucas POISSON,Talonneur,24,,115,France,PRO,,2029-06-30
NAT,MAS,Lucas RUBIO,Mêlée,35,,78,France,PRO,,2028-06-30
NAT,MAS,Madioké KONATÉ,3ème ligne,31,,101,France,PRO,,2029-06-30
NAT,MAS,Martin CARRÉ,Arrière,29,,101,France,PRO,,2029-06-30
NAT,MAS,Mattéo BORDENAVE,Mêlée,22,,59,France,PRO,,2029-06-30
NAT,MAS,Mees ERASMUS,Pilier,32,,125,Afrique du sud,PRO,,2029-06-30
NAT,MAS,Nathan GAGNAC,Arrière,24,,73,France,PRO,,2029-06-30
NAT,MAS,Nicolas FERRER,Pilier,33,,106,France,PRO,,2028-06-30
NAT,MAS,Nicolas RIOU,3ème ligne,23,,101,France,PRO,,2028-06-30
NAT,MAS,Nolan PIENAAR,Pilier,25,,135,Afrique du sud,PRO,,2028-06-30
NAT,MAS,Noé BEDOU,3ème ligne,25,,90,France,PRO,,2029-06-30
NAT,MAS,Pierre TRASSOUDAINE,Talonneur,34,,103,France,PRO,,2028-06-30
NAT,MAS,Raphaël MARCHESIN,3ème ligne,20,,81,France,PRO,,2028-06-30
NAT,MAS,Raphaël NIETO,3ème ligne,26,,117,France,PRO,,2029-06-30
NAT,MAS,Reinach VENTER,Ouverture,31,,130,Afrique du sud,PRO,,2029-06-30
NAT,MAS,Robin POIPY,Pilier,26,,106,France,PRO,,2028-06-30
NAT,MAS,Romain MAURICE,Centre,32,,118,France,PRO,,2028-06-30
NAT,MAS,Siegfried FISI'IHOI,Pilier,39,,124,Tonga,PRO,,2028-06-30
NAT,MAS,Simon RENAUD,3ème ligne,27,,134,France,PRO,,2029-06-30
NAT,MAS,Thibaud SEBIRE,3ème ligne,25,,118,France,PRO,,2029-06-30
NAT,MAS,Tijde VISSER,Pilier,30,,117,Afrique du sud,PRO,,2028-06-30
NAT,MAS,Tom CUSSON,Centre,24,,78,France,PRO,,2028-06-30
NAT,MAS,Tristan JOLY,Arrière,21,,,France,PRO,,2029-06-30
NAT,MAS,Wilfried NJITHEU,3ème ligne,21,,,France,PRO,,2028-06-30
NAT,MAS,Yakine DJEBBARI,2ème ligne,30,,117,France,PRO,,2028-06-30
NAT,MAS,Évrard Dion OULAI,Centre,33,,148,Côte d&#039;Ivoire,PRO,,2028-06-30
NAT,CAR,Alexandre PEREZ,Ouverture,24,,90,France,PRO,,2030-06-30
NAT,CAR,Andrew QUATTRIN,Talonneur,30,,99,Canada,PRO,,2029-06-30
NAT,CAR,Angus WAGNER,Pilier,28,,117,Australie,PRO,,2029-06-30
NAT,CAR,Antoine SOAVE,Pilier,31,,93,France,PRO,,2028-06-30
NAT,CAR,Arthur CASTANT,3ème ligne,28,,106,France,PRO,,2027-06-30
NAT,CAR,Baptiste PEYTAVI,2ème ligne,24,,127,France,PRO,,2030-06-30
NAT,CAR,Bilal FADLI,3ème ligne,23,,96,France,PRO,,2030-06-30
NAT,CAR,Camille JARREAU,Centre,31,,103,France,PRO,,2028-06-30
NAT,CAR,Chris TALAKAI,Pilier,32,,108,Australie,PRO,,2028-06-30
NAT,CAR,Clément DOUMENC,3ème ligne,29,,115,France,PRO,,2031-06-30
NAT,CAR,Corentin BOUSQUET,3ème ligne,24,,104,France,PRO,,2029-06-30
NAT,CAR,Dimitri TCHAPNGA,Pilier,39,,123,Cameroun,PRO,,2029-06-30
NAT,CAR,Dino CASADEÏ,Pilier,25,,106,France,PRO,,2030-06-30
NAT,CAR,Dorian LAVERNHE,Centre,27,,91,France,PRO,,2030-06-30
NAT,CAR,Dylan JACQUOT,Talonneur,31,,111,France,PRO,,2028-06-30
NAT,CAR,Elie DE FLEURIAN,Ailier,27,,68,France,PRO,,2029-06-30
NAT,CAR,Etienne HERJEAN,3ème ligne,35,,96,France,PRO,,2029-06-30
NAT,CAR,Fabien LORENZON,Pilier,29,,109,France,PRO,,2030-06-30
NAT,CAR,Ferdinand DRÉNO,3ème ligne,24,,88,France,PRO,,2029-06-30
NAT,CAR,Gaëtan PICHON,Mêlée,28,,79,France,PRO,,2029-06-30
NAT,CAR,Giorgi AGNIASHVILI,Talonneur,20,,116,Géorgie,PRO,,2029-06-30
NAT,CAR,Grégoire LABIT,3ème ligne,22,,97,France,PRO,,2030-06-30
NAT,CAR,Jean-Baptiste DE CLERCQ,Talonneur,32,,128,Belgique,PRO,,2027-06-30
NAT,CAR,Jordan PULETUA,Centre,36,,115,Samoa,PRO,,2029-06-30
NAT,CAR,Jules OURLIAC,Mêlée,20,,,France,PRO,,2028-06-30
NAT,CAR,Jérôme BOSVIEL,Ouverture,36,,111,France,PRO,,2029-06-30
NAT,CAR,Lopeti TIMANI,3ème ligne,36,,115,Tonga,PRO,,2029-06-30
NAT,CAR,Lucas GUILLAUME,Ouverture,35,,104,France,PRO,,2028-06-30
NAT,CAR,Lucas PINDOR,Talonneur,25,,116,France,PRO,,2027-06-30
NAT,CAR,Mathys BARKA,Centre,25,,79,France,PRO,,2028-06-30
NAT,CAR,Maxime GIANET,Arrière,26,,68,France,PRO,,2029-06-30
NAT,CAR,Maxime MILLAN,3ème ligne,23,,89,France,PRO,,2029-06-30
NAT,CAR,Nils CHALIÈS,Ouverture,23,,80,France,PRO,,2029-06-30
NAT,CAR,Nils PUNTI,2ème ligne,19,,107,France,PRO,,2028-06-30
NAT,CAR,Owen LANE,Ailier,28,,89,Pays-de-Galles,PRO,,2029-06-30
NAT,CAR,Pierre GAYRAUD,2ème ligne,34,,140,France,PRO,,2030-06-30
NAT,CAR,Pierre STRIPPOLI,Talonneur,25,,103,France,PRO,,2029-06-30
NAT,CAR,Reinach VENTER,Mêlée,31,,114,Afrique du sud,PRO,,2029-06-30
NAT,CAR,Romain MANCHIA,2ème ligne,34,,116,France,PRO,,2029-06-30
NAT,CAR,Romain MAURICE,Mêlée,32,,107,France,PRO,,2028-06-30
NAT,CAR,Rémi BOULAN,Ailier,20,,77,France,PRO,,2029-06-30
NAT,CAR,Samuel MARQUÈS,Mêlée,37,,85,France,PRO,,2028-06-30
NAT,CAR,Simon RENAUD,2ème ligne,27,,151,France,PRO,,2028-06-30
NAT,CAR,Thibaud SEBIRE,3ème ligne,25,,100,France,PRO,,2028-06-30
NAT,CAR,Thierry FUTEU,Pilier,31,,115,Cameroun,PRO,,2028-06-30
NAT,CAR,Thomas AGATI,Pilier,22,,116,France,PRO,,2029-06-30
NAT,CAR,Thomas HOARAU,3ème ligne,31,,116,France,PRO,,2030-06-30
NAT,CAR,Théo SAUZARET,Pilier,29,,114,France,PRO,,2029-06-30
NAT,CAR,Théo VASSALLO,Centre,22,,91,France,PRO,,2029-06-30
NAT,CAR,Tomasi SERU,Ailier,22,,98,Fidji,PRO,,2028-06-30
NAT,CAR,Tomás MUNILLA,Mêlée,28,,88,Espagne,PRO,,2029-06-30
NAT,CAR,Yan TABAROT,Talonneur,27,,120,France,PRO,,2029-06-30
NAT,CAR,Yanis HORVAT,Centre,23,,106,Roumanie,PRO,,2028-06-30
NAT,CAR,Évrard Dion OULAI,Mêlée,33,,129,Côte d&#039;Ivoire,PRO,,2027-06-30
NAT,ALB,Alex DOS SANTOS,Pilier,25,,111,France,PRO,,2030-06-30
NAT,ALB,Alexandre FAVRETTO,Mêlée,22,,67,France,PRO,,2029-06-30
NAT,ALB,Alexis DECAUX,Pilier,25,,108,France,PRO,,2029-06-30
NAT,ALB,Antoine BOUZERAND,Arrière,27,,73,France,PRO,,2029-06-30
NAT,ALB,Antoine FRAMBOURG,3ème ligne,26,,104,France,PRO,,2028-06-30
NAT,ALB,Antoine MARTY-RYBAK,2ème ligne,26,,102,France,PRO,,2029-06-30
NAT,ALB,Antoine SOAVE,Pilier,31,,115,France,PRO,,2028-06-30
NAT,ALB,Arthur DIAZ,Mêlée,23,,71,France,PRO,,2029-06-30
NAT,ALB,Baptiste COLLET,Pilier,25,,139,France,PRO,,2028-06-30
NAT,ALB,Baptiste COUCHINAVE,Centre,28,,90,France,PRO,,2028-06-30
NAT,ALB,Corentin COULARIS,3ème ligne,24,,107,France,PRO,,2028-06-30
NAT,ALB,Cédric SOULÉ,Centre,28,,100,France,PRO,,2029-06-30
NAT,ALB,Davit MTCHEDLIDZE,Pilier,22,,115,Géorgie,PRO,,2029-06-30
NAT,ALB,Dylan SÉLEUCIDE,3ème ligne,24,,,France,PRO,,2029-06-30
NAT,ALB,Enzo RIVIER,2ème ligne,24,,93,France,PRO,,2028-06-30
NAT,ALB,Florian BERTRAND,2ème ligne,32,,122,France,PRO,,2029-06-30
NAT,ALB,Florian LAMOTHE,Talonneur,26,,108,France,PRO,,2030-06-30
NAT,ALB,Gabin VILLEROUGE,3ème ligne,26,,103,France,PRO,,2029-06-30
NAT,ALB,Gabriel AVIRAGNET,Centre,23,,75,France,PRO,,2029-06-30
NAT,ALB,Hugo CAMACHO,Mêlée,22,,76,France,PRO,,2029-06-30
NAT,ALB,Ianis PONSOLE,3ème ligne,28,,109,France,PRO,,2028-06-30
NAT,ALB,Jack WHETTON,2ème ligne,34,,130,Nouvelle-Zélande,PRO,,2028-06-30
NAT,ALB,Jean PÉNÉTRO,Mêlée,20,,,France,PRO,,2028-06-30
NAT,ALB,Jean-Baptiste LACHAISE,3ème ligne,25,,97,France,PRO,,2030-06-30
NAT,ALB,Jean-Baptiste MARTIN,Pilier,35,,117,France,PRO,,2029-06-30
NAT,ALB,Jean-Pierre MAUGATEAU,Ouverture,26,,141,France,PRO,,2028-06-30
NAT,ALB,Julian GUIRAUD,3ème ligne,22,,114,France,PRO,,2029-06-30
NAT,ALB,Kévin YAMÉOGO,Pilier,29,,116,France,PRO,,2029-06-30
NAT,ALB,Louison GRAS,Ouverture,23,,74,France,PRO,,2030-06-30
NAT,ALB,Lucas LECOMTE,Ouverture,30,,,France,PRO,,2028-06-30
NAT,ALB,Lucas PINDOR,Pilier,25,,114,France,PRO,,2029-06-30
NAT,ALB,Lucas TOLOFUA,Ouverture,27,,117,France,PRO,,2029-06-30
NAT,ALB,Mate GURTSKAIA,Pilier,20,,,Géorgie,PRO,,2029-06-30
NAT,ALB,Mathieu GALTIER,Ailier,22,,88,France,PRO,,2030-06-30
NAT,ALB,Nathan GENDRE,2ème ligne,27,,105,France,PRO,,2029-06-30
NAT,ALB,Nikita BEKOV,Centre,30,,109,France,PRO,,2029-06-30
NAT,ALB,Robin DIONÉ,3ème ligne,24,,92,France,PRO,,2029-06-30
NAT,ALB,Romain FRICOU,Talonneur,24,,123,France,PRO,,2028-06-30
NAT,ALB,Romain MAURICE,Talonneur,32,,121,France,PRO,,2030-06-30
NAT,ALB,Romain URUTY,Ouverture,27,,68,France,PRO,,2031-06-30
NAT,ALB,Siméon SOENEN,Arrière,23,,71,France,PRO,,2030-06-30
NAT,ALB,Thibault OLENDER,Ouverture,26,,80,France,PRO,,2028-06-30
NAT,ALB,Téo DOSPITAL,Arrière,26,,73,France,PRO,,2030-06-30
NAT,ALB,Victor FROMENTÈZE,Centre,30,,127,France,PRO,,2029-06-30
NAT,ALB,Victor PISANO,Centre,32,,78,France,PRO,,2030-06-30
NAT,ALB,Vincent MUTEL,Arrière,37,,114,France,PRO,,2029-06-30
NAT,ALB,Yanis HORVAT,2ème ligne,23,,99,Roumanie,PRO,,2029-06-30
NAT,MDM,Alexandre DE NARDI,Arrière,27,,91,France,PRO,,2029-06-30
NAT,MDM,Ali OSMAN-BOSCH,Pilier,22,,104,Afrique du sud,PRO,,2029-06-30
NAT,MDM,Aminiasi TUIMABA,Ailier,31,,111,Fidji,PRO,,2029-06-30
NAT,MDM,Antoine SOAVE,Pilier,31,,106,France,PRO,,2028-06-30
NAT,MDM,Arthur CASTANT,Mêlée,28,,92,France,PRO,,2029-06-30
NAT,MDM,Asier USARRAGA,3ème ligne,31,,123,Espagne,PRO,,2028-06-30
NAT,MDM,Atu MANU,Centre,28,,92,Tonga,PRO,,2028-06-30
NAT,MDM,Aurélien BARREAU,Ouverture,21,,83,France,PRO,,2028-06-30
NAT,MDM,Aurélien LAFFORGUE,3ème ligne,27,,99,France,PRO,,2028-06-30
NAT,MDM,Baden GODFREY,3ème ligne,23,,119,Australie,PRO,,2028-06-30
NAT,MDM,Brent LIUFAU,2ème ligne,22,,118,France,PRO,,2028-06-30
NAT,MDM,Clément CAVALIÈRE,Ailier,27,,84,France,PRO,,2028-06-30
NAT,MDM,Dimitri TCHAPNGA,Talonneur,39,,111,Cameroun,PRO,,2029-06-30
NAT,MDM,Dylan JACQUOT,Talonneur,31,,108,France,PRO,,2029-06-30
NAT,MDM,Florian DUFOUR,Talonneur,28,,106,France,PRO,,2028-06-30
NAT,MDM,Gaspard ROBBE,Ailier,21,,79,France,PRO,,2029-06-30
NAT,MDM,Guido REYES,Pilier,21,,120,Espagne,PRO,,2028-06-30
NAT,MDM,Jacques NGUIMBOUS,2ème ligne,21,,124,France,PRO,,2028-06-30
NAT,MDM,Jannes KIRSTEN,2ème ligne,32,,123,Afrique du sud,PRO,,2029-06-30
NAT,MDM,Jean-Baptiste DE CLERCQ,2ème ligne,32,,121,Belgique,PRO,,2028-06-30
NAT,MDM,Jules DUSSUTOUR,2ème ligne,23,,112,France,PRO,,2028-06-30
NAT,MDM,Jules EVEN,Centre,28,,99,France,PRO,,2028-06-30
NAT,MDM,Lisati MILO-HARRIS,Mêlée,29,,89,Nouvelle-Zélande,PRO,,2029-06-30
NAT,MDM,Loan TUQUOI,Arrière,20,,65,France,PRO,,2028-06-30
NAT,MDM,Lucas GUILLAUME,Arrière,35,,102,France,PRO,,2028-06-30
NAT,MDM,Lucas PINDOR,2ème ligne,25,,97,France,PRO,,2028-06-30
NAT,MDM,Nicolas DARQUIER,Mêlée,22,,85,France,PRO,,2029-06-30
NAT,MDM,Nicolas GARRAULT,2ème ligne,35,,107,France,PRO,,2029-06-30
NAT,MDM,Paul LERAÎTRE,Ailier,25,,98,France,PRO,,2029-06-30
NAT,MDM,Paula WALISOLISO,Centre,29,,108,Fidji,PRO,,2029-06-30
NAT,MDM,Paulo TAFILI,Pilier,30,,120,France,PRO,,2029-06-30
NAT,MDM,Pierre REYNAUD,3ème ligne,30,,93,France,PRO,,2028-06-30
NAT,MDM,Pierre SAYERSE,Ailier,31,,84,France,PRO,,2028-06-30
NAT,MDM,Raphaël ROBIC,3ème ligne,25,,114,France,PRO,,2030-06-30
NAT,MDM,Reinach VENTER,Centre,31,,127,Afrique du sud,PRO,,2027-06-30
NAT,MDM,Robin COULY,Talonneur,22,,96,France,PRO,,2028-06-30
NAT,MDM,Romain MAURICE,Centre,32,,113,France,PRO,,2028-06-30
NAT,MDM,Ruben MAKA,Mêlée,22,,71,France,PRO,,2028-06-30
NAT,MDM,Simon RENAUD,3ème ligne,27,,140,France,PRO,,2029-06-30
NAT,MDM,Stefan DARRICAU,Centre,20,,87,France,PRO,,2028-06-30
NAT,MDM,Thibaud SEBIRE,3ème ligne,25,,121,France,PRO,,2029-06-30
NAT,MDM,Thomas BULTEL,Pilier,30,,116,France,PRO,,2028-06-30
NAT,MDM,Théo CORTES,Ouverture,22,,91,France,PRO,,2029-06-30
NAT,MDM,Théo DACHARY,Centre,29,,90,France,PRO,,2029-06-30
NAT,MDM,Tony LEWILLE,Pilier,20,,123,France,PRO,,2028-06-30
NAT,MDM,Torsten VAN JAARSVELD,Talonneur,39,,97,Namibie,PRO,,2029-06-30
NAT,MDM,Vittorio LASTRA,Pilier,30,,131,Chili,PRO,,2029-06-30
NAT,MDM,Waël PONPON,3ème ligne,29,,87,France,PRO,,2028-06-30
NAT,MDM,Wesley TAPUELUELU,Pilier,26,,139,Tonga,PRO,,2029-06-30
NAT,MDM,Willie DU PLESSIS,Ouverture,36,,100,Afrique du sud,PRO,,2028-06-30
NAT,MDM,Évrard Dion OULAI,Ailier,33,,139,Côte d&#039;Ivoire,PRO,,2028-06-30
NAT,CHA,Antoine SOAVE,Pilier,31,,106,France,PRO,,2029-06-30
NAT,CHA,Arthur CASTANT,3ème ligne,28,,88,France,PRO,,2029-06-30
NAT,CHA,Aubin EYMERI,Mêlée,24,,68,France,PRO,,2030-06-30
NAT,CHA,Badri TSIKHISTAVI,Pilier,23,,107,Géorgie,PRO,,2029-06-30
NAT,CHA,Bastien REYMOND,Centre,23,,82,France,PRO,,2029-06-30
NAT,CHA,Ben NEICERU,Centre,33,,104,Fidji,PRO,,2030-06-30
NAT,CHA,Benjamin DESCAMPS,Ailier,24,,97,France,PRO,,2029-06-30
NAT,CHA,Camille BAZ-MARCOS,3ème ligne,22,,114,France,PRO,,2029-06-30
NAT,CHA,Camille JARREAU,Arrière,31,,110,France,PRO,,2027-06-30
NAT,CHA,Charlie RICE,2ème ligne,24,,122,Angleterre,PRO,,2028-06-30
NAT,CHA,Colin LEBIAN,3ème ligne,26,,107,France,PRO,,2030-06-30
NAT,CHA,Dimitri TCHAPNGA,Talonneur,39,,107,Cameroun,PRO,,2029-06-30
NAT,CHA,Dylan JACQUOT,Talonneur,31,,118,France,PRO,,2028-06-30
NAT,CHA,Edgard LUBIN,3ème ligne,22,,103,France,PRO,,2030-06-30
NAT,CHA,Enzo JOUANNET,Pilier,27,,109,France,PRO,,2030-06-30
NAT,CHA,Ethan RANDLE,Centre,24,,103,Angleterre,PRO,,2029-06-30
NAT,CHA,Fabio ZINGONE,2ème ligne,22,,106,France,PRO,,2030-06-30
NAT,CHA,Giorgi GERGEDAVA,3ème ligne,22,,112,Géorgie,PRO,,2029-06-30
NAT,CHA,Hinckley VAOVASA,Arrière,28,,79,Samoa,PRO,,2028-06-30
NAT,CHA,Jean-Baptiste DE CLERCQ,2ème ligne,32,,141,Belgique,PRO,,2028-06-30
NAT,CHA,Jean-Baptiste GRENOD,2ème ligne,30,,105,France,PRO,,2028-06-30
NAT,CHA,Jorji SALDADZE,Pilier,32,,127,Géorgie,PRO,,2030-06-30
NAT,CHA,Julien PIERDOMENICO,Talonneur,21,,113,France,PRO,,2030-06-30
NAT,CHA,Kenzo MAZZELLA,Talonneur,21,,118,France,PRO,,2028-06-30
NAT,CHA,Lasha MCHEDLIDZE,Pilier,31,,126,Géorgie,PRO,,2030-06-30
NAT,CHA,Lucas GUILLAUME,Ailier,35,,117,France,PRO,,2028-06-30
NAT,CHA,Lucas PINDOR,2ème ligne,25,,122,France,PRO,,2028-06-30
NAT,CHA,Manex ARICETA,3ème ligne,22,,109,Espagne,PRO,,2028-06-30
NAT,CHA,Marc ESSOH,3ème ligne,22,,97,France,PRO,,2029-06-30
NAT,CHA,Martin BONNET,Ailier,23,,81,France,PRO,,2028-06-30
NAT,CHA,Mattéo AMIGORENA,Centre,23,,81,France,PRO,,2028-06-30
NAT,CHA,Matéo GUERRET,Mêlée,23,,88,France,PRO,,2028-06-30
NAT,CHA,Michael KUMBIRAI,Pilier,30,,117,Afrique du sud,PRO,,2028-06-30
NAT,CHA,Michel HIMMER,2ème ligne,26,,112,Allemagne,PRO,,2029-06-30
NAT,CHA,Quentin BEAUDAUX,Talonneur,26,,112,France,PRO,,2030-06-30
NAT,CHA,Ramiha SMILER,3ème ligne,32,,129,Nouvelle-Zélande,PRO,,2029-06-30
NAT,CHA,Ratu Meli TURAGACA,2ème ligne,27,,100,Fidji,PRO,,2029-06-30
NAT,CHA,Reinach VENTER,Ouverture,31,,121,Afrique du sud,PRO,,2027-06-30
NAT,CHA,Rokoua RASAKU,Ailier,27,,74,Fidji,PRO,,2028-06-30
NAT,CHA,Romain MAURICE,Centre,32,,103,France,PRO,,2028-06-30
NAT,CHA,Simon RENAUD,3ème ligne,27,,152,France,PRO,,2028-06-30
NAT,CHA,Thibaud SEBIRE,3ème ligne,25,,111,France,PRO,,2029-06-30
NAT,CHA,Thibaut MORÉNO,Ouverture,26,,97,France,PRO,,2028-06-30
NAT,CHA,Tom DANOVARO,Centre,25,,99,France,PRO,,2030-06-30
NAT,CHA,Tom PETIT,Pilier,22,,121,France,PRO,,2028-06-30
NAT,CHA,Yanis HORVAT,Ailier,23,,90,Roumanie,PRO,,2028-06-30
NAT,CHA,Yvan DAVID,Mêlée,24,,76,France,PRO,,2028-06-30
NAT,CHA,Émile DAYRAL,Ouverture,24,,94,France,PRO,,2030-06-30
NAT,CHA,Évrard Dion OULAI,Centre,33,,129,Côte d&#039;Ivoire,PRO,,2028-06-30
NAT,ROU,Antoine SOAVE,Pilier,31,,96,France,PRO,,2029-06-30
NAT,ROU,Arnaud FELTRIN,Talonneur,30,,117,France,PRO,,2030-06-30
NAT,ROU,Arthur CASTANT,Mêlée,28,,95,France,PRO,,2027-06-30
NAT,ROU,Axel DEWULF,Ailier,19,,,France,PRO,,2028-06-30
NAT,ROU,Axel JOLET,Ouverture,21,,,France,PRO,,2029-06-30
NAT,ROU,Camille JARREAU,Arrière,31,,110,France,PRO,,2028-06-30
NAT,ROU,Colas LEQUEFFRINEC,Ailier,21,,87,France,PRO,,2029-06-30
NAT,ROU,Corentin CHABEAUDIE,Talonneur,29,,110,France,PRO,,2030-06-30
NAT,ROU,Corentin VERNET,2ème ligne,30,,126,France,PRO,,2030-06-30
NAT,ROU,Dimitri TCHAPNGA,Talonneur,39,,121,Cameroun,PRO,,2028-06-30
NAT,ROU,Dylan JACQUOT,Talonneur,31,,105,France,PRO,,2028-06-30
NAT,ROU,Ernest EUDIER,3ème ligne,22,,95,France,PRO,,2029-06-30
NAT,ROU,Ewan CLÉMENT,Pilier,25,,128,France,PRO,,2028-06-30
NAT,ROU,Florent MASSIP,Arrière,32,,86,France,PRO,,2031-06-30
NAT,ROU,Florian BOUGEROL,Pilier,28,,130,France,PRO,,2029-06-30
NAT,ROU,Gauthier LELONG,Centre,23,,83,France,PRO,,2029-06-30
NAT,ROU,Gheorghe GAJION,Pilier,33,,110,Moldavie,PRO,,2030-06-30
NAT,ROU,Giorgi SHARASHIDZE,Pilier,33,,129,Géorgie,PRO,,2029-06-30
NAT,ROU,Jassem SAGHRI,3ème ligne,22,,114,France,PRO,,2029-06-30
NAT,ROU,Jean LELEU,2ème ligne,27,,120,France,PRO,,2029-06-30
NAT,ROU,Jean-Baptiste DE CLERCQ,2ème ligne,32,,143,Belgique,PRO,,2027-06-30
NAT,ROU,Jules MARGARIT,Ailier,25,,90,France,PRO,,2030-06-30
NAT,ROU,Jérémie MUKANDA,3ème ligne,21,,,France,PRO,,2029-06-30
NAT,ROU,Killian LAISNÉ,3ème ligne,20,,,France,PRO,,2030-06-30
NAT,ROU,Kévin BLY,Ailier,30,,81,France,PRO,,2030-06-30
NAT,ROU,Kévin FABIEN,Centre,23,,86,Haïti,PRO,,2030-06-30
NAT,ROU,Logan TABET,Centre,24,,86,France,PRO,,2029-06-30
NAT,ROU,Lucas GUILLAUME,Ailier,35,,100,France,PRO,,2028-06-30
NAT,ROU,Lucas PINDOR,2ème ligne,25,,105,France,PRO,,2027-06-30
NAT,ROU,Léo SALVAN,Mêlée,23,,88,France,PRO,,2029-06-30
NAT,ROU,Mahmoud SALAMA SALAH,Centre,23,,,France,PRO,,2030-06-30
NAT,ROU,Manolo LAFFOND,2ème ligne,23,,116,France,PRO,,2029-06-30
NAT,ROU,Marius BUNEL,Ailier,20,,,France,PRO,,2029-06-30
NAT,ROU,Marius LELEU,Centre,21,,99,France,PRO,,2029-06-30
NAT,ROU,Mathis CLAVIER,Talonneur,20,,,France,PRO,,2029-06-30
NAT,ROU,Max LESTRO,3ème ligne,24,,107,Fidji,PRO,,2028-06-30
NAT,ROU,Maxime CASSONNET,Mêlée,21,,,France,PRO,,2029-06-30
NAT,ROU,Morgan MIGNOT,Talonneur,21,,87,France,PRO,,2030-06-30
NAT,ROU,Noé KHIER,Pilier,22,,98,France,PRO,,2028-06-30
NAT,ROU,Octave LELEU,2ème ligne,23,,116,France,PRO,,2030-06-30
NAT,ROU,Paul BELTRAN,2ème ligne,25,,107,France,PRO,,2029-06-30
NAT,ROU,Pierce PHILLIPS,2ème ligne,33,,118,Angleterre,PRO,,2030-06-30
NAT,ROU,Raphaël CANDELLARO,Mêlée,22,,,France,PRO,,2029-06-30
NAT,ROU,Reinach VENTER,Centre,31,,121,Afrique du sud,PRO,,2029-06-30
NAT,ROU,Romain MAURICE,Centre,32,,113,France,PRO,,2029-06-30
NAT,ROU,Simon RENAUD,3ème ligne,27,,141,France,PRO,,2028-06-30
NAT,ROU,Sive MAZOSIWE,Pilier,29,,107,Afrique du sud,PRO,,2029-06-30
NAT,ROU,Soso BEKOSHVILI,Pilier,32,,115,Géorgie,PRO,,2028-06-30
NAT,ROU,Soïg MINGANT,3ème ligne,21,,116,France,PRO,,2029-06-30
NAT,ROU,Tanguy LACOSTE,Ouverture,23,,99,France,PRO,,2030-06-30
NAT,ROU,Thibaud SEBIRE,3ème ligne,25,,111,France,PRO,,2028-06-30
NAT,ROU,Théo BASTARDIE,Ailier,26,,106,France,PRO,,2029-06-30
NAT,ROU,Tienie BURGER,3ème ligne,32,,106,Afrique du sud,PRO,,2030-06-30
NAT,ROU,Wesley DOUGLAS,Ailier,29,,77,Angleterre,PRO,,2029-06-30
NAT,ROU,Yanis HORVAT,Ailier,23,,105,Roumanie,PRO,,2028-06-30
NAT,ROU,Yaël MARUJO,Mêlée,20,,,France,PRO,,2028-06-30
NAT,ROU,Évrard Dion OULAI,Centre,33,,122,Côte d&#039;Ivoire,PRO,,2029-06-30
NAT,SUR,Abdelkarim FOFANA,3ème ligne,30,,112,France,PRO,,2029-06-30
NAT,SUR,Alexis CLÉMENT,Ailier,26,,82,France,PRO,,2028-06-30
NAT,SUR,Aloïs CHAYLA,Arrière,24,,93,France,PRO,,2029-06-30
NAT,SUR,Anthime GOBEAUX,Mêlée,20,,,France,PRO,,2029-06-30
NAT,SUR,Antoine MARTY-RYBAK,Talonneur,26,,116,France,PRO,,2029-06-30
NAT,SUR,Antoine SOAVE,Pilier,31,,112,France,PRO,,2028-06-30
NAT,SUR,Arthur CASTANT,Centre,28,,108,France,PRO,,2029-06-30
NAT,SUR,Bilal SALHI,3ème ligne,22,,109,France,PRO,,2030-06-30
NAT,SUR,Dimitri TCHAPNGA,Talonneur,39,,128,Cameroun,PRO,,2028-06-30
NAT,SUR,Dylan JACQUOT,2ème ligne,31,,95,France,PRO,,2028-06-30
NAT,SUR,Fabien WITZ,2ème ligne,26,,111,France,PRO,,2030-06-30
NAT,SUR,Faraj FARTASS,Ailier,29,,85,France,PRO,,2029-06-30
NAT,SUR,Florian DESBORDES,3ème ligne,30,,106,France,PRO,,2029-06-30
NAT,SUR,Florian REMUE,Ailier,23,,98,Belgique,PRO,,2030-06-30
NAT,SUR,Gela MURUSIDZE,Pilier,26,,110,Géorgie,PRO,,2030-06-30
NAT,SUR,Guiterembi VICKOS,Pilier,34,,116,France,PRO,,2029-06-30
NAT,SUR,Jean-Baptiste DE CLERCQ,2ème ligne,32,,127,Belgique,PRO,,2028-06-30
NAT,SUR,Jorel PETER-KAMGA,Pilier,22,,116,France,PRO,,2030-06-30
NAT,SUR,Joseph EXSHAW,Centre,23,,97,France,PRO,,2030-06-30
NAT,SUR,Joshua POTDEVIN,Centre,23,,91,France,PRO,,2030-06-30
NAT,SUR,Jérémie BRASSEUR,3ème ligne,26,,87,France,PRO,,2030-06-30
NAT,SUR,Kélian BOISSIER,Mêlée,24,,99,France,PRO,,2028-06-30
NAT,SUR,Laki LEE,3ème ligne,32,,130,Samoa,PRO,,2028-06-30
NAT,SUR,Lilian DJOMBOUÉ,Talonneur,24,,121,France,PRO,,2029-06-30
NAT,SUR,Lohan SABBIA,Ouverture,22,,73,France,PRO,,2030-06-30
NAT,SUR,Lucas PINDOR,3ème ligne,25,,102,France,PRO,,2028-06-30
NAT,SUR,Mathis ROUME,Pilier,24,,100,France,PRO,,2030-06-30
NAT,SUR,Max AURIAC,Arrière,23,,74,France,PRO,,2029-06-30
NAT,SUR,Maxime VACQUIER,Centre,23,,104,France,PRO,,2029-06-30
NAT,SUR,Maximilien HENDRICKX,2ème ligne,29,,127,Belgique,PRO,,2030-06-30
NAT,SUR,Nicola BOZZO,Centre,22,,96,Italie,PRO,,2030-06-30
NAT,SUR,Oumar MANÉ,Pilier,22,,,France,PRO,,2030-06-30
NAT,SUR,Reinach VENTER,Ailier,31,,111,Afrique du sud,PRO,,2027-06-30
NAT,SUR,Romain MAURICE,Ailier,32,,102,France,PRO,,2028-06-30
NAT,SUR,Simon BENOIST,Mêlée,24,,89,France,PRO,,2030-06-30
NAT,SUR,Simon RENAUD,3ème ligne,27,,125,France,PRO,,2028-06-30
NAT,SUR,Thibaud SEBIRE,3ème ligne,25,,113,France,PRO,,2028-06-30
NAT,SUR,Va'a APELU MALIKO,Ailier,27,,96,Samoa,PRO,,2028-06-30
NAT,SUR,Victor BARNIER,Arrière,26,,102,France,PRO,,2028-06-30
NAT,SUR,Waël MAY,3ème ligne,26,,111,France,PRO,,2029-06-30
NAT,SUR,Wian VOSLOO,3ème ligne,31,,118,Afrique du sud,PRO,,2028-06-30
NAT,SUR,Willy N'DIAYE,3ème ligne,29,,120,France,PRO,,2030-06-30
NAT,SUR,Yanis GIMENEZ,Talonneur,26,,100,France,PRO,,2030-06-30
NAT,SUR,Yanis TRABELSI,Pilier,23,,122,France,PRO,,2030-06-30
NAT,SUR,Youssouf YATERA,2ème ligne,24,,102,France,PRO,,2030-06-30
NAT,SUR,Zsombor KADE,2ème ligne,22,,112,Hongrie,PRO,,2029-06-30
NAT,SUR,Évrard Dion OULAI,Arrière,33,,142,Côte d&#039;Ivoire,PRO,,2027-06-30
NAT,BOU,Adrien MALLET,Pilier,23,,98,France,PRO,,2028-06-30
NAT,BOU,Anthony FUERTES,Ouverture,29,,84,France,PRO,,2029-06-30
NAT,BOU,Antoine SOAVE,Pilier,31,,108,France,PRO,,2028-06-30
NAT,BOU,Api NABOLEQA,Centre,25,,,Fidji,PRO,,2030-06-30
NAT,BOU,Arthur CASTANT,Centre,28,,90,France,PRO,,2027-06-30
NAT,BOU,Aviata SILAGO,Ouverture,33,,93,Nouvelle-Zélande,PRO,,2028-06-30
NAT,BOU,Brice HUMBERT,Talonneur,30,,120,France,PRO,,2029-06-30
NAT,BOU,Davit GVELESIANI,Pilier,24,,117,Géorgie,PRO,,2028-06-30
NAT,BOU,Dimitri TCHAPNGA,2ème ligne,39,,126,Cameroun,PRO,,2029-06-30
NAT,BOU,Dylan JACQUOT,2ème ligne,31,,93,France,PRO,,2029-06-30
NAT,BOU,Enzo GAIFEM,Talonneur,21,,115,France,PRO,,2029-06-30
NAT,BOU,Esteban TERCQ,Centre,23,,69,France,PRO,,2029-06-30
NAT,BOU,Fabien FARONI,2ème ligne,23,,112,France,PRO,,2029-06-30
NAT,BOU,Goulwen GUEHO,Arrière,26,,97,France,PRO,,2028-06-30
NAT,BOU,Jean-Baptiste DE CLERCQ,3ème ligne,32,,125,Belgique,PRO,,2028-06-30
NAT,BOU,Jonah MAU'U,3ème ligne,28,,112,Australie,PRO,,2030-06-30
NAT,BOU,Jules DUCROS,Centre,21,,70,France,PRO,,2028-06-30
NAT,BOU,Jules VUACHET,3ème ligne,21,,106,France,PRO,,2029-06-30
NAT,BOU,Jérémie MARTIN,Mêlée,24,,63,France,PRO,,2029-06-30
NAT,BOU,Lewys JONES,Pilier,24,,131,Pays-de-Galles,PRO,,2030-06-30
NAT,BOU,Lilou BRUN-BOURDI,3ème ligne,21,,115,France,PRO,,2028-06-30
NAT,BOU,Louis PONTON,Talonneur,23,,117,France,PRO,,2028-06-30
NAT,BOU,Louis-Antonin AGOSTINI,3ème ligne,22,,114,France,PRO,,2029-06-30
NAT,BOU,Lucas DORRELL,3ème ligne,25,,90,France,PRO,,2028-06-30
NAT,BOU,Lucas PINDOR,3ème ligne,25,,114,France,PRO,,2027-06-30
NAT,BOU,Mario PICHARDIE,3ème ligne,25,,111,Espagne,PRO,,2028-06-30
NAT,BOU,Mathis TERRASSON,Ailier,23,,66,France,PRO,,2029-06-30
NAT,BOU,Matéo ARRUTI,Ouverture,24,,100,France,PRO,,2029-06-30
NAT,BOU,Merlin BULLY,3ème ligne,22,,111,France,PRO,,2028-06-30
NAT,BOU,Nama COULIBALY,3ème ligne,21,,108,France,PRO,,2029-06-30
NAT,BOU,Nathan HUGUEN,2ème ligne,24,,104,France,PRO,,2030-06-30
NAT,BOU,Nodar SHENGELIA,Pilier,24,,134,Géorgie,PRO,,2028-06-30
NAT,BOU,Paul CHAMP,Ailier,25,,101,France,PRO,,2029-06-30
NAT,BOU,Petero TUWAÏ,Centre,30,,105,Fidji,PRO,,2030-06-30
NAT,BOU,Pita YAVIMAIWAI,2ème ligne,23,,108,Fidji,PRO,,2030-06-30
NAT,BOU,Raphaël ARNAUD-JOUFRAY,Ailier,21,,,France,PRO,,2029-06-30
NAT,BOU,Reinach VENTER,Arrière,31,,104,Afrique du sud,PRO,,2027-06-30
NAT,BOU,Romain GOUTIÈRE,Centre,21,,,Belgique,PRO,,2029-06-30
NAT,BOU,Romain GUYOT,2ème ligne,28,,123,France,PRO,,2029-06-30
NAT,BOU,Saba PESVIANIDZE,2ème ligne,25,,108,Géorgie,PRO,,2029-06-30
NAT,BOU,Simon RENAUD,Mêlée,27,,153,France,PRO,,2028-06-30
NAT,BOU,Thibaud SEBIRE,Ouverture,25,,100,France,PRO,,2029-06-30
NAT,BOU,Thibault DUFAU,Mêlée,31,,78,France,PRO,,2028-06-30
NAT,BOU,Thomas NÉMOZ,Pilier,20,,,France,PRO,,2029-06-30
NAT,BOU,Vakhtang MEUNARGIA,Pilier,24,,133,Géorgie,PRO,,2029-06-30
NAT,BOU,Yanis LUX,Pilier,21,,99,France,PRO,,2029-06-30
NAT,BOU,Éloi NOTTET,Arrière,21,,,France,PRO,,2028-06-30
NAT,ORL,Alex TODD,3ème ligne,25,,125,Angleterre,PRO,,2029-06-30
NAT,ORL,Alexis BÉROT,Mêlée,23,,63,France,PRO,,2028-06-30
NAT,ORL,Antoine SOAVE,Pilier,31,,93,France,PRO,,2028-06-30
NAT,ORL,Arthur CASTANT,Centre,28,,114,France,PRO,,2027-06-30
NAT,ORL,Arthur PISSOT,Arrière,22,,59,France,PRO,,2028-06-30
NAT,ORL,Baptiste BELHADJ,3ème ligne,23,,,France,PRO,,2028-06-30
NAT,ORL,Charles BRAYER,3ème ligne,29,,113,France,PRO,,2029-06-30
NAT,ORL,Dimitri TCHAPNGA,Talonneur,39,,123,Cameroun,PRO,,2029-06-30
NAT,ORL,Dylan JACQUOT,2ème ligne,31,,107,France,PRO,,2029-06-30
NAT,ORL,Enzo CAMILLERI,Talonneur,24,,100,France,PRO,,2029-06-30
NAT,ORL,Fynn WALSH,Talonneur,25,,95,Ecosse,PRO,,2030-06-30
NAT,ORL,Gabin MICHET,Ouverture,25,,97,France,PRO,,2029-06-30
NAT,ORL,Hugo RIVET,3ème ligne,23,,89,France,PRO,,2028-06-30
NAT,ORL,Jean-Baptiste DE CLERCQ,2ème ligne,32,,127,Belgique,PRO,,2027-06-30
NAT,ORL,Johann HILTRUDE,Arrière,21,,,France,PRO,,2030-06-30
NAT,ORL,Jonathan BRILLON,Centre,24,,,France,PRO,,2030-06-30
NAT,ORL,Lendi DAKAJ,Pilier,24,,120,France,PRO,,2029-06-30
NAT,ORL,Lenny KOUROUMA,3ème ligne,23,,128,France,PRO,,2029-06-30
NAT,ORL,Livai TIKOIPAU,Pilier,24,,139,Tonga,PRO,,2029-06-30
NAT,ORL,Louis CHANET,Pilier,23,,127,France,PRO,,2029-06-30
NAT,ORL,Lucas BIAMBA,Ouverture,25,,96,France,PRO,,2029-06-30
NAT,ORL,Lucas MALBERT,Talonneur,25,,102,France,PRO,,2028-06-30
NAT,ORL,Lucas PINDOR,3ème ligne,25,,98,France,PRO,,2028-06-30
NAT,ORL,Maka POLUTÉLÉ,2ème ligne,30,,119,France,PRO,,2029-06-30
NAT,ORL,Martim SOUTO,Pilier,21,,129,Portugal,PRO,,2029-06-30
NAT,ORL,Matthys GRATIEN,Ailier,27,,101,France,PRO,,2029-06-30
NAT,ORL,Mattéo FAUCHER,Centre,27,,102,France,PRO,,2029-06-30
NAT,ORL,Miguel MATHIEU,Pilier,27,,121,France,PRO,,2029-06-30
NAT,ORL,Nicolas TACHAT,3ème ligne,33,,108,France,PRO,,2028-06-30
NAT,ORL,Olivier IBAKA YELEZA,Pilier,28,,103,République démocratique du Congo,PRO,,2028-06-30
NAT,ORL,Pedro GIANNINI,3ème ligne,29,,131,Argentine,PRO,,2028-06-30
NAT,ORL,Peïo ETCHEBEST,Mêlée,23,,82,France,PRO,,2029-06-30
NAT,ORL,Philip WOKORACH,Ailier,32,,104,Ouganda,PRO,,2028-06-30
NAT,ORL,Pierre BRINGUIER,3ème ligne,26,,108,France,PRO,,2028-06-30
NAT,ORL,Reinach VENTER,Ailier,31,,111,Afrique du sud,PRO,,2028-06-30
NAT,ORL,Romain MAURICE,Ailier,32,,117,France,PRO,,2029-06-30
NAT,ORL,Simon RENAUD,3ème ligne,27,,151,France,PRO,,2029-06-30
NAT,ORL,Steevy CERQUEIRA,2ème ligne,33,,127,France,PRO,,2028-06-30
NAT,ORL,Sunia LATU,Ailier,30,,108,Tonga,PRO,,2029-06-30
NAT,ORL,Sunia VOLA,Pilier,33,,132,Fidji,PRO,,2029-06-30
NAT,ORL,Tanguy NAINVILLE,Mêlée,20,,,France,PRO,,2029-06-30
NAT,ORL,Thibaud SEBIRE,Mêlée,25,,118,France,PRO,,2028-06-30
NAT,ORL,Théo ADABA,Centre,23,,106,Belgique,PRO,,2029-06-30
NAT,ORL,Tom BELKESSA,Talonneur,20,,99,France,PRO,,2028-06-30
NAT,ORL,Tom HENDRICKSON,Centre,32,,114,Nouvelle-Zélande,PRO,,2029-06-30
NAT,ORL,Yanis NYAZ,2ème ligne,28,,103,France,PRO,,2031-06-30
NAT,ORL,Émilien TRÉZIÈRES,Centre,22,,,France,PRO,,2028-06-30
NAT,ORL,Évrard Dion OULAI,Arrière,33,,139,Côte d&#039;Ivoire,PRO,,2027-06-30
NAT,PER,Afa AMOSA,3ème ligne,35,,116,Australie,PRO,,2028-06-30
NAT,PER,Anderson NEISEN,Arrière,33,,106,France,PRO,,2029-06-30
NAT,PER,Anthony PELMARD,Pilier,31,,143,France,PRO,,2029-06-30
NAT,PER,Antoine BOUTHIER,3ème ligne,22,,94,France,PRO,,2029-06-30
NAT,PER,Antoine SOAVE,Pilier,31,,88,France,PRO,,2028-06-30
NAT,PER,Arthur CASTANT,Mêlée,28,,105,France,PRO,,2028-06-30
NAT,PER,Bastien GEST,3ème ligne,24,,91,France,PRO,,2028-06-30
NAT,PER,Charles FOURÈS,2ème ligne,26,,97,France,PRO,,2029-06-30
NAT,PER,Clément LANEN,3ème ligne,28,,105,France,PRO,,2029-06-30
NAT,PER,Cole KEITH,Pilier,29,,115,Canada,PRO,,2029-06-30
NAT,PER,Colin VIDAL,3ème ligne,20,,99,France,PRO,,2028-06-30
NAT,PER,Dimitri TCHAPNGA,Pilier,39,,117,Cameroun,PRO,,2028-06-30
NAT,PER,Dominic ROBERTSON-MCCOY,Pilier,32,,137,Nouvelle-Zélande,PRO,,2028-06-30
NAT,PER,Dylan JACQUOT,Talonneur,31,,105,France,PRO,,2028-06-30
NAT,PER,Frederick HICKES,Centre,34,,120,Fidji,PRO,,2028-06-30
NAT,PER,Henry SPRING,Talonneur,25,,112,Fidji,PRO,,2028-06-30
NAT,PER,Jason TINDILIÈRE,Pilier,29,,96,France,PRO,,2029-06-30
NAT,PER,Jean-Baptiste DE CLERCQ,Talonneur,32,,138,Belgique,PRO,,2028-06-30
NAT,PER,Joeli MATALAWERU,2ème ligne,25,,135,Fidji,PRO,,2028-06-30
NAT,PER,Josh PETERS,2ème ligne,30,,105,Angleterre,PRO,,2028-06-30
NAT,PER,Kito FALATEA,Talonneur,28,,102,France,PRO,,2029-06-30
NAT,PER,Kévin VIALLARD,Mêlée,25,,66,France,PRO,,2029-06-30
NAT,PER,Lenny VIOLA,Mêlée,22,,86,France,PRO,,2028-06-30
NAT,PER,Lucas GUILLAUME,Arrière,35,,101,France,PRO,,2028-06-30
NAT,PER,Lucas PINDOR,2ème ligne,25,,115,France,PRO,,2028-06-30
NAT,PER,Martin AUGEIX,Pilier,25,,116,France,PRO,,2029-06-30
NAT,PER,Marvin WOKI,2ème ligne,29,,154,France,PRO,,2029-06-30
NAT,PER,Maxime LANÇON,Talonneur,25,,116,France,PRO,,2030-06-30
NAT,PER,Maël AUGRY,Talonneur,22,,113,France,PRO,,2028-06-30
NAT,PER,Milan FERREIRA,Pilier,23,,126,Afrique du sud,PRO,,2028-06-30
NAT,PER,Nahum MERIGAN,3ème ligne,25,,124,Angleterre,PRO,,2030-06-30
NAT,PER,Nathan VAN DE VEN,Centre,23,,97,France,PRO,,2030-06-30
NAT,PER,Nicolas PIATON,Centre,23,,78,France,PRO,,2028-06-30
NAT,PER,Quentin PILET,Arrière,33,,83,France,PRO,,2029-06-30
NAT,PER,Reinach VENTER,Centre,31,,132,Afrique du sud,PRO,,2027-06-30
NAT,PER,Romain MAURICE,Centre,32,,103,France,PRO,,2029-06-30
NAT,PER,Rory SCHOLES,Arrière,33,,97,Irlande,PRO,,2029-06-30
NAT,PER,Sacha ROSENBERG,3ème ligne,22,,110,France,PRO,,2029-06-30
NAT,PER,Sam SPRING,Centre,24,,89,France,PRO,,2028-06-30
NAT,PER,Simon RENAUD,3ème ligne,27,,149,France,PRO,,2028-06-30
NAT,PER,Sirilo LOVOKURO,Centre,24,,104,Fidji,PRO,,2029-06-30
NAT,PER,Thibaud SEBIRE,3ème ligne,25,,118,France,PRO,,2029-06-30
NAT,PER,Théo FAUGUEROLLES,Ouverture,20,,88,France,PRO,,2030-06-30
NAT,PER,Tim GIRESSE,Ailier,33,,83,France,PRO,,2029-06-30
NAT,PER,Tom RAFFY,Ouverture,22,,81,France,PRO,,2028-06-30
NAT,PER,Victor LEBAS,2ème ligne,33,,112,France,PRO,,2029-06-30
NAT,PER,Yoan TÉJÉRINA,Centre,20,,105,France,PRO,,2028-06-30
NAT,PER,Yon CAMOU,Arrière,24,,77,France,PRO,,2030-06-30
NAT,PER,Émilien BORGES,Pilier,25,,98,France,PRO,,2028-06-30
NAT,PER,Évrard Dion OULAI,Centre,33,,130,Côte d&#039;Ivoire,PRO,,2028-06-30
NAT,REN,Adrien MONTEIL,Arrière,21,,79,France,PRO,,2029-06-30
NAT,REN,Alexandre CANDEL,Pilier,25,,107,France,PRO,,2030-06-30
NAT,REN,Antoine SOAVE,Pilier,31,,111,France,PRO,,2029-06-30
NAT,REN,Arthur CASTANT,Ailier,28,,93,France,PRO,,2029-06-30
NAT,REN,Baptiste BEAUJOUAN,3ème ligne,25,,97,France,PRO,,2029-06-30
NAT,REN,Baptiste LE JALLÉ,Pilier,33,,106,France,PRO,,2028-06-30
NAT,REN,Caleb APERAHAMA,2ème ligne,30,,123,Nouvelle-Zélande,PRO,,2028-06-30
NAT,REN,Charles PROVOST,3ème ligne,21,,94,France,PRO,,2028-06-30
NAT,REN,Clément LEPRESLE,Centre,28,,87,France,PRO,,2029-06-30
NAT,REN,Cohen KIEWIT,Pilier,28,,125,Afrique du sud,PRO,,2028-06-30
NAT,REN,César BAUDIN,2ème ligne,27,,122,France,PRO,,2028-06-30
NAT,REN,Côme BERROD,Mêlée,28,,90,France,PRO,,2029-06-30
NAT,REN,Dimitri TCHAPNGA,2ème ligne,39,,135,Cameroun,PRO,,2028-06-30
NAT,REN,Dylan JACQUOT,2ème ligne,31,,94,France,PRO,,2029-06-30
NAT,REN,Edwin VÉRITÉ,Arrière,24,,82,France,PRO,,2029-06-30
NAT,REN,Eneri LOTAWA,Ailier,29,,100,Fidji,PRO,,2029-06-30
NAT,REN,Enzo ROGNON,2ème ligne,20,,128,France,PRO,,2028-06-30
NAT,REN,Ewann PUARAI,Talonneur,23,,106,France,PRO,,2029-06-30
NAT,REN,Gabriel QUESMEL,3ème ligne,31,,120,France,PRO,,2028-06-30
NAT,REN,Guillaume CAZETTE,3ème ligne,27,,127,France,PRO,,2029-06-30
NAT,REN,Guydjo VAIRELLES,Centre,21,,94,France,PRO,,2029-06-30
NAT,REN,Harry GLYNN,Ouverture,25,,105,Angleterre,PRO,,2028-06-30
NAT,REN,Hypolite CORNU,Centre,25,,109,France,PRO,,2029-06-30
NAT,REN,Jean-Baptiste DE CLERCQ,3ème ligne,32,,129,Belgique,PRO,,2028-06-30
NAT,REN,Lilian ROHRHURST,Pilier,23,,124,France,PRO,,2029-06-30
NAT,REN,Louis HILLMAN-COOPER,Centre,24,,89,Angleterre,PRO,,2028-06-30
NAT,REN,Lucas DUFOURCQ,3ème ligne,24,,110,France,PRO,,2028-06-30
NAT,REN,Lucas PINDOR,3ème ligne,25,,97,France,PRO,,2028-06-30
NAT,REN,Martin BERTRAND,3ème ligne,29,,115,France,PRO,,2028-06-30
NAT,REN,Pierre ALGANS,2ème ligne,29,,112,France,PRO,,2028-06-30
NAT,REN,Quentin DAUVERGNE,Mêlée,31,,75,France,PRO,,2028-06-30
NAT,REN,Quentin LEBRUN,Centre,21,,89,France,PRO,,2029-06-30
NAT,REN,Robin GARNIER,3ème ligne,21,,105,France,PRO,,2029-06-30
NAT,REN,Robin GICQUEL,Ouverture,19,,,France,PRO,,2028-06-30
NAT,REN,Rémi BOUAFFOU,Talonneur,21,,117,France,PRO,,2028-06-30
NAT,REN,Sasha LEPEIGNEUL,Ailier,25,,71,France,PRO,,2029-06-30
NAT,REN,Simon RENAUD,Mêlée,27,,125,France,PRO,,2028-06-30
NAT,REN,Thibaud SEBIRE,Ouverture,25,,123,France,PRO,,2029-06-30
NAT,REN,Tilike TUUGAHALA,Talonneur,28,,117,France,PRO,,2028-06-30
NAT,REN,Timéo LABAT,Arrière,20,,,France,PRO,,2028-06-30
NAT,REN,Toma TAHIVIKI,Talonneur,25,,114,France,PRO,,2029-06-30
NAT,REN,Yannick FOIGNE,Pilier,26,,121,France,PRO,,2029-06-30
NAT,REN,Étienne BOULDOIRE,Ailier,22,,86,France,PRO,,2028-06-30
NAT,VIE,Alex BONNARD,Talonneur,23,,122,France,PRO,,2028-06-30
NAT,VIE,Alexis BOUTON,Ailier,21,,68,France,PRO,,2028-06-30
NAT,VIE,Antoine GRANGE,Ailier,31,,95,France,PRO,,2029-06-30
NAT,VIE,Antoine SOAVE,Pilier,31,,92,France,PRO,,2028-06-30
NAT,VIE,Arthur CASTANT,Mêlée,28,,93,France,PRO,,2027-06-30
NAT,VIE,Arthur NENNIG,Ailier,26,,76,France,PRO,,2028-06-30
NAT,VIE,Benjamin DEBETZ,Arrière,25,,75,France,PRO,,2030-06-30
NAT,VIE,Benjamin ROBIN,Pilier,31,,98,France,PRO,,2028-06-30
NAT,VIE,Bynjamin RABATEL,3ème ligne,28,,111,France,PRO,,2028-06-30
NAT,VIE,Chuck ODUM,Pilier,20,,103,Nigéria,PRO,,2029-06-30
NAT,VIE,Ciaran O'FLYNN,2ème ligne,31,,107,France,PRO,,2029-06-30
NAT,VIE,Clément DOUCET,Ouverture,25,,81,France,PRO,,2029-06-30
NAT,VIE,Dimitri TCHAPNGA,Talonneur,39,,129,Cameroun,PRO,,2028-06-30
NAT,VIE,Dylan JACQUOT,Talonneur,31,,116,France,PRO,,2029-06-30
NAT,VIE,Enzo BAILLY,Pilier,24,,136,France,PRO,,2030-06-30
NAT,VIE,Florent DALMASSO,Pilier,29,,105,France,PRO,,2028-06-30
NAT,VIE,Florian MAFFRE,Pilier,22,,122,France,PRO,,2028-06-30
NAT,VIE,Gabin CAME,Mêlée,21,,,France,PRO,,2029-06-30
NAT,VIE,Gautier LAVIE,Ouverture,20,,,France,PRO,,2029-06-30
NAT,VIE,Hugo DESCHAUX,Mêlée,26,,71,France,PRO,,2028-06-30
NAT,VIE,Jean-Baptiste DE CLERCQ,2ème ligne,32,,117,Belgique,PRO,,2027-06-30
NAT,VIE,Joaquim SELMA,3ème ligne,25,,109,France,PRO,,2029-06-30
NAT,VIE,Jules DORRIVAL,Arrière,29,,91,France,PRO,,2029-06-30
NAT,VIE,Lilian PICHON,Ailier,24,,100,France,PRO,,2029-06-30
NAT,VIE,Loris PRIN,Centre,23,,103,France,PRO,,2029-06-30
NAT,VIE,Louan CAPUANO,Pilier,25,,115,France,PRO,,2030-06-30
NAT,VIE,Lucas GUILLAUME,Arrière,35,,99,France,PRO,,2028-06-30
NAT,VIE,Lucas PINDOR,2ème ligne,25,,108,France,PRO,,2027-06-30
NAT,VIE,Lui OKEAMOA-LUAMANU,2ème ligne,30,,128,Samoa,PRO,,2029-06-30
NAT,VIE,Léon PEYRAT,3ème ligne,26,,94,France,PRO,,2028-06-30
NAT,VIE,Mathis ARNAL,3ème ligne,23,,94,France,PRO,,2028-06-30
NAT,VIE,Matthias GIOVALE,Centre,27,,101,France,PRO,,2029-06-30
NAT,VIE,Mattéo CECCARELLI,Centre,21,,,France,PRO,,2028-06-30
NAT,VIE,Mosa'ati MOALA,2ème ligne,25,,129,Tonga,PRO,,2028-06-30
NAT,VIE,Pierre BOURQUIN,Talonneur,29,,118,France,PRO,,2030-06-30
NAT,VIE,Pierre CHAPELLE,3ème ligne,30,,118,France,PRO,,2029-06-30
NAT,VIE,Reinach VENTER,Centre,31,,105,Afrique du sud,PRO,,2027-06-30
NAT,VIE,Romain LEVÊQUE,Centre,35,,110,France,PRO,,2028-06-30
NAT,VIE,Romain MAURICE,Centre,32,,116,France,PRO,,2028-06-30
NAT,VIE,Ronald SHARMA,3ème ligne,22,,105,Fidji,PRO,,2028-06-30
NAT,VIE,Roydon SWIFT,Pilier,22,,120,Afrique du sud,PRO,,2029-06-30
NAT,VIE,Semi RAMACAKE,2ème ligne,23,,105,Fidji,PRO,,2029-06-30
NAT,VIE,Simon RENAUD,3ème ligne,27,,146,France,PRO,,2028-06-30
NAT,VIE,Thibaud SEBIRE,3ème ligne,25,,104,France,PRO,,2029-06-30
NAT,VIE,Thomas LACROIX,Mêlée,29,,88,France,PRO,,2028-06-30
NAT,VIE,Thomas LITHAUD,Pilier,25,,116,France,PRO,,2028-06-30
NAT,VIE,Théo MINODIER,3ème ligne,32,,98,France,PRO,,2029-06-30
NAT,VIE,Étienne NARMAND,Talonneur,24,,118,France,PRO,,2028-06-30
NAT,VIE,Évrard Dion OULAI,Ailier,33,,149,Côte d&#039;Ivoire,PRO,,2027-06-30
NAT,USB,Adriaan VAN DER BANK,Ouverture,29,,89,Afrique du sud,PRO,,2029-06-30
NAT,USB,Alexandre BADET,Centre,28,,79,France,PRO,,2028-06-30
NAT,USB,Antoine HÊCHE,Talonneur,22,,110,France,PRO,,2029-06-30
NAT,USB,Antoine SOAVE,Pilier,31,,108,France,PRO,,2029-06-30
NAT,USB,Arthur CASTANT,Ouverture,28,,102,France,PRO,,2027-06-30
NAT,USB,Arthur ESPEUT,Centre,23,,95,France,PRO,,2029-06-30
NAT,USB,Balthazar MICHAUDON,3ème ligne,21,,,France,PRO,,2028-06-30
NAT,USB,Dimitri DOUCET,Ailier,33,,95,France,PRO,,2029-06-30
NAT,USB,Dimitri TCHAPNGA,Talonneur,39,,126,Cameroun,PRO,,2028-06-30
NAT,USB,Dylan JACQUOT,2ème ligne,31,,93,France,PRO,,2029-06-30
NAT,USB,Eliot SCHOEPF,Arrière,21,,80,France,PRO,,2028-06-30
NAT,USB,Ethan GAZAGNE,Ailier,21,,72,France,PRO,,2029-06-30
NAT,USB,Fernandez CORRÉA,Pilier,28,,109,Sénégal,PRO,,2028-06-30
NAT,USB,Florian BURLET,Pilier,23,,104,France,PRO,,2029-06-30
NAT,USB,Gaël FOREL,2ème ligne,25,,125,France,PRO,,2029-06-30
NAT,USB,Hugo QUIROS,3ème ligne,23,,105,France,PRO,,2029-06-30
NAT,USB,Jaco WILLEMSE,2ème ligne,30,,138,Afrique du sud,PRO,,2030-06-30
NAT,USB,Jean-Baptiste DE CLERCQ,2ème ligne,32,,118,Belgique,PRO,,2028-06-30
NAT,USB,Junior NGANDU,Ailier,24,,82,France,PRO,,2028-06-30
NAT,USB,Jérémy VALENÇOT,Mêlée,29,,84,France,PRO,,2029-06-30
NAT,USB,Kilian BAKOUR,Centre,23,,85,France,PRO,,2029-06-30
NAT,USB,Louis DASALMARTINI,Talonneur,25,,105,France,PRO,,2028-06-30
NAT,USB,Lucas PINDOR,3ème ligne,25,,119,France,PRO,,2028-06-30
NAT,USB,Luke STRINGER,3ème ligne,30,,110,Afrique du sud,PRO,,2028-06-30
NAT,USB,Lyan PAKIHIVATAU,Pilier,21,,108,France,PRO,,2028-06-30
NAT,USB,Martin FÉLIX,Arrière,29,,82,France,PRO,,2030-06-30
NAT,USB,Mathieu TIXIER,3ème ligne,27,,112,France,PRO,,2028-06-30
NAT,USB,Mattéo BROEDERS,3ème ligne,26,,110,France,PRO,,2028-06-30
NAT,USB,Maxime TETLOW,Arrière,22,,78,France,PRO,,2028-06-30
NAT,USB,Nail AIT NACEUR,3ème ligne,24,,85,France,PRO,,2029-06-30
NAT,USB,Nikoloz KARDAVA,Pilier,25,,130,Géorgie,PRO,,2029-06-30
NAT,USB,Orhan AKBABA,Pilier,21,,,Turquie,PRO,,2029-06-30
NAT,USB,Quentin WITT,2ème ligne,36,,101,France,PRO,,2028-06-30
NAT,USB,Reinach VENTER,Ailier,31,,108,Afrique du sud,PRO,,2027-06-30
NAT,USB,Romain MAURICE,Ailier,32,,120,France,PRO,,2028-06-30
NAT,USB,Roy LOLESIO,3ème ligne,27,,109,Tonga,PRO,,2029-06-30
NAT,USB,Simon RENAUD,3ème ligne,27,,132,France,PRO,,2028-06-30
NAT,USB,Temur TSULUKIDZE,2ème ligne,21,,133,Géorgie,PRO,,2028-06-30
NAT,USB,Thibaud SEBIRE,3ème ligne,25,,111,France,PRO,,2029-06-30
NAT,USB,Thibault BERTHAUD,Pilier,29,,130,France,PRO,,2028-06-30
NAT,USB,Thibault COTTE,Mêlée,22,,95,France,PRO,,2028-06-30
NAT,USB,Thibaut PERRETTE,Ailier,25,,73,France,PRO,,2029-06-30
NAT,USB,Thomas DÉLIANCE,3ème ligne,24,,88,France,PRO,,2028-06-30
NAT,USB,Théo BACHIRI,Mêlée,23,,65,France,PRO,,2029-06-30
NAT,USB,Tom GUILLAUMON,Ouverture,21,,74,France,PRO,,2029-06-30
NAT,USB,Vaea TUTUILA VAEA,Centre,25,,116,Tonga,PRO,,2029-06-30
NAT,USB,Victor MUPUNGA,Pilier,27,,127,Zimbabwe,PRO,,2029-06-30
NAT,USB,Évrard Dion OULAI,Arrière,33,,142,Côte d&#039;Ivoire,PRO,,2027-06-30
NAT,MAR,Adrien AMANS,Arrière,26,,87,France,PRO,,2029-06-30
NAT,MAR,Alexis DECAUX,Pilier,25,,116,France,PRO,,2028-06-30
NAT,MAR,Antoine DELAPORTE,2ème ligne,31,,101,France,PRO,,2028-06-30
NAT,MAR,Antoine SOAVE,Pilier,31,,87,France,PRO,,2028-06-30
NAT,MAR,Arthur BRUGES,3ème ligne,25,,102,France,PRO,,2030-06-30
NAT,MAR,Arthur CASTANT,Ouverture,28,,111,France,PRO,,2028-06-30
NAT,MAR,Arturo TEN HOEVER,3ème ligne,22,,88,France,PRO,,2028-06-30
NAT,MAR,August VAN HECKE,Ouverture,19,,,Belgique,PRO,,2028-06-30
NAT,MAR,Aurélien CARVALHO,3ème ligne,27,,98,France,PRO,,2029-06-30
NAT,MAR,Aymeric ROUSERÉ,3ème ligne,21,,85,France,PRO,,2028-06-30
NAT,MAR,Brandon DAYORO,3ème ligne,23,,109,France,PRO,,2028-06-30
NAT,MAR,Brian GONZÁLEZ,Pilier,27,,136,Argentine,PRO,,2029-06-30
NAT,MAR,Charles-Edouard EKWAH ELIMBY,Pilier,29,,124,France,PRO,,2028-06-30
NAT,MAR,Clément GAUBERT,3ème ligne,19,,,France,PRO,,2028-06-30
NAT,MAR,Clément GÉRAULT,Mêlée,18,,91,France,PRO,,2029-06-30
NAT,MAR,Clément LENDRES,Pilier,20,,,France,PRO,,2029-06-30
NAT,MAR,Dany ANTUNÈS,Mêlée,29,,73,France,PRO,,2030-06-30
NAT,MAR,David ELAME BEBEY,2ème ligne,19,,,France,PRO,,2029-06-30
NAT,MAR,Dimitri TCHAPNGA,Talonneur,39,,136,Cameroun,PRO,,2029-06-30
NAT,MAR,Dorian MARCELINE,Centre,21,,71,France,PRO,,2028-06-30
NAT,MAR,Dylan JACQUOT,2ème ligne,31,,98,France,PRO,,2029-06-30
NAT,MAR,Goran DE CLERCQ,2ème ligne,23,,106,Belgique,PRO,,2029-06-30
NAT,MAR,Hugues CRESPO,Ailier,24,,84,France,PRO,,2029-06-30
NAT,MAR,Jean-Baptiste DE CLERCQ,2ème ligne,32,,131,Belgique,PRO,,2028-06-30
NAT,MAR,Jean-Baptiste RENDÉ,2ème ligne,23,,131,France,PRO,,2030-06-30
NAT,MAR,Joachim BEAUMONT,3ème ligne,36,,108,France,PRO,,2028-06-30
NAT,MAR,Joseph REYNAUD,Talonneur,25,,95,France,PRO,,2029-06-30
NAT,MAR,Louis MAURO,Pilier,24,,106,France,PRO,,2029-06-30
NAT,MAR,Lucas PINDOR,3ème ligne,25,,93,France,PRO,,2027-06-30
NAT,MAR,Marius POLLET,Pilier,24,,137,France,PRO,,2028-06-30
NAT,MAR,Marius RUYFFELAERE,3ème ligne,24,,93,France,PRO,,2028-06-30
NAT,MAR,Mark ERASMUS,Centre,31,,105,Afrique du sud,PRO,,2029-06-30
NAT,MAR,Markus MONNIER,Centre,18,,,Belgique,PRO,,2029-06-30
NAT,MAR,Mathias ORTIZ,Ailier,23,,104,France,PRO,,2030-06-30
NAT,MAR,Maxime JAVAUX,Ouverture,32,,92,France,PRO,,2029-06-30
NAT,MAR,Paddy FLEMING,Arrière,28,,103,Ecosse,PRO,,2029-06-30
NAT,MAR,Philippe LAVILLE,3ème ligne,25,,122,France,PRO,,2029-06-30
NAT,MAR,Pierre-Antoine DOMENECH,3ème ligne,28,,109,France,PRO,,2028-06-30
NAT,MAR,Reinach VENTER,Ailier,31,,108,Afrique du sud,PRO,,2029-06-30
NAT,MAR,Romain ALBINET,Talonneur,20,,,France,PRO,,2029-06-30
NAT,MAR,Romain MAURICE,Ailier,32,,122,France,PRO,,2029-06-30
NAT,MAR,Romain RIGAULT,Ouverture,22,,67,France,PRO,,2028-06-30
NAT,MAR,Santiago IGLESIAS VALDEZ,Talonneur,33,,107,Argentine,PRO,,2029-06-30
NAT,MAR,Simon RENAUD,3ème ligne,27,,142,France,PRO,,2028-06-30
NAT,MAR,Spike SALMAN,3ème ligne,25,,100,Pays-Bas,PRO,,2029-06-30
NAT,MAR,Thibaud SEBIRE,3ème ligne,25,,124,France,PRO,,2028-06-30
NAT,MAR,Thibault MOLÉANA,Centre,26,,92,France,PRO,,2029-06-30
NAT,MAR,Tom MARCHÉ,Ailier,24,,90,France,PRO,,2028-06-30
NAT,MAR,Victor-Fy BALAS BUREL,Pilier,27,,133,France,PRO,,2030-06-30
NAT,MAR,Vikas MEIJER,Ouverture,23,,81,Pays-Bas,PRO,,2029-06-30
NAT,MAR,Évrard Dion OULAI,Arrière,33,,126,Côte d&#039;Ivoire,PRO,,2028-06-30
PREM,NOR,Aiden AINSWORTH-CAVE,2ème ligne,20,,101,Angleterre,PRO,,2029-06-30
PREM,NOR,Aiden REID,Pilier,,,,Angleterre,PRO,,2029-06-30
PREM,NOR,Alec CLAREY,Pilier,32,,111,Angleterre,PRO,,2029-06-30
PREM,NOR,Aleki LUTUI,2ème ligne,48,,114,Tonga,PRO,,2029-06-30
PREM,NOR,Alex COLES,2ème ligne,27,,114,Angleterre,PRO,,2029-06-30
PREM,NOR,Alex MITCHELL,Mêlée,29,,92,Angleterre,PRO,,2029-06-30
PREM,NOR,Alex WARDELL,Ouverture,24,,114,Angleterre,PRO,,2029-06-30
PREM,NOR,Amena CAQUSAU,Ailier,22,,107,Fidji,PRO,,2028-06-30
PREM,NOR,Anthony BELLEAU,Ouverture,30,,90,France,PRO,,2029-06-30
PREM,NOR,Archie BENSON,3ème ligne,25,,109,Angleterre,PRO,,2029-06-30
PREM,NOR,Archie MCPARLAND,Mêlée,21,,89,Angleterre,PRO,,2028-06-30
PREM,NOR,Beck CUTTING,3ème ligne,28,,97,Angleterre,PRO,,2029-06-30
PREM,NOR,Ben ALEXANDER,Talonneur,,,113,Angleterre,PRO,,2028-06-30
PREM,NOR,Ben CHAPMAN,3ème ligne,25,,111,Angleterre,PRO,,2029-06-30
PREM,NOR,Ben POGSON,3ème ligne,,,89,Angleterre,PRO,,2028-06-30
PREM,NOR,Cai DEVINE,Ailier,28,,96,Pays-de-Galles,PRO,,2028-06-30
PREM,NOR,Callum CHICK,3ème ligne,29,,116,Angleterre,PRO,,2029-06-30
PREM,NOR,Charlie ULCOQ,3ème ligne,20,,119,Australie,PRO,,2029-06-30
PREM,NOR,Chunya MUNGA,2ème ligne,26,,118,Angleterre,PRO,,2029-06-30
PREM,NOR,Cleopas KUNDIONA,Pilier,27,,117,Zimbabwe,PRO,,2028-06-30
PREM,NOR,Craig WRIGHT,Talonneur,22,,108,Angleterre,PRO,,2029-06-30
PREM,NOR,Curtis LANGDON,Talonneur,29,,104,Angleterre,PRO,,2029-06-30
PREM,NOR,Danilo FISCHETTI,Pilier,28,,110,Italie,PRO,,2029-06-30
PREM,NOR,Dom HARDMAN,Pilier,29,,126,Angleterre,PRO,,2028-06-30
PREM,NOR,Ed PROWSE,2ème ligne,25,,117,Angleterre,PRO,,2028-06-30
PREM,NOR,Edoardo TODARO,Centre,20,,79,Italie,PRO,,2029-06-30
PREM,NOR,Fergus MAINEY,Mêlée,,,,Angleterre,PRO,,2029-06-30
PREM,NOR,Fin SMITH,Ouverture,24,,79,Angleterre,PRO,,2029-06-30
PREM,NOR,Fraser DINGWALL,Centre,27,,101,Angleterre,PRO,,2029-06-30
PREM,NOR,Freddie ST JOHN,Centre,18,,110,Angleterre,PRO,,2028-06-30
PREM,NOR,Gareth PARRY,Pilier,,,,Pays-de-Galles,PRO,,2029-06-30
PREM,NOR,George HENDY,Arrière,23,,107,Angleterre,PRO,,2028-06-30
PREM,NOR,Griff EVANS,Centre,25,,125,Pays-de-Galles,PRO,,2029-06-30
PREM,NOR,Harvey BEATON,Pilier,25,,107,Angleterre,PRO,,2029-06-30
PREM,NOR,Henry POLLOCK,3ème ligne,21,,92,Angleterre,PRO,,2028-06-30
PREM,NOR,Henry WALKER,Talonneur,28,,102,Angleterre,PRO,,2029-06-30
PREM,NOR,Hugh SHIELDS,Ouverture,18,,79,Angleterre,PRO,,2029-06-30
PREM,NOR,Iestyn REES,Ailier,26,,113,Pays-de-Galles,PRO,,2029-06-30
PREM,NOR,Ion NECULAI,Pilier,25,,150,Moldavie,PRO,,2029-06-30
PREM,NOR,Iwan SHENTON,Arrière,26,,97,Pays-de-Galles,PRO,,2028-06-30
PREM,NOR,JJ VAN DER MESCHT,2ème ligne,27,,139,Afrique du sud,PRO,,2029-06-30
PREM,NOR,Jack LEWIS,3ème ligne,18,,115,Angleterre,PRO,,2029-06-30
PREM,NOR,James BENNETT,2ème ligne,22,,123,Angleterre,PRO,,2028-06-30
PREM,NOR,James FLYNN,Pilier,32,,129,Angleterre,PRO,,2029-06-30
PREM,NOR,James JOHNSTON,Pilier,40,,151,Samoa,PRO,,2028-06-30
PREM,NOR,James MARTIN,Ailier,27,,100,Angleterre,PRO,,2029-06-30
PREM,NOR,James PATER,Arrière,19,,99,Angleterre,PRO,,2028-06-30
PREM,NOR,Jasper MCGUIRE,Talonneur,26,,125,Angleterre,PRO,,2029-06-30
PREM,NOR,Jevaughn WARREN,Talonneur,24,,113,Angleterre,PRO,,2028-06-30
PREM,NOR,Joe PEARD,Centre,24,,135,Pays-de-Galles,PRO,,2029-06-30
PREM,NOR,Jonny WEIMANN,Mêlée,20,,86,Angleterre,PRO,,2029-06-30
PREM,NOR,Jordan ELS,Pilier,29,,124,Afrique du sud,PRO,,2028-06-30
PREM,NOR,Josh KEMENY,3ème ligne,27,,120,Australie,PRO,,2029-06-30
PREM,NOR,Josh TAYLOR,2ème ligne,24,,118,Angleterre,PRO,,2029-06-30
PREM,NOR,Kaden PEARCE-PAUL,Centre,23,,120,Angleterre,PRO,,2029-06-30
PREM,NOR,Kapeli PIFELETI JR,Mêlée,27,,104,Tonga,PRO,,2028-06-30
PREM,NOR,Lefty ZIGIRIADIS,Pilier,25,,108,Afrique du sud,PRO,,2029-06-30
PREM,NOR,Luke GREEN,Pilier,25,,131,Angleterre,PRO,,2029-06-30
PREM,NOR,Luke YENDLE,2ème ligne,26,,129,Pays-de-Galles,PRO,,2029-06-30
PREM,NOR,Malik FAISSAL,Ailier,20,,93,Italie,PRO,,2029-06-30
PREM,NOR,Manny IYOGUN,Pilier,25,,124,Angleterre,PRO,,2028-06-30
PREM,NOR,Max EKE,Centre,22,,89,Angleterre,PRO,,2028-06-30
PREM,NOR,Noah BUXTON,Pilier,,,,Angleterre,PRO,,2029-06-30
PREM,NOR,Olamide SODEKE,Ailier,21,,132,Angleterre,PRO,,2028-06-30
PREM,NOR,Ollie SCOLA,Pilier,20,,125,Angleterre,PRO,,2028-06-30
PREM,NOR,Ollie SLEIGHTHOLME,Ailier,26,,96,Angleterre,PRO,,2028-06-30
PREM,NOR,Robbie SMITH,Talonneur,28,,100,Ecosse,PRO,,2029-06-30
PREM,NOR,Rory HUTCHINSON,Centre,30,,84,Angleterre,PRO,,2029-06-30
PREM,NOR,Sam CREAN,2ème ligne,26,,120,Angleterre,PRO,,2029-06-30
PREM,NOR,Samson ADEJIMI,Mêlée,24,,106,Angleterre,PRO,,2029-06-30
PREM,NOR,Sonny GOODE,Mêlée,,,,Angleterre,PRO,,2028-06-30
PREM,NOR,Sonny TONGA'UIHA,Pilier,20,,148,Angleterre,PRO,,2028-06-30
PREM,NOR,Syd BLACKMORE,Mêlée,29,,98,Pays-de-Galles,PRO,,2029-06-30
PREM,NOR,Toby THAME,Centre,22,,110,Angleterre,PRO,,2028-06-30
PREM,NOR,Tom LITCHFIELD,Centre,24,,95,Angleterre,PRO,,2028-06-30
PREM,NOR,Tom LOCKETT,2ème ligne,23,,108,Angleterre,PRO,,2028-06-30
PREM,NOR,Tom PEARSON,3ème ligne,26,,124,Angleterre,PRO,,2029-06-30
PREM,NOR,Tom ROWE,Ailier,20,,94,Angleterre,PRO,,2029-06-30
PREM,NOR,Tommy FREEMAN,Arrière,25,,100,Angleterre,PRO,,2029-06-30
PREM,NOR,Trevor DAVISON,Pilier,34,,120,Angleterre,PRO,,2029-06-30
PREM,NOR,Will CATLEY,Centre,,,,Angleterre,PRO,,2029-06-30
PREM,NOR,Zac NEARCHOU,2ème ligne,25,,114,Angleterre,PRO,,2029-06-30
PREM,GLO,Afolabi FASOGBON,Pilier,22,,141,Angleterre,PRO,,2029-06-30
PREM,GLO,Akenzua Al-Kareem ABDUL-KHALIK,Ailier,22,,116,Angleterre,PRO,,2028-06-30
PREM,GLO,Alfie BARBEARY,Ailier,25,,109,Angleterre,PRO,,2029-06-30
PREM,GLO,Archie GRIFFIN,Pilier,25,,117,Australie,PRO,,2029-06-30
PREM,GLO,Arthur CLARK,2ème ligne,24,,114,Angleterre,PRO,,2028-06-30
PREM,GLO,Arthur CORDWELL,Pilier,27,,130,Angleterre,PRO,,2029-06-30
PREM,GLO,Arthur GREEN,Arrière,22,,114,Angleterre,PRO,,2029-06-30
PREM,GLO,Ben LOADER,Ailier,27,,88,Angleterre,PRO,,2028-06-30
PREM,GLO,Ben REDSHAW,Arrière,21,,83,Angleterre,PRO,,2029-06-30
PREM,GLO,Beno OBANO,Pilier,31,,117,Angleterre,PRO,,2029-06-30
PREM,GLO,Caolan ENGLEFIELD,Mêlée,26,,94,Irlande,PRO,,2029-06-30
PREM,GLO,Charlie ATKINSON,Ouverture,24,,87,Angleterre,PRO,,2029-06-30
PREM,GLO,Charlie EWELS,Mêlée,31,,122,Angleterre,PRO,,2028-06-30
PREM,GLO,Chris CLOETE,Arrière,35,,109,Afrique du sud,PRO,,2029-06-30
PREM,GLO,Ciaran KNIGHT,Pilier,28,,116,Angleterre,PRO,,2028-06-30
PREM,GLO,Dan ROBSON,Mêlée,34,,73,Angleterre,PRO,,2029-06-30
PREM,GLO,Danny EITE,2ème ligne,23,,109,Angleterre,PRO,,2028-06-30
PREM,GLO,Dewi LAKE,Talonneur,27,,100,Pays-de-Galles,PRO,,2029-06-30
PREM,GLO,Dian BLEULER,Pilier,27,,119,Afrique du sud,PRO,,2028-06-30
PREM,GLO,Eliot SALT,Pilier,26,,116,Angleterre,PRO,,2028-06-30
PREM,GLO,Elliot STOOKE,Ouverture,33,,118,Angleterre,PRO,,2028-06-30
PREM,GLO,Freddie THOMAS,2ème ligne,24,,104,Angleterre,PRO,,2028-06-30
PREM,GLO,George BARTON,Arrière,25,,96,Angleterre,PRO,,2028-06-30
PREM,GLO,Hame FAIVA,3ème ligne,32,,100,Nouvelle-Zélande,PRO,,2029-06-30
PREM,GLO,Harry TAYLOR,3ème ligne,25,,95,Angleterre,PRO,,2028-06-30
PREM,GLO,Jac MORGAN,3ème ligne,26,,101,Pays-de-Galles,PRO,,2028-06-30
PREM,GLO,Jack CLEMENT,3ème ligne,25,,121,Angleterre,PRO,,2029-06-30
PREM,GLO,Jack GILBERT,3ème ligne,19,,,Pays-de-Galles,PRO,,2029-06-30
PREM,GLO,Jack INNARD,Talonneur,31,,108,Angleterre,PRO,,2029-06-30
PREM,GLO,Jack MANN,3ème ligne,26,,123,Ecosse,PRO,,2030-06-30
PREM,GLO,Jacques DU PLESSIS,Centre,33,,120,Afrique du sud,PRO,,2027-06-30
PREM,GLO,Jamal FORD-ROBINSON,Pilier,33,,113,Angleterre,PRO,,2028-06-30
PREM,GLO,James VENTER,3ème ligne,30,,111,Afrique du sud,PRO,,2029-06-30
PREM,GLO,Jasper SPANDLER,3ème ligne,23,,107,Angleterre,PRO,,2028-06-30
PREM,GLO,Jean KLEYN,2ème ligne,33,,109,Afrique du sud,PRO,,2031-06-30
PREM,GLO,Joe JOYCE,2ème ligne,32,,129,Angleterre,PRO,,2028-06-30
PREM,GLO,Johannes JONKER,Talonneur,32,,121,Afrique du sud,PRO,,2028-06-30
PREM,GLO,John STEWART,3ème ligne,24,,97,Angleterre,PRO,,2027-06-30
PREM,GLO,Josh HATHAWAY,Arrière,22,,94,Pays-de-Galles,PRO,,2028-06-30
PREM,GLO,Josh MCNALLY,Centre,36,,120,Angleterre,PRO,,2028-06-30
PREM,GLO,Josiah EDWARDS-GIRAUD,Centre,23,,98,Angleterre,PRO,,2028-06-30
PREM,GLO,Juan SCHOEMAN,Talonneur,35,,114,Afrique du sud,PRO,,2028-06-30
PREM,GLO,Junior DENNY,Ailier,18,,,Angleterre,PRO,,2029-06-30
PREM,GLO,Kieran VERDEN,2ème ligne,27,,108,Angleterre,PRO,,2028-06-30
PREM,GLO,Lewis LUDLOW,3ème ligne,32,,120,Angleterre,PRO,,2028-06-30
PREM,GLO,Marco FEPULEA'I,Pilier,31,,133,Samoa,PRO,,2029-06-30
PREM,GLO,Max KNIGHT,Centre,22,,86,Angleterre,PRO,,2028-06-30
PREM,GLO,Max LLEWELLYN,Centre,27,,101,Pays-de-Galles,PRO,,2028-06-30
PREM,GLO,Mike AUSTIN,Mêlée,25,,98,Angleterre,PRO,,2028-06-30
PREM,GLO,Mikey SUMMERFIELD,2ème ligne,23,,114,Angleterre,PRO,,2029-06-30
PREM,GLO,Niall ANNETT,3ème ligne,35,,111,Irlande,PRO,,2028-06-30
PREM,GLO,Ollie THORLEY,Ailier,30,,84,Angleterre,PRO,,2028-06-30
PREM,GLO,Phil COKANASIGA,Centre,25,,114,Fidji,PRO,,2028-06-30
PREM,GLO,Quinn ROUX,Centre,35,,133,Afrique du sud,PRO,,2029-06-30
PREM,GLO,Ross BYRNE,Ouverture,31,,105,Irlande,PRO,,2029-06-30
PREM,GLO,Scott KIRK,2ème ligne,22,,102,Angleterre,PRO,,2029-06-30
PREM,GLO,Seb ATKINSON,Centre,24,,113,Angleterre,PRO,,2028-06-30
PREM,GLO,Seb BLAKE,Talonneur,24,,105,Angleterre,PRO,,2028-06-30
PREM,GLO,Thomas DU TOIT,2ème ligne,31,,127,Afrique du sud,PRO,,2029-06-30
PREM,GLO,Tom DUNN,3ème ligne,33,,106,Angleterre,PRO,,2028-06-30
PREM,GLO,Tom WORTS,3ème ligne,22,,125,Angleterre,PRO,,2028-06-30
PREM,GLO,Val RAPAVA-RUSKIN,Pilier,33,,139,Géorgie,PRO,,2028-06-30
PREM,GLO,Will JOSEPH,Centre,24,,103,Angleterre,PRO,,2028-06-30
PREM,GLO,Will STUART,3ème ligne,30,,135,Angleterre,PRO,,2027-06-30
PREM,GLO,Will TRENHOLM,3ème ligne,25,,98,Angleterre,PRO,,2028-06-30
PREM,BAT,Alex RIDGWAY,3ème ligne,20,,106,Pays-de-Galles,PRO,,2028-06-30
PREM,BAT,Alfie GRIFFIN,Pilier,,,,Angleterre,PRO,,2029-06-30
PREM,BAT,Archie GRIFFIN,Pilier,25,,127,Australie,PRO,,2029-06-30
PREM,BAT,Arthur GREEN,3ème ligne,22,,120,Angleterre,PRO,,2029-06-30
PREM,BAT,Austin EMENS,Arrière,24,,74,Angleterre,PRO,,2028-06-30
PREM,BAT,Ben SPENCER,Mêlée,34,,95,Angleterre,PRO,,2030-06-30
PREM,BAT,Beno OBANO,Pilier,31,,133,Angleterre,PRO,,2029-06-30
PREM,BAT,Bernard VAN DER LINDE,Mêlée,25,,90,Afrique du sud,PRO,,2029-06-30
PREM,BAT,Billy SELA,Pilier,21,,124,Angleterre,PRO,,2030-06-30
PREM,BAT,Cameron REDPATH,Centre,26,,110,Ecosse,PRO,,2028-06-30
PREM,BAT,Charlie EWELS,2ème ligne,31,,102,Angleterre,PRO,,2028-06-30
PREM,BAT,Charlie GRIFFIN,Ailier,20,,,Angleterre,PRO,,2028-06-30
PREM,BAT,Ciarán DONOGHUE,Arrière,23,,91,Angleterre,PRO,,2030-06-30
PREM,BAT,Dan DU PREEZ,3ème ligne,31,,100,Afrique du sud,PRO,,2030-06-30
PREM,BAT,Dan FROST,Talonneur,29,,106,Angleterre,PRO,,2029-06-30
PREM,BAT,Declan TREACEY,Centre,,,,Angleterre,PRO,,2029-06-30
PREM,BAT,Denis MARCHOIS,Ailier,32,,129,France,PRO,,2028-06-30
PREM,BAT,Enoch OPOKU-GYAMFI,2ème ligne,20,,147,Italie,PRO,,2028-06-30
PREM,BAT,Ewan RICHARDS,3ème ligne,24,,122,Angleterre,PRO,,2028-06-30
PREM,BAT,Facundo BOSCH,3ème ligne,35,,97,Argentine,PRO,,2027-06-30
PREM,BAT,Finn RUSSELL,Ouverture,34,,89,Ecosse,PRO,,2029-06-30
PREM,BAT,George TIMMINS,3ème ligne,21,,108,Angleterre,PRO,,2028-06-30
PREM,BAT,Guy PEPPER,3ème ligne,23,,103,Angleterre,PRO,,2028-06-30
PREM,BAT,Henry ARUNDELL,Arrière,23,,97,Angleterre,PRO,,2030-06-30
PREM,BAT,Ieuan DAVIES,Mêlée,21,,89,Pays-de-Galles,PRO,,2028-06-30
PREM,BAT,Jack BENNETT,2ème ligne,22,,117,Angleterre,PRO,,2029-06-30
PREM,BAT,Jack HARRISON,Centre,,,,Angleterre,PRO,,2029-06-30
PREM,BAT,Jack WOODS,Arrière,20,,95,Pays-de-Galles,PRO,,2029-06-30
PREM,BAT,Jaco COETZEE,3ème ligne,30,,123,Afrique du sud,PRO,,2028-06-30
PREM,BAT,James LINEGAR,Ouverture,,,,Angleterre,PRO,,2028-06-30
PREM,BAT,James MALONEY,3ème ligne,,,,Angleterre,PRO,,2029-06-30
PREM,BAT,Jamie BHATTI,Pilier,33,,130,Ecosse,PRO,,2030-06-30
PREM,BAT,Jasper SPANDLER,Talonneur,23,,105,Angleterre,PRO,,2029-06-30
PREM,BAT,Joe COKANASIGA,Ailier,28,,117,Fidji,PRO,,2029-06-30
PREM,BAT,Josh BAYLISS,3ème ligne,29,,116,Angleterre,PRO,,2029-06-30
PREM,BAT,Kepu TUIPULOTU,Talonneur,21,,124,Pays-de-Galles,PRO,,2030-06-30
PREM,BAT,Kieran VERDEN,Pilier,27,,125,Angleterre,PRO,,2028-06-30
PREM,BAT,Louie HENNESSEY,Centre,22,,109,Pays-de-Galles,PRO,,2028-06-30
PREM,BAT,Louis ORTOLAN,Mêlée,24,,117,France,PRO,,2028-06-30
PREM,BAT,Luke TAGI,Pilier,29,,127,Fidji,PRO,,2027-06-30
PREM,BAT,Martin VILLAR,Talonneur,23,,115,Argentine,PRO,,2029-06-30
PREM,BAT,Matis PERCHAUD,Talonneur,24,,117,France,PRO,,2029-06-30
PREM,BAT,Max OJOMOH,Centre,26,,91,Angleterre,PRO,,2029-06-30
PREM,BAT,Max PEARCE,Talonneur,22,,103,Angleterre,PRO,,2029-06-30
PREM,BAT,Miles REID,3ème ligne,28,,114,Angleterre,PRO,,2028-06-30
PREM,BAT,Ollie LAWRENCE,Centre,27,,104,Angleterre,PRO,,2028-06-30
PREM,BAT,Pascal COTET,2ème ligne,32,,127,France,PRO,,2027-06-30
PREM,BAT,Pierre CASTILLON,2ème ligne,23,,99,France,PRO,,2029-06-30
PREM,BAT,Pieter SCHOLTZ,3ème ligne,32,,153,Afrique du sud,PRO,,2027-06-30
PREM,BAT,Quentin BÉTHUNE,3ème ligne,31,,128,France,PRO,,2028-06-30
PREM,BAT,Quinn ROUX,2ème ligne,35,,112,Afrique du sud,PRO,,2028-06-30
PREM,BAT,Ross MOLONY,2ème ligne,32,,124,Irlande,PRO,,2029-06-30
PREM,BAT,Sam UNDERHILL,3ème ligne,30,,122,Angleterre,PRO,,2030-06-30
PREM,BAT,Sam WINTERS,Ailier,19,,95,Angleterre,PRO,,2029-06-30
PREM,BAT,Santiago CARRERAS,Ouverture,28,,96,Argentine,PRO,,2029-06-30
PREM,BAT,Scott KIRK,Pilier,22,,120,Angleterre,PRO,,2029-06-30
PREM,BAT,Swan CORMENIER,3ème ligne,30,,117,France,PRO,,2029-06-30
PREM,BAT,Ted HILL,3ème ligne,27,,125,Angleterre,PRO,,2030-06-30
PREM,BAT,Tevita TATAFU,3ème ligne,23,,130,Tonga,PRO,,2027-06-30
PREM,BAT,Thomas ACQUIER,Centre,36,,110,France,PRO,,2028-06-30
PREM,BAT,Tom CARR-SMITH,Mêlée,24,,93,Angleterre,PRO,,2028-06-30
PREM,BAT,Tom COWAN,3ème ligne,24,,95,Pays-de-Galles,PRO,,2028-06-30
PREM,BAT,Tom DE GLANVILLE,Arrière,26,,101,Angleterre,PRO,,2030-06-30
PREM,BAT,Tom DUNN,Talonneur,33,,121,Angleterre,PRO,,2030-06-30
PREM,BAT,Tyler OFFIAH,Ailier,20,,89,Angleterre,PRO,,2028-06-30
PREM,BAT,Vincent GIUDICELLI,Centre,29,,99,France,PRO,,2028-06-30
PREM,BAT,Will JEANES,3ème ligne,22,,106,Angleterre,PRO,,2029-06-30
PREM,BAT,Will MUIR,Ailier,30,,112,Angleterre,PRO,,2028-06-30
PREM,BAT,Will ROUE,Centre,21,,,Angleterre,PRO,,2028-06-30
PREM,BAT,Will STUART,Pilier,30,,128,Angleterre,PRO,,2030-06-30
PREM,BRS,AJ MACGINTY,Ouverture,36,,81,Irlande,PRO,,2029-06-30
PREM,BRS,Akenzua Al-Kareem ABDUL-KHALIK,3ème ligne,22,,110,Angleterre,PRO,,2028-06-30
PREM,BRS,Andrew TURNER,Pilier,24,,122,Angleterre,PRO,,2028-06-30
PREM,BRS,Archie GRIFFIN,Pilier,25,,115,Australie,PRO,,2028-06-30
PREM,BRS,Arthur CORDWELL,Pilier,27,,129,Angleterre,PRO,,2028-06-30
PREM,BRS,Ben ROGERS,3ème ligne,,,,Angleterre,PRO,,2028-06-30
PREM,BRS,Benhard JANSE VAN RENSBURG,Centre,29,,87,Afrique du sud,PRO,,2028-06-30
PREM,BRS,Benjamín GRONDONA,3ème ligne,22,,112,Argentine,PRO,,2028-06-30
PREM,BRS,Beno OBANO,Pilier,31,,115,Angleterre,PRO,,2029-06-30
PREM,BRS,Charlie EWELS,Ouverture,31,,117,Angleterre,PRO,,2029-06-30
PREM,BRS,Elliot STOOKE,Centre,33,,110,Angleterre,PRO,,2028-06-30
PREM,BRS,Ellis GENGE,Pilier,31,,108,Angleterre,PRO,,2028-06-30
PREM,BRS,Ethan STADDON,3ème ligne,24,,115,Angleterre,PRO,,2029-06-30
PREM,BRS,Fitz HARDING,3ème ligne,27,,113,Angleterre,PRO,,2029-06-30
PREM,BRS,Gabriel IBITOYE,Ailier,28,,87,Angleterre,PRO,,2028-06-30
PREM,BRS,Gabriel OGHRE,Talonneur,28,,101,Angleterre,PRO,,2028-06-30
PREM,BRS,George KLOSKA,Pilier,26,,107,Angleterre,PRO,,2028-06-30
PREM,BRS,George TAYLOR,3ème ligne,23,,120,Angleterre,PRO,,2029-06-30
PREM,BRS,Hame FAIVA,3ème ligne,32,,96,Nouvelle-Zélande,PRO,,2027-06-30
PREM,BRS,Harry RANDALL,Mêlée,28,,68,Angleterre,PRO,,2028-06-30
PREM,BRS,Harry THACKER,Talonneur,32,,94,Angleterre,PRO,,2028-06-30
PREM,BRS,Harry WELLS,2ème ligne,33,,122,Angleterre,PRO,,2028-06-30
PREM,BRS,Jack BATES,Ailier,25,,96,Angleterre,PRO,,2028-06-30
PREM,BRS,Jacques DU PLESSIS,Arrière,33,,137,Afrique du sud,PRO,,2027-06-30
PREM,BRS,Jake WOOLMORE,Pilier,35,,133,Angleterre,PRO,,2029-06-30
PREM,BRS,James WILLIAMS,Centre,29,,107,Angleterre,PRO,,2028-06-30
PREM,BRS,Jasper SPANDLER,3ème ligne,23,,105,Angleterre,PRO,,2029-06-30
PREM,BRS,Jimmy HALLIWELL,Pilier,22,,127,Angleterre,PRO,,2028-06-30
PREM,BRS,Joe BATLEY,2ème ligne,30,,138,Angleterre,PRO,,2028-06-30
PREM,BRS,Joe OWEN,3ème ligne,25,,110,Angleterre,PRO,,2029-06-30
PREM,BRS,Johannes JONKER,Talonneur,32,,106,Afrique du sud,PRO,,2029-06-30
PREM,BRS,John STEWART,3ème ligne,24,,119,Angleterre,PRO,,2028-06-30
PREM,BRS,Josh CAULFIELD,2ème ligne,29,,103,Angleterre,PRO,,2028-06-30
PREM,BRS,Josh MCNALLY,Arrière,36,,141,Angleterre,PRO,,2028-06-30
PREM,BRS,Juan SCHOEMAN,2ème ligne,35,,116,Afrique du sud,PRO,,2029-06-30
PREM,BRS,Kalaveti RAVOUVOU,Centre,28,,109,Fidji,PRO,,2029-06-30
PREM,BRS,Kenzie JENKINS,3ème ligne,21,,95,Pays-de-Galles,PRO,,2028-06-30
PREM,BRS,Kieran MARMION,Mêlée,34,,83,Irlande,PRO,,2029-06-30
PREM,BRS,Kieran VERDEN,2ème ligne,27,,112,Angleterre,PRO,,2029-06-30
PREM,BRS,Louie SINCLAIR,Ouverture,22,,95,Angleterre,PRO,,2029-06-30
PREM,BRS,Louis REES-ZAMMIT,Ailier,25,,105,Pays-de-Galles,PRO,,2028-06-30
PREM,BRS,Lovejoy CHAWATAMA,Pilier,34,,108,Zimbabwe,PRO,,2029-06-30
PREM,BRS,Luka IVANISHVILI,3ème ligne,24,,96,Géorgie,PRO,,2029-06-30
PREM,BRS,Matías MORONI,Centre,35,,80,Argentine,PRO,,2029-06-30
PREM,BRS,Max CLARK,Centre,30,,104,Angleterre,PRO,,2028-06-30
PREM,BRS,Max LAHIFF,Pilier,36,,112,Angleterre,PRO,,2029-06-30
PREM,BRS,Max PEPPER,Mêlée,25,,93,Angleterre,PRO,,2028-06-30
PREM,BRS,Mikey SUMMERFIELD,2ème ligne,23,,130,Angleterre,PRO,,2029-06-30
PREM,BRS,Niall ANNETT,Mêlée,35,,117,Irlande,PRO,,2028-06-30
PREM,BRS,Noah HEWARD,Arrière,25,,97,Angleterre,PRO,,2028-06-30
PREM,BRS,Noah WILLIAMS,3ème ligne,,,,Angleterre,PRO,,2029-06-30
PREM,BRS,Ollie HARRIS,Ailier,,,,Angleterre,PRO,,2029-06-30
PREM,BRS,Oscar LENNON,Mêlée,26,,77,Pays-de-Galles,PRO,,2028-06-30
PREM,BRS,Paddy PEARCE,3ème ligne,22,,95,Angleterre,PRO,,2028-06-30
PREM,BRS,Pedro RUBIOLO,2ème ligne,23,,109,Argentine,PRO,,2029-06-30
PREM,BRS,Sam SCOTT,Pilier,20,,113,Pays-de-Galles,PRO,,2029-06-30
PREM,BRS,Sam WORSLEY,Ouverture,22,,71,Angleterre,PRO,,2028-06-30
PREM,BRS,Scott KIRK,3ème ligne,22,,105,Angleterre,PRO,,2028-06-30
PREM,BRS,Sol MOODY,Talonneur,21,,111,Angleterre,PRO,,2029-06-30
PREM,BRS,Steven LUATUA,3ème ligne,35,,109,Samoa,PRO,,2029-06-30
PREM,BRS,Thomas DU TOIT,3ème ligne,31,,138,Afrique du sud,PRO,,2028-06-30
PREM,BRS,Tobi WILSON,Arrière,23,,87,Angleterre,PRO,,2028-06-30
PREM,BRS,Tom DUNN,Ouverture,33,,121,Angleterre,PRO,,2029-06-30
PREM,BRS,Tom JORDAN,Ouverture,28,,94,Nouvelle-Zélande,PRO,,2029-06-30
PREM,BRS,Tomas GWILLIAM,Talonneur,23,,99,Angleterre,PRO,,2028-06-30
PREM,BRS,Victor WORSNIP,Centre,19,,,Angleterre,PRO,,2028-06-30
PREM,BRS,Viliame MATA,3ème ligne,34,,124,Fidji,PRO,,2028-06-30
PREM,BRS,Will STUART,3ème ligne,30,,136,Angleterre,PRO,,2027-06-30
PREM,SAR,Akenzua Al-Kareem ABDUL-KHALIK,Arrière,22,,103,Angleterre,PRO,,2028-06-30
PREM,SAR,Alec CLAREY,Pilier,32,,127,Angleterre,PRO,,2029-06-30
PREM,SAR,Alex O'DRISCOLL,Pilier,22,,100,Ecosse,PRO,,2028-06-30
PREM,SAR,Alfie BARBEARY,3ème ligne,25,,125,Angleterre,PRO,,2030-06-30
PREM,SAR,Andy ONYEAMA-CHRISTIE,3ème ligne,27,,114,Angleterre,PRO,,2028-06-30
PREM,SAR,Angus HALL,Centre,21,,87,Angleterre,PRO,,2029-06-30
PREM,SAR,Archie GRIFFIN,Pilier,25,,129,Australie,PRO,,2028-06-30
PREM,SAR,Arthur CORDWELL,Pilier,27,,111,Angleterre,PRO,,2029-06-30
PREM,SAR,Ben EARL,3ème ligne,28,,92,Angleterre,PRO,,2030-06-30
PREM,SAR,Beno OBANO,Pilier,31,,109,Angleterre,PRO,,2028-06-30
PREM,SAR,Charlie BRACKEN,Mêlée,22,,88,Angleterre,PRO,,2029-06-30
PREM,SAR,Charlie EWELS,Mêlée,31,,127,Angleterre,PRO,,2029-06-30
PREM,SAR,Corné WEILBACH,Pilier,24,,126,Afrique du sud,PRO,,2028-06-30
PREM,SAR,Elliot DALY,Centre,33,,109,Angleterre,PRO,,2029-06-30
PREM,SAR,Elliot STOOKE,Centre,33,,131,Angleterre,PRO,,2029-06-30
PREM,SAR,Eoghan CLARKE,Talonneur,28,,101,Irlande,PRO,,2029-06-30
PREM,SAR,Eroni MAWI,Pilier,30,,123,Fidji,PRO,,2029-06-30
PREM,SAR,Fergus BURKE,Ouverture,27,,107,Nouvelle-Zélande,PRO,,2028-06-30
PREM,SAR,Finn KEYLOCK,Ouverture,20,,79,Angleterre,PRO,,2029-06-30
PREM,SAR,George MARTIN,3ème ligne,25,,134,Angleterre,PRO,,2028-06-30
PREM,SAR,Hame FAIVA,3ème ligne,32,,115,Nouvelle-Zélande,PRO,,2029-06-30
PREM,SAR,Harvey BEATON,Pilier,25,,107,Angleterre,PRO,,2029-06-30
PREM,SAR,Hugh TIZARD,2ème ligne,26,,117,Angleterre,PRO,,2029-06-30
PREM,SAR,Jack BRACKEN,Ailier,20,,85,Angleterre,PRO,,2028-06-30
PREM,SAR,Jacques DU PLESSIS,Centre,33,,119,Afrique du sud,PRO,,2029-06-30
PREM,SAR,James HADFIELD,Talonneur,28,,91,Angleterre,PRO,,2028-06-30
PREM,SAR,Jamie GEORGE,Talonneur,35,,114,Angleterre,PRO,,2029-06-30
PREM,SAR,Jasper SPANDLER,3ème ligne,23,,97,Angleterre,PRO,,2029-06-30
PREM,SAR,Johannes JONKER,Talonneur,32,,109,Afrique du sud,PRO,,2028-06-30
PREM,SAR,John STEWART,3ème ligne,24,,122,Angleterre,PRO,,2029-06-30
PREM,SAR,Josh MCNALLY,Ailier,36,,116,Angleterre,PRO,,2028-06-30
PREM,SAR,Juan Martin GONZALEZ SAMSO,3ème ligne,25,,119,Argentine,PRO,,2028-06-30
PREM,SAR,Juan SCHOEMAN,Talonneur,35,,106,Afrique du sud,PRO,,2029-06-30
PREM,SAR,Kieran VERDEN,Talonneur,27,,108,Angleterre,PRO,,2028-06-30
PREM,SAR,Lucio CINTI LUNA,Ailier,26,,111,Argentine,PRO,,2028-06-30
PREM,SAR,Marcus STREET,Pilier,27,,123,Angleterre,PRO,,2028-06-30
PREM,SAR,Maro ITOJE,2ème ligne,31,,122,Angleterre,PRO,,2030-06-30
PREM,SAR,Max EKE,2ème ligne,22,,104,Angleterre,PRO,,2028-06-30
PREM,SAR,Max MALINS,Ailier,29,,93,Angleterre,PRO,,2028-06-30
PREM,SAR,Mikey SUMMERFIELD,2ème ligne,23,,111,Angleterre,PRO,,2029-06-30
PREM,SAR,Nathan MICHELOW,3ème ligne,22,,93,Angleterre,PRO,,2029-06-30
PREM,SAR,Niall ANNETT,3ème ligne,35,,103,Irlande,PRO,,2027-06-30
PREM,SAR,Nick ISIEKWE,2ème ligne,28,,106,Angleterre,PRO,,2028-06-30
PREM,SAR,Nick TOMPKINS,Centre,31,,89,Angleterre,PRO,,2028-06-30
PREM,SAR,Olamide SODEKE,2ème ligne,21,,141,Angleterre,PRO,,2029-06-30
PREM,SAR,Olly HARTLEY,Centre,24,,118,Angleterre,PRO,,2028-06-30
PREM,SAR,Owen FARRELL,Ouverture,35,,83,Angleterre,PRO,,2028-06-30
PREM,SAR,Phil BRANTINGHAM,Pilier,24,,121,Angleterre,PRO,,2029-06-30
PREM,SAR,Quinn ROUX,Ailier,35,,123,Afrique du sud,PRO,,2029-06-30
PREM,SAR,Rhys CARRÉ,Pilier,28,,130,Pays-de-Galles,PRO,,2029-06-30
PREM,SAR,Rotimi SEGUN,Ailier,30,,82,Angleterre,PRO,,2028-06-30
PREM,SAR,Scott KIRK,2ème ligne,22,,113,Angleterre,PRO,,2028-06-30
PREM,SAR,Sione VA'ENUKU,Centre,26,,104,Tonga,PRO,,2029-06-30
PREM,SAR,Theo DAN,Talonneur,25,,122,Angleterre,PRO,,2029-06-30
PREM,SAR,Thomas DU TOIT,2ème ligne,31,,127,Afrique du sud,PRO,,2028-06-30
PREM,SAR,Tietie TUIMAUGA,Pilier,33,,143,Samoa,PRO,,2028-06-30
PREM,SAR,Tobias ELLIOTT,Arrière,23,,92,Angleterre,PRO,,2029-06-30
PREM,SAR,Toby KNIGHT,3ème ligne,24,,99,Angleterre,PRO,,2029-06-30
PREM,SAR,Tom DUNN,Mêlée,33,,123,Angleterre,PRO,,2028-06-30
PREM,SAR,Tom JAMES,Mêlée,32,,95,Angleterre,PRO,,2028-06-30
PREM,SAR,Tomos WILLIAMS,Mêlée,31,,97,Pays-de-Galles,PRO,,2028-06-30
PREM,SAR,Totoa AUVA'A,2ème ligne,21,,120,Samoa,PRO,,2028-06-30
PREM,SAR,Vilikesa NAIRAU,Pilier,24,,,Fidji,PRO,,2028-06-30
PREM,SAR,Will STUART,2ème ligne,30,,135,Angleterre,PRO,,2027-06-30
PREM,LEIC,Aaron WAINWRIGHT,3ème ligne,29,,106,Pays-de-Galles,PRO,,2029-06-30
PREM,LEIC,Adam RADWAN,Ailier,28,,100,Angleterre,PRO,,2029-06-30
PREM,LEIC,Ale LOMAN,Pilier,26,,132,Suède,PRO,,2029-06-30
PREM,LEIC,Archie GRIFFIN,Pilier,25,,115,Australie,PRO,,2029-06-30
PREM,LEIC,Archie VAN DER FLIER,Pilier,24,,108,Angleterre,PRO,,2029-06-30
PREM,LEIC,Arthur CORDWELL,Pilier,27,,101,Angleterre,PRO,,2029-06-30
PREM,LEIC,Beno OBANO,Pilier,31,,115,Angleterre,PRO,,2028-06-30
PREM,LEIC,Billy SEARLE,Ouverture,30,,85,Angleterre,PRO,,2029-06-30
PREM,LEIC,Cameron HENDERSON,2ème ligne,26,,132,Ecosse,PRO,,2029-06-30
PREM,LEIC,Charlie BEMAND,Mêlée,20,,78,Angleterre,PRO,,2029-06-30
PREM,LEIC,Charlie CLARE,Talonneur,34,,106,Angleterre,PRO,,2029-06-30
PREM,LEIC,Charlie EWELS,Centre,31,,117,Angleterre,PRO,,2029-06-30
PREM,LEIC,Charlie MYALL,Centre,21,,98,Angleterre,PRO,,2029-06-30
PREM,LEIC,Charlie TITCOMBE,Ouverture,24,,102,Angleterre,PRO,,2028-06-30
PREM,LEIC,Corbin THUNDER,Talonneur,23,,93,Afrique du sud,PRO,,2028-06-30
PREM,LEIC,Dylan CHESSUM,3ème ligne,18,,,Angleterre,PRO,,2029-06-30
PREM,LEIC,Elliot STOOKE,Ailier,33,,107,Angleterre,PRO,,2028-06-30
PREM,LEIC,Emeka ILIONE,3ème ligne,24,,125,Angleterre,PRO,,2028-06-30
PREM,LEIC,Finn CARNDUFF,2ème ligne,22,,128,Angleterre,PRO,,2028-06-30
PREM,LEIC,Finn THEOBALD-THOMAS,Talonneur,23,,123,Angleterre,PRO,,2028-06-30
PREM,LEIC,Freddie STEWARD,Arrière,25,,93,Angleterre,PRO,,2028-06-30
PREM,LEIC,Gabe HAMER-WEBB,Ailier,25,,93,Angleterre,PRO,,2029-06-30
PREM,LEIC,George MARSH,3ème ligne,19,,118,Angleterre,PRO,,2028-06-30
PREM,LEIC,George PEARSON,Arrière,20,,99,Angleterre,PRO,,2029-06-30
PREM,LEIC,Hame FAIVA,3ème ligne,32,,96,Nouvelle-Zélande,PRO,,2028-06-30
PREM,LEIC,Jack DOOREY-PALMER,Talonneur,22,,99,Angleterre,PRO,,2029-06-30
PREM,LEIC,Jack VAN POORTVLIET,Mêlée,25,,97,Angleterre,PRO,,2028-06-30
PREM,LEIC,James THOMPSON,2ème ligne,27,,119,Nouvelle-Zélande,PRO,,2029-06-30
PREM,LEIC,Jamie BLAMIRE,Talonneur,28,,124,Angleterre,PRO,,2029-06-30
PREM,LEIC,Jasper SPANDLER,3ème ligne,23,,116,Angleterre,PRO,,2028-06-30
PREM,LEIC,Joaquin MORO,3ème ligne,25,,89,Argentine,PRO,,2028-06-30
PREM,LEIC,Joe HEYES,Pilier,27,,134,Angleterre,PRO,,2032-06-30
PREM,LEIC,Joe JENKINS,Centre,22,,117,Angleterre,PRO,,2029-06-30
PREM,LEIC,Joe WOODWARD,Centre,23,,92,Angleterre,PRO,,2028-06-30
PREM,LEIC,Joel SCLAVI,Pilier,32,,146,Argentine,PRO,,2028-06-30
PREM,LEIC,Johannes JONKER,Talonneur,32,,128,Afrique du sud,PRO,,2028-06-30
PREM,LEIC,John STEWART,3ème ligne,24,,98,Angleterre,PRO,,2027-06-30
PREM,LEIC,Josh MANZ,3ème ligne,22,,97,Angleterre,PRO,,2028-06-30
PREM,LEIC,Juan SCHOEMAN,2ème ligne,35,,123,Afrique du sud,PRO,,2028-06-30
PREM,LEIC,Kesena IZU,Ailier,,,85,Angleterre,PRO,,2028-06-30
PREM,LEIC,Kieran VERDEN,2ème ligne,27,,132,Angleterre,PRO,,2028-06-30
PREM,LEIC,Lewis CHESSUM,2ème ligne,23,,113,Angleterre,PRO,,2029-06-30
PREM,LEIC,Mako VUNIPOLA,Pilier,35,,132,Nouvelle-Zélande,PRO,,2029-06-30
PREM,LEIC,Mikey SUMMERFIELD,2ème ligne,23,,107,Angleterre,PRO,,2029-06-30
PREM,LEIC,Niall ANNETT,Mêlée,35,,110,Irlande,PRO,,2029-06-30
PREM,LEIC,Ollie ALLAN,Mêlée,22,,87,Angleterre,PRO,,2029-06-30
PREM,LEIC,Ollie CHESSUM,2ème ligne,26,,121,Angleterre,PRO,,2029-06-30
PREM,LEIC,Ollie HASSELL-COLLINS,Ailier,27,,99,Angleterre,PRO,,2029-06-30
PREM,LEIC,Olly CRACKNELL,3ème ligne,32,,103,Pays-de-Galles,PRO,,2028-06-30
PREM,LEIC,Orlando BAILEY,Ouverture,25,,103,Angleterre,PRO,,2029-06-30
PREM,LEIC,Osian THOMAS,2ème ligne,21,,100,Pays-de-Galles,PRO,,2028-06-30
PREM,LEIC,Ryan CROWLEY,Ailier,28,,84,Pays-de-Galles,PRO,,2028-06-30
PREM,LEIC,Sam MOLI,Talonneur,27,,122,Nouvelle-Zélande,PRO,,2029-06-30
PREM,LEIC,Sam WILLIAMS,3ème ligne,21,,91,Angleterre,PRO,,2029-06-30
PREM,LEIC,Scott KIRK,2ème ligne,22,,104,Angleterre,PRO,,2028-06-30
PREM,LEIC,Solomone KATA,Centre,31,,112,Tonga,PRO,,2029-06-30
PREM,LEIC,Tarek HAFFAR,Pilier,25,,125,Angleterre,PRO,,2029-06-30
PREM,LEIC,Thomas DU TOIT,3ème ligne,31,,122,Afrique du sud,PRO,,2029-06-30
PREM,LEIC,Tom DUNN,Ouverture,33,,102,Angleterre,PRO,,2028-06-30
PREM,LEIC,Tom WHITELEY,Mêlée,30,,87,Angleterre,PRO,,2029-06-30
PREM,LEIC,Tommy REFFELL,3ème ligne,27,,104,Pays-de-Galles,PRO,,2029-06-30
PREM,LEIC,Wilf MCCARTHY,Centre,,,82,Angleterre,PRO,,2028-06-30
PREM,LEIC,Will HURD,Pilier,27,,135,Angleterre,PRO,,2029-06-30
PREM,LEIC,Will STUART,3ème ligne,30,,120,Angleterre,PRO,,2027-06-30
PREM,LEIC,Will WAND,Centre,24,,101,Angleterre,PRO,,2028-06-30
PREM,EXE,Alec CLAREY,Pilier,32,,111,Angleterre,PRO,,2029-06-30
PREM,EXE,Aleki LUTUI,3ème ligne,48,,125,Tonga,PRO,,2029-06-30
PREM,EXE,Alex WARDELL,Ailier,24,,128,Angleterre,PRO,,2028-06-30
PREM,EXE,Andrea ZAMBONIN,2ème ligne,26,,113,Italie,PRO,,2029-06-30
PREM,EXE,Archie MCARTHUR,Pilier,23,,128,Angleterre,PRO,,2028-06-30
PREM,EXE,Bachuki TCHUMBADZE,Pilier,24,,113,Géorgie,PRO,,2030-06-30
PREM,EXE,Beck CUTTING,Mêlée,28,,104,Angleterre,PRO,,2029-06-30
PREM,EXE,Ben CHAPMAN,Mêlée,25,,106,Angleterre,PRO,,2028-06-30
PREM,EXE,Ben COEN,Ouverture,21,,94,Angleterre,PRO,,2029-06-30
PREM,EXE,Ben HAMMERSLEY,Ailier,23,,105,Angleterre,PRO,,2028-06-30
PREM,EXE,Ben POGSON,Ouverture,,,96,Angleterre,PRO,,2028-06-30
PREM,EXE,Campbell RIDL,Ailier,21,,80,Angleterre,PRO,,2029-06-30
PREM,EXE,Dafydd JENKINS,2ème ligne,23,,122,Pays-de-Galles,PRO,,2029-06-30
PREM,EXE,Dallas MCLEOD,Centre,27,,95,Nouvelle-Zélande,PRO,,2030-06-30
PREM,EXE,Dom HARDMAN,Pilier,29,,135,Angleterre,PRO,,2028-06-30
PREM,EXE,Ehren PAINTER,Pilier,28,,148,Angleterre,PRO,,2029-06-30
PREM,EXE,Ethan BURGER,Pilier,26,,145,Afrique du sud,PRO,,2029-06-30
PREM,EXE,Ethan ROOTS,3ème ligne,28,,113,Nouvelle-Zélande,PRO,,2029-06-30
PREM,EXE,Finn WORLEY-BRADY,3ème ligne,21,,110,Angleterre,PRO,,2029-06-30
PREM,EXE,Gareth PARRY,Pilier,,,,Pays-de-Galles,PRO,,2029-06-30
PREM,EXE,Greg FISILAU,3ème ligne,23,,113,Angleterre,PRO,,2029-06-30
PREM,EXE,Griff EVANS,Ailier,25,,111,Pays-de-Galles,PRO,,2028-06-30
PREM,EXE,Harry WILSON,2ème ligne,29,,122,Angleterre,PRO,,2029-06-30
PREM,EXE,Harvey BEATON,Pilier,25,,123,Angleterre,PRO,,2029-06-30
PREM,EXE,Harvey SKINNER,Ouverture,29,,94,Angleterre,PRO,,2029-06-30
PREM,EXE,Henry SLADE,Centre,33,,105,Angleterre,PRO,,2028-06-30
PREM,EXE,Immanuel FEYI-WABOSO,Ailier,23,,104,Pays-de-Galles,PRO,,2029-06-30
PREM,EXE,Jack YEANDLE,Talonneur,36,,116,Angleterre,PRO,,2029-06-30
PREM,EXE,Jake MURRAY,Mêlée,23,,78,Angleterre,PRO,,2029-06-30
PREM,EXE,James FLYNN,Talonneur,32,,125,Angleterre,PRO,,2028-06-30
PREM,EXE,James JOHNSTON,Talonneur,40,,135,Samoa,PRO,,2028-06-30
PREM,EXE,Jasper MCGUIRE,2ème ligne,26,,126,Angleterre,PRO,,2028-06-30
PREM,EXE,Jevaughn WARREN,2ème ligne,24,,136,Angleterre,PRO,,2028-06-30
PREM,EXE,Jimmy ROOTS,Pilier,26,,127,Nouvelle-Zélande,PRO,,2028-06-30
PREM,EXE,Joe BAILEY,2ème ligne,22,,125,Angleterre,PRO,,2029-06-30
PREM,EXE,Joe PEARD,Ailier,24,,132,Pays-de-Galles,PRO,,2028-06-30
PREM,EXE,Joseph DWEBA,Talonneur,30,,119,Afrique du sud,PRO,,2029-06-30
PREM,EXE,Josh IOSEFA-SCOTT,Pilier,30,,144,Nouvelle-Zélande,PRO,,2028-06-30
PREM,EXE,Julian HEAVEN,Talonneur,25,,93,Australie,PRO,,2028-06-30
PREM,EXE,Kaden PEARCE-PAUL,Ailier,23,,110,Angleterre,PRO,,2028-06-30
PREM,EXE,Kane JAMES,3ème ligne,21,,102,Pays-de-Galles,PRO,,2028-06-30
PREM,EXE,Kapeli PIFELETI JR,Centre,27,,127,Tonga,PRO,,2028-06-30
PREM,EXE,Lewis PEARSON,2ème ligne,26,,126,Angleterre,PRO,,2029-06-30
PREM,EXE,Louie GULLEY,Talonneur,21,,100,Angleterre,PRO,,2029-06-30
PREM,EXE,Luke YENDLE,2ème ligne,26,,119,Pays-de-Galles,PRO,,2029-06-30
PREM,EXE,Max EKE,Arrière,22,,92,Angleterre,PRO,,2029-06-30
PREM,EXE,Max NOREY,Talonneur,27,,93,Angleterre,PRO,,2028-06-30
PREM,EXE,Nika ABULADZE,Pilier,30,,119,Géorgie,PRO,,2030-06-30
PREM,EXE,Obinna NKWOCHA,2ème ligne,23,,116,Angleterre,PRO,,2028-06-30
PREM,EXE,Ollie BATSON,Centre,19,,91,Angleterre,PRO,,2028-06-30
PREM,EXE,Olly WOODBURN,Ailier,34,,88,Angleterre,PRO,,2029-06-30
PREM,EXE,Oscar BECKERLEG,2ème ligne,20,,119,Angleterre,PRO,,2028-06-30
PREM,EXE,Paul BROWN-BAMPOE,Ailier,24,,89,Angleterre,PRO,,2028-06-30
PREM,EXE,Richard CAPSTICK,3ème ligne,26,,105,Angleterre,PRO,,2028-06-30
PREM,EXE,Ross VINTCENT,3ème ligne,24,,90,Afrique du sud,PRO,,2029-06-30
PREM,EXE,Sam CREAN,3ème ligne,26,,107,Angleterre,PRO,,2029-06-30
PREM,EXE,Sam HARRIS,Arrière,23,,105,Angleterre,PRO,,2030-06-30
PREM,EXE,Sam WOLSTENHOLME,Mêlée,27,,91,Angleterre,PRO,,2028-06-30
PREM,EXE,Samson ADEJIMI,Centre,24,,96,Angleterre,PRO,,2029-06-30
PREM,EXE,Stephen VARNEY,Mêlée,25,,85,Pays-de-Galles,PRO,,2031-06-30
PREM,EXE,Syd BLACKMORE,Centre,29,,97,Pays-de-Galles,PRO,,2029-06-30
PREM,EXE,Tom CAIRNS,Mêlée,24,,93,Angleterre,PRO,,2029-06-30
PREM,EXE,Tom HOOPER,3ème ligne,25,,137,Australie,PRO,,2029-06-30
PREM,EXE,Tommy WYATT,Arrière,26,,91,Angleterre,PRO,,2028-06-30
PREM,EXE,Will BUTT,Centre,26,,111,Angleterre,PRO,,2031-06-30
PREM,EXE,Will GOODRICK-CLARKE,Pilier,30,,135,Angleterre,PRO,,2028-06-30
PREM,EXE,Will HAYDON-WOOD,Ouverture,25,,86,Angleterre,PRO,,2028-06-30
PREM,EXE,Zac NEARCHOU,3ème ligne,25,,125,Angleterre,PRO,,2029-06-30
PREM,EXE,Zack WIMBUSH,Centre,22,,98,Angleterre,PRO,,2029-06-30
PREM,NEW,Adam BROCKLEBANK,Pilier,31,,138,Angleterre,PRO,,2028-06-30
PREM,NEW,Adam SCOTT,2ème ligne,24,,118,Angleterre,PRO,,2029-06-30
PREM,NEW,Alex HEARLE,Ailier,27,,105,Angleterre,PRO,,2029-06-30
PREM,NEW,Allan FERRIE,3ème ligne,26,,101,Ecosse,PRO,,2029-06-30
PREM,NEW,Benjamín ELIZALDE,Arrière,22,,98,Argentine,PRO,,2029-06-30
PREM,NEW,Brandon JACKSON,Centre,25,,115,Angleterre,PRO,,2030-06-30
PREM,NEW,Brett CONNON,Ouverture,30,,93,Angleterre,PRO,,2030-06-30
PREM,NEW,Cam JORDAN,2ème ligne,26,,133,Angleterre,PRO,,2030-06-30
PREM,NEW,Cammy HUTCHISON,Centre,28,,95,Ecosse,PRO,,2028-06-30
PREM,NEW,Chris HARRIS,Centre,35,,92,Angleterre,PRO,,2029-06-30
PREM,NEW,Christian WADE,Ailier,35,,74,Angleterre,PRO,,2028-06-30
PREM,NEW,Denis MARCHOIS,Arrière,32,,119,France,PRO,,2027-06-30
PREM,NEW,Elliot MILLAR-MILLS,Pilier,34,,120,Angleterre,PRO,,2029-06-30
PREM,NEW,Ethan GRAYSON,Arrière,24,,93,Angleterre,PRO,,2030-06-30
PREM,NEW,Facundo BOSCH,Mêlée,35,,88,Argentine,PRO,,2027-06-30
PREM,NEW,Finn BAKER,2ème ligne,21,,110,Angleterre,PRO,,2030-06-30
PREM,NEW,Francisco MORENO,Pilier,24,,157,Argentine,PRO,,2028-06-30
PREM,NEW,Franco MOLINA,2ème ligne,29,,118,Argentine,PRO,,2030-06-30
PREM,NEW,George MCGUIGAN,Talonneur,33,,107,Irlande,PRO,,2029-06-30
PREM,NEW,George TURNER,Talonneur,33,,105,Ecosse,PRO,,2028-06-30
PREM,NEW,Harrison OBATOYINBO,Ailier,25,,80,Angleterre,PRO,,2028-06-30
PREM,NEW,Hoskins SOTUTU,3ème ligne,28,,122,Nouvelle-Zélande,PRO,,2031-06-30
PREM,NEW,James ELLIOTT,Mêlée,28,,77,Angleterre,PRO,,2029-06-30
PREM,NEW,James HARPER,Pilier,25,,133,Angleterre,PRO,,2029-06-30
PREM,NEW,Joe DAVIS,Mêlée,20,,60,Angleterre,PRO,,2028-06-30
PREM,NEW,Josh HODGE,Arrière,26,,79,Angleterre,PRO,,2031-06-30
PREM,NEW,Louis ORTOLAN,Centre,24,,109,France,PRO,,2028-06-30
PREM,NEW,Luke TAGI,Pilier,29,,128,Fidji,PRO,,2027-06-30
PREM,NEW,Martin VILLAR,Talonneur,23,,115,Argentine,PRO,,2028-06-30
PREM,NEW,Matis PERCHAUD,Talonneur,24,,110,France,PRO,,2028-06-30
PREM,NEW,Max HICKS,3ème ligne,27,,113,Nouvelle-Zélande,PRO,,2029-06-30
PREM,NEW,Murray MCCALLUM,Pilier,30,,126,Ecosse,PRO,,2029-06-30
PREM,NEW,Obi ENE,Ailier,23,,97,Angleterre,PRO,,2029-06-30
PREM,NEW,Oli SPENCER,Arrière,22,,108,Angleterre,PRO,,2030-06-30
PREM,NEW,Ollie FLETCHER,Talonneur,24,,104,Angleterre,PRO,,2029-06-30
PREM,NEW,Ollie LEATHERBARROW,3ème ligne,24,,102,Angleterre,PRO,,2029-06-30
PREM,NEW,Oscar USHER,2ème ligne,22,,123,Angleterre,PRO,,2031-06-30
PREM,NEW,Pascal COTET,2ème ligne,32,,118,France,PRO,,2028-06-30
PREM,NEW,Pierre CASTILLON,2ème ligne,23,,96,France,PRO,,2029-06-30
PREM,NEW,Pieter SCHOLTZ,3ème ligne,32,,152,Afrique du sud,PRO,,2028-06-30
PREM,NEW,Pouri RAKETE-STONES,Pilier,29,,116,Nouvelle-Zélande,PRO,,2030-06-30
PREM,NEW,Quentin BÉTHUNE,3ème ligne,31,,110,France,PRO,,2029-06-30
PREM,NEW,Raffi QUIRKE,Mêlée,25,,83,Angleterre,PRO,,2030-06-30
PREM,NEW,Richard PALFRAMAN,Pilier,32,,125,Afrique du sud,PRO,,2029-06-30
PREM,NEW,Rusi TUIMA,2ème ligne,26,,124,Fidji,PRO,,2028-06-30
PREM,NEW,Sam GRAHAM,3ème ligne,29,,105,Angleterre,PRO,,2029-06-30
PREM,NEW,Sammy ARNOLD,Centre,30,,106,Irlande,PRO,,2029-06-30
PREM,NEW,Samson ADEJIMI,Talonneur,24,,96,Angleterre,PRO,,2028-06-30
PREM,NEW,Simón BENÍTEZ-CRUZ,Mêlée,27,,65,Argentine,PRO,,2028-06-30
PREM,NEW,Swan CORMENIER,3ème ligne,30,,127,France,PRO,,2028-06-30
PREM,NEW,Tevita TATAFU,3ème ligne,23,,149,Tonga,PRO,,2027-06-30
PREM,NEW,Thomas ACQUIER,Ailier,36,,118,France,PRO,,2028-06-30
PREM,NEW,Tom CHRISTIE,3ème ligne,28,,97,Nouvelle-Zélande,PRO,,2028-06-30
PREM,NEW,Tom WEST,Pilier,30,,114,Angleterre,PRO,,2029-06-30
PREM,NEW,Vincent GIUDICELLI,Ailier,29,,108,France,PRO,,2028-06-30
PREM,NEW,Werner KOK,Ailier,33,,107,Afrique du sud,PRO,,2029-06-30
PREM,NEW,Will RIGG,Centre,26,,109,Angleterre,PRO,,2029-06-30
PREM,NEW,Zack HENRY,Ouverture,31,,82,Angleterre,PRO,,2029-06-30
PREM,NEW,Zuriel TOGIATAMA,Talonneur,27,,101,Nouvelle-Zélande,PRO,,2029-06-30
PREM,SAL,Aaron REED,Ailier,27,,97,Angleterre,PRO,,2030-06-30
PREM,SAL,Alex LOZOWSKI,Centre,33,,99,Angleterre,PRO,,2030-06-30
PREM,SAL,Alex WILLS,Ailier,22,,90,Angleterre,PRO,,2029-06-30
PREM,SAL,Alfie LONGSTAFF,Talonneur,20,,120,Angleterre,PRO,,2030-06-30
PREM,SAL,Archie GRIFFIN,Pilier,25,,136,Australie,PRO,,2029-06-30
PREM,SAL,Arthur CORDWELL,Pilier,27,,108,Angleterre,PRO,,2028-06-30
PREM,SAL,Asher OPOKU,Pilier,22,,116,Angleterre,PRO,,2029-06-30
PREM,SAL,Ben BAMBER,2ème ligne,25,,128,Angleterre,PRO,,2031-06-30
PREM,SAL,Ben CURRY,3ème ligne,28,,103,Angleterre,PRO,,2028-06-30
PREM,SAL,Beno OBANO,Pilier,31,,115,Angleterre,PRO,,2029-06-30
PREM,SAL,Bevan RODD,Pilier,26,,103,Ecosse,PRO,,2028-06-30
PREM,SAL,Cebo DLAMINI,Pilier,24,,119,Afrique du sud,PRO,,2029-06-30
PREM,SAL,Charlie BRAY,3ème ligne,18,,,Angleterre,PRO,,2029-06-30
PREM,SAL,Charlie EWELS,Centre,31,,125,Angleterre,PRO,,2029-06-30
PREM,SAL,Christ TSHIUNZA,3ème ligne,24,,125,République démocratique du Congo,PRO,,2028-06-30
PREM,SAL,Courtney LAWES,3ème ligne,37,,112,Angleterre,PRO,,2029-06-30
PREM,SAL,David OPOKU,Ailier,23,,93,Angleterre,PRO,,2029-06-30
PREM,SAL,Dom HANSON,Mêlée,20,,,Angleterre,PRO,,2029-06-30
PREM,SAL,Dylan HODKINSON,2ème ligne,,,,Angleterre,PRO,,2029-06-30
PREM,SAL,Elia CANAKAIVATA,3ème ligne,30,,104,Fidji,PRO,,2029-06-30
PREM,SAL,Elliot STOOKE,Ailier,33,,110,Angleterre,PRO,,2029-06-30
PREM,SAL,Ernst VAN RHYN,2ème ligne,29,,122,Afrique du sud,PRO,,2030-06-30
PREM,SAL,Ethan CAINE,Talonneur,25,,90,Angleterre,PRO,,2029-06-30
PREM,SAL,George FORD,Ouverture,33,,89,Angleterre,PRO,,2031-06-30
PREM,SAL,Gus WARR,Mêlée,27,,91,Ecosse,PRO,,2029-06-30
PREM,SAL,Hame FAIVA,3ème ligne,32,,95,Nouvelle-Zélande,PRO,,2027-06-30
PREM,SAL,JJ SCHEEPERS,2ème ligne,28,,127,Afrique du sud,PRO,,2029-06-30
PREM,SAL,Jacques DU PLESSIS,Arrière,33,,110,Afrique du sud,PRO,,2027-06-30
PREM,SAL,Jacques VERMEULEN,3ème ligne,31,,117,Afrique du sud,PRO,,2028-06-30
PREM,SAL,Jasper SPANDLER,3ème ligne,23,,101,Angleterre,PRO,,2028-06-30
PREM,SAL,Joe CARPENTER,Arrière,25,,,Angleterre,PRO,,2031-06-30
PREM,SAL,Joe MARCHANT,Centre,30,,81,Angleterre,PRO,,2028-06-30
PREM,SAL,Johannes JONKER,Talonneur,32,,125,Afrique du sud,PRO,,2029-06-30
PREM,SAL,John STEWART,3ème ligne,24,,106,Angleterre,PRO,,2028-06-30
PREM,SAL,Jos GILMORE,3ème ligne,20,,,Angleterre,PRO,,2029-06-30
PREM,SAL,Juan SCHOEMAN,2ème ligne,35,,125,Afrique du sud,PRO,,2028-06-30
PREM,SAL,Kieran VERDEN,2ème ligne,27,,120,Angleterre,PRO,,2028-06-30
PREM,SAL,Luke COWAN-DICKIE,Talonneur,33,,100,Angleterre,PRO,,2029-06-30
PREM,SAL,Luke JAMES,Arrière,27,,113,Angleterre,PRO,,2031-06-30
PREM,SAL,Marius LOUW,Centre,30,,83,Afrique du sud,PRO,,2029-06-30
PREM,SAL,Mikey SUMMERFIELD,2ème ligne,23,,113,Angleterre,PRO,,2028-06-30
PREM,SAL,Nathan JIBULU,Talonneur,23,,115,Angleterre,PRO,,2031-06-30
PREM,SAL,Niall ANNETT,Mêlée,35,,129,Irlande,PRO,,2028-06-30
PREM,SAL,Nicky SMITH,Pilier,32,,115,Pays-de-Galles,PRO,,2031-06-30
PREM,SAL,Ollie DAVIES,Ouverture,19,,,Angleterre,PRO,,2029-06-30
PREM,SAL,Patreece BELL,Pilier,22,,123,Angleterre,PRO,,2028-06-30
PREM,SAL,Ponipate LOGANIMASI,Ailier,28,,79,Fidji,PRO,,2030-06-30
PREM,SAL,Ralph MCEACHRAN,Pilier,21,,125,Angleterre,PRO,,2028-06-30
PREM,SAL,Rekeiti MA'ASI-WHITE,Centre,23,,105,Angleterre,PRO,,2030-06-30
PREM,SAL,Reuben LOGAN,3ème ligne,21,,122,Angleterre,PRO,,2028-06-30
PREM,SAL,Sam DUGDALE,3ème ligne,27,,92,Angleterre,PRO,,2030-06-30
PREM,SAL,Scott KIRK,3ème ligne,22,,115,Angleterre,PRO,,2029-06-30
PREM,SAL,Si MCINTYRE,Pilier,35,,113,Angleterre,PRO,,2029-06-30
PREM,SAL,Thomas DU TOIT,3ème ligne,31,,121,Afrique du sud,PRO,,2029-06-30
PREM,SAL,Toby WILSON,Ailier,20,,,Angleterre,PRO,,2029-06-30
PREM,SAL,Tom BURROW,2ème ligne,21,,124,Angleterre,PRO,,2028-06-30
PREM,SAL,Tom CURRY,3ème ligne,28,,103,Angleterre,PRO,,2029-06-30
PREM,SAL,Tom DUNN,Ouverture,33,,115,Angleterre,PRO,,2028-06-30
PREM,SAL,Tom O'FLAHERTY,Ailier,32,,76,Angleterre,PRO,,2028-06-30
PREM,SAL,Tom ROEBUCK,Ailier,25,,97,Angleterre,PRO,,2029-06-30
PREM,SAL,Tomas FRANCIS,Pilier,34,,131,Angleterre,PRO,,2029-06-30
PREM,SAL,Tristan WOODMAN,3ème ligne,22,,113,Angleterre,PRO,,2028-06-30
PREM,SAL,Tye RAYMONT,Pilier,21,,110,Angleterre,PRO,,2029-06-30
PREM,SAL,Will STUART,3ème ligne,30,,135,Angleterre,PRO,,2028-06-30
PREM,SAL,Xavier ROE,Mêlée,27,,90,Nouvelle-Zélande,PRO,,2029-06-30
PREM,HAR,Alex DOMBRANDT,3ème ligne,29,,126,Angleterre,PRO,,2028-06-30
PREM,HAR,Alfie BOWMAN,Mêlée,18,,,Angleterre,PRO,,2028-06-30
PREM,HAR,Ashton GRAHAM,Talonneur,19,,,Angleterre,PRO,,2028-06-30
PREM,HAR,Ben WAGHORN,Centre,22,,83,Angleterre,PRO,,2028-06-30
PREM,HAR,Boris WENGER,Talonneur,24,,116,Argentine,PRO,,2028-06-30
PREM,HAR,Bryn BRADLEY,Centre,23,,92,Pays-de-Galles,PRO,,2028-06-30
PREM,HAR,Cadan MURLEY,Ailier,27,,105,Angleterre,PRO,,2028-06-30
PREM,HAR,Cameron ANDERSON,Ailier,27,,105,Ecosse,PRO,,2029-06-30
PREM,HAR,Cassius CLEAVES,Ailier,23,,84,Angleterre,PRO,,2029-06-30
PREM,HAR,Chandler CUNNINGHAM-SOUTH,3ème ligne,23,,127,Angleterre,PRO,,2029-06-30
PREM,HAR,Connor SLEVIN,Ouverture,23,,102,Angleterre,PRO,,2029-06-30
PREM,HAR,Denis MARCHOIS,Centre,32,,120,France,PRO,,2027-06-30
PREM,HAR,Edward SIGAUKE,Ailier,22,,68,Zimbabwe,PRO,,2029-06-30
PREM,HAR,Ethan CLARKE,Pilier,22,,122,Angleterre,PRO,,2028-06-30
PREM,HAR,Facundo BOSCH,3ème ligne,35,,100,Argentine,PRO,,2027-06-30
PREM,HAR,Fin BAXTER,Pilier,24,,125,Angleterre,PRO,,2029-06-30
PREM,HAR,Franklin MCMILLAN,Centre,21,,77,Angleterre,PRO,,2029-06-30
PREM,HAR,George FURBANK,Arrière,29,,84,Angleterre,PRO,,2030-06-30
PREM,HAR,Guido PETTI,2ème ligne,31,,101,Argentine,PRO,,2029-06-30
PREM,HAR,Harry BROWNE,2ème ligne,22,,96,Angleterre,PRO,,2029-06-30
PREM,HAR,Harry JOHNSON-HOLMES,Pilier,29,,131,Australie,PRO,,2028-06-30
PREM,HAR,Harry WILLIAMS,Pilier,34,,141,Angleterre,PRO,,2028-06-30
PREM,HAR,Jack KENNINGHAM,3ème ligne,26,,105,Angleterre,PRO,,2029-06-30
PREM,HAR,Jack MUSK,Talonneur,26,,91,Angleterre,PRO,,2028-06-30
PREM,HAR,Jack WALKER,Talonneur,30,,115,Angleterre,PRO,,2029-06-30
PREM,HAR,Jake SPURWAY,2ème ligne,22,,90,Ecosse,PRO,,2028-06-30
PREM,HAR,James CHISHOLM,3ème ligne,31,,122,Angleterre,PRO,,2029-06-30
PREM,HAR,James DUN,2ème ligne,27,,136,Angleterre,PRO,,2028-06-30
PREM,HAR,James LANG,Ouverture,31,,86,Angleterre,PRO,,2029-06-30
PREM,HAR,Jamie MILLER,Pilier,20,,100,Angleterre,PRO,,2029-06-30
PREM,HAR,Jonny GREEN,2ème ligne,22,,115,Angleterre,PRO,,2029-06-30
PREM,HAR,Josh BELLAMY,Ouverture,21,,88,Angleterre,PRO,,2029-06-30
PREM,HAR,Kieran TREADWELL,2ème ligne,30,,113,Irlande,PRO,,2029-06-30
PREM,HAR,Leo DICKINSON,3ème ligne,18,,,Angleterre,PRO,,2029-06-30
PREM,HAR,Louis ORTOLAN,3ème ligne,24,,91,France,PRO,,2029-06-30
PREM,HAR,Lucas FRIDAY,Mêlée,20,,78,Angleterre,PRO,,2031-06-30
PREM,HAR,Lucas SCHMID,3ème ligne,21,,115,Angleterre,PRO,,2028-06-30
PREM,HAR,Ludo KOLADE,Centre,22,,106,Ecosse,PRO,,2029-06-30
PREM,HAR,Luke NORTHMORE,Centre,29,,95,Angleterre,PRO,,2028-06-30
PREM,HAR,Luke TAGI,Pilier,29,,121,Fidji,PRO,,2027-06-30
PREM,HAR,Marcus SMITH,Ouverture,27,,77,Angleterre,PRO,,2029-06-30
PREM,HAR,Martin VILLAR,Pilier,23,,137,Argentine,PRO,,2029-06-30
PREM,HAR,Matis PERCHAUD,Pilier,24,,109,France,PRO,,2029-06-30
PREM,HAR,Nick DAVID,Ailier,27,,101,Angleterre,PRO,,2028-06-30
PREM,HAR,Oscar BEARD,Centre,24,,107,Angleterre,PRO,,2029-06-30
PREM,HAR,Osman DIMEN,Pilier,28,,108,Angleterre,PRO,,2028-06-30
PREM,HAR,Pascal COTET,Talonneur,32,,128,France,PRO,,2028-06-30
PREM,HAR,Pedro DELGADO,Pilier,29,,140,Argentine,PRO,,2028-06-30
PREM,HAR,Pierre CASTILLON,Talonneur,23,,113,France,PRO,,2029-06-30
PREM,HAR,Pieter SCHOLTZ,2ème ligne,32,,144,Afrique du sud,PRO,,2028-06-30
PREM,HAR,Quentin BÉTHUNE,2ème ligne,31,,105,France,PRO,,2027-06-30
PREM,HAR,Rodrigo ISGRÓ,Ailier,27,,118,Argentine,PRO,,2028-06-30
PREM,HAR,Sam RILEY,Talonneur,25,,98,Angleterre,PRO,,2028-06-30
PREM,HAR,Sampie SWIEGERS,Pilier,27,,101,Afrique du sud,PRO,,2028-06-30
PREM,HAR,Sean KERR,Centre,21,,106,Angleterre,PRO,,2029-06-30
PREM,HAR,Sean SHARP,Arrière,20,,,Angleterre,PRO,,2029-06-30
PREM,HAR,Seb DRISCOLL,3ème ligne,23,,95,Pays-de-Galles,PRO,,2028-06-30
PREM,HAR,Simon KERROD,Pilier,34,,124,Afrique du sud,PRO,,2028-06-30
PREM,HAR,Sitiveni VASUTURAGA,Pilier,,,,Fidji,PRO,,2029-06-30
PREM,HAR,Stu TOWNSEND,Mêlée,30,,96,Angleterre,PRO,,2028-06-30
PREM,HAR,Swan CORMENIER,2ème ligne,30,,112,France,PRO,,2028-06-30
PREM,HAR,Tevita TATAFU,3ème ligne,23,,125,Tonga,PRO,,2028-06-30
PREM,HAR,Theo POVEY,Ailier,19,,,Angleterre,PRO,,2029-06-30
PREM,HAR,Thomas ACQUIER,Ouverture,36,,115,France,PRO,,2029-06-30
PREM,HAR,Titi LAMOSITELE,Pilier,31,,129,Etats-Unis,PRO,,2028-06-30
PREM,HAR,Tyrone GREEN,Ailier,28,,83,Afrique du sud,PRO,,2029-06-30
PREM,HAR,Vincent GIUDICELLI,Ouverture,29,,92,France,PRO,,2028-06-30
PREM,HAR,Will EVANS,3ème ligne,29,,105,Angleterre,PRO,,2029-06-30
PREM,HAR,Will HOBSON,Pilier,23,,141,Angleterre,PRO,,2028-06-30
PREM,HAR,Will PORTER,Mêlée,27,,84,Angleterre,PRO,,2029-06-30
PREM,HAR,Zach CARR,3ème ligne,22,,110,Angleterre,PRO,,2028-06-30
URC,BUL,Akker VAN DER MERWE,Talonneur,35,,94,Afrique du sud,PRO,,2028-06-30
URC,BUL,Alex MANN,Ouverture,24,,98,Pays-de-Galles,PRO,,2029-06-30
URC,BUL,Alulutho TSHAKWENI,Pilier,28,,116,Afrique du sud,PRO,,2030-06-30
URC,BUL,Alun LAWRENCE,Centre,28,,113,Pays-de-Galles,PRO,,2028-06-30
URC,BUL,Ben DONNELL,3ème ligne,26,,139,Angleterre,PRO,,2028-06-30
URC,BUL,Cameron HANEKOM,3ème ligne,24,,114,Afrique du sud,PRO,,2030-06-30
URC,BUL,Canan MOODIE,Ailier,23,,107,Afrique du sud,PRO,,2028-06-30
URC,BUL,Cheswill JOOSTE,Ailier,20,,73,Afrique du sud,PRO,,2032-06-30
URC,BUL,Ciaran PARKER,Pilier,30,,111,Angleterre,PRO,,2029-06-30
URC,BUL,Cobus WIESE,2ème ligne,29,,119,Afrique du sud,PRO,,2030-06-30
URC,BUL,Corey DOMACHOWSKI,Pilier,30,,134,Pays-de-Galles,PRO,,2029-06-30
URC,BUL,Curwin BOSCH,Ouverture,29,,83,Afrique du sud,PRO,,2030-06-30
URC,BUL,Dafydd HUGHES,3ème ligne,30,,117,Pays-de-Galles,PRO,,2028-06-30
URC,BUL,Demitre ERASMUS,Centre,21,,95,Afrique du sud,PRO,,2029-06-30
URC,BUL,Devon WILLIAMS,Arrière,34,,67,Afrique du sud,PRO,,2029-06-30
URC,BUL,Dylan MAART,Ailier,30,,69,Afrique du sud,PRO,,2029-06-30
URC,BUL,Dylan SMITH,Pilier,32,,106,Afrique du sud,PRO,,2028-06-30
URC,BUL,Efan DANIEL,3ème ligne,23,,107,Pays-de-Galles,PRO,,2029-06-30
URC,BUL,Ellis JENKINS,Centre,33,,99,Pays-de-Galles,PRO,,2029-06-30
URC,BUL,Elrigh LOUW,3ème ligne,27,,106,Afrique du sud,PRO,,2028-06-30
URC,BUL,Embrose PAPIER,Mêlée,29,,73,Afrique du sud,PRO,,2029-06-30
URC,BUL,Evan LLOYD,3ème ligne,24,,107,Pays-de-Galles,PRO,,2029-06-30
URC,BUL,François KLOPPER,Pilier,27,,125,Afrique du sud,PRO,,2030-06-30
URC,BUL,Gerhard STEENEKAMP,Pilier,29,,143,Afrique du sud,PRO,,2030-06-30
URC,BUL,Hakeem KUNENE,Arrière,23,,101,Afrique du sud,PRO,,2031-06-30
URC,BUL,Handré POLLARD,Ouverture,32,,86,Afrique du sud,PRO,,2029-06-30
URC,BUL,Hanro LIEBENBERG,3ème ligne,30,,128,Afrique du sud,PRO,,2031-06-30
URC,BUL,Harold VORSTER,Centre,32,,86,Afrique du sud,PRO,,2028-06-30
URC,BUL,Heinrich THERON,2ème ligne,20,,110,Afrique du sud,PRO,,2030-06-30
URC,BUL,JF VAN HEERDEN,2ème ligne,22,,136,Afrique du sud,PRO,,2031-06-30
URC,BUL,JJ THERON,3ème ligne,21,,95,Afrique du sud,PRO,,2030-06-30
URC,BUL,Jaco GROBBELAAR,3ème ligne,21,,121,Afrique du sud,PRO,,2029-06-30
URC,BUL,James BOTHAM,Ailier,28,,99,Pays-de-Galles,PRO,,2028-06-30
URC,BUL,Jan-Hendrik WESSELS,Talonneur,25,,120,Afrique du sud,PRO,,2029-06-30
URC,BUL,Janco UYS,Talonneur,26,,113,Afrique du sud,PRO,,2029-06-30
URC,BUL,Jean ERASMUS,Pilier,21,,113,Afrique du sud,PRO,,2031-06-30
URC,BUL,Jeandré RUDOLPH,3ème ligne,32,,103,Afrique du sud,PRO,,2029-06-30
URC,BUL,Johan GROBBELAAR,Talonneur,28,,90,Afrique du sud,PRO,,2032-06-30
URC,BUL,Josh REYNOLDS,Pilier,27,,125,Pays-de-Galles,PRO,,2029-06-30
URC,BUL,Juann ELSE,Talonneur,23,,91,Afrique du sud,PRO,,2030-06-30
URC,BUL,Katlego LETEBELE,Centre,22,,96,Afrique du sud,PRO,,2028-06-30
URC,BUL,Keagan JOHANNES,Mêlée,26,,64,Afrique du sud,PRO,,2030-06-30
URC,BUL,Keiron ASSIRATTI,Pilier,29,,123,Pays-de-Galles,PRO,,2028-06-30
URC,BUL,Khutha MCHUNU,Pilier,29,,125,Afrique du sud,PRO,,2029-06-30
URC,BUL,Liam BELCHER,3ème ligne,30,,105,Pays-de-Galles,PRO,,2029-06-30
URC,BUL,Lopeti TIMANI,Ailier,36,,118,Tonga,PRO,,2028-06-30
URC,BUL,Lucas DE LA RUA,Arrière,22,,108,Pays-de-Galles,PRO,,2029-06-30
URC,BUL,Marcell COETZEE,3ème ligne,35,,130,Afrique du sud,PRO,,2028-06-30
URC,BUL,Marco VAN STADEN,3ème ligne,31,,125,Afrique du sud,PRO,,2029-06-30
URC,BUL,Mawande MDANDA,Pilier,23,,138,Afrique du sud,PRO,,2030-06-30
URC,BUL,Mornay SMITH,Pilier,28,,132,Afrique du sud,PRO,,2031-06-30
URC,BUL,Mpilo GUMEDE,3ème ligne,26,,99,Afrique du sud,PRO,,2030-06-30
URC,BUL,Nama XABA,3ème ligne,29,,110,Afrique du sud,PRO,,2029-06-30
URC,BUL,Neil LE ROUX,Mêlée,23,,62,Afrique du sud,PRO,,2029-06-30
URC,BUL,Nicolaas JANSE VAN RENSBURG,2ème ligne,32,,122,Afrique du sud,PRO,,2029-06-30
URC,BUL,Nizaam CARR,3ème ligne,35,,106,Afrique du sud,PRO,,2029-06-30
URC,BUL,Paul DE WET,Mêlée,30,,88,Afrique du sud,PRO,,2029-06-30
URC,BUL,Reinhardt LUDWIG,2ème ligne,24,,100,Afrique du sud,PRO,,2030-06-30
URC,BUL,Rhys BARRATT,Talonneur,23,,102,Pays-de-Galles,PRO,,2028-06-30
URC,BUL,Rhys CARRÉ,2ème ligne,28,,123,Pays-de-Galles,PRO,,2028-06-30
URC,BUL,Rhys LITTERICK,2ème ligne,27,,135,Angleterre,PRO,,2029-06-30
URC,BUL,Riyaad BAM,Ailier,21,,96,Afrique du sud,PRO,,2029-06-30
URC,BUL,Rory THORNTON,Mêlée,31,,127,Pays-de-Galles,PRO,,2029-06-30
URC,BUL,Ruan VERMAAK,2ème ligne,28,,125,Afrique du sud,PRO,,2029-06-30
URC,BUL,Sango XAMLASHE,Centre,27,,110,Afrique du sud,PRO,,2029-06-30
URC,BUL,Seb DAVIES,Mêlée,30,,113,Pays-de-Galles,PRO,,2028-06-30
URC,BUL,Sebastian DE KLERK,Ailier,26,,90,Afrique du sud,PRO,,2029-06-30
URC,BUL,Sergeal PETERSEN,Ailier,32,,73,Afrique du sud,PRO,,2029-06-30
URC,BUL,Stedman GANS,Centre,29,,97,Afrique du sud,PRO,,2029-06-30
URC,BUL,Sti SITHOLE,Pilier,33,,112,Afrique du sud,PRO,,2029-06-30
URC,BUL,Stravino JACOBS,Ailier,26,,105,Afrique du sud,PRO,,2029-06-30
URC,BUL,Thaakir ABRAHAMS,Ailier,27,,78,Afrique du sud,PRO,,2030-06-30
URC,BUL,Will DAVIES-KING,2ème ligne,28,,116,Angleterre,PRO,,2029-06-30
URC,BUL,Willie LE ROUX,Arrière,37,,89,Afrique du sud,PRO,,2029-06-30
URC,BUL,Zak BURGER,Mêlée,28,,81,Afrique du sud,PRO,,2028-06-30
URC,SHA,Akker VAN DER MERWE,2ème ligne,35,,98,Afrique du sud,PRO,,2028-06-30
URC,SHA,Albie BESTER,Centre,21,,95,Afrique du sud,PRO,,2028-06-30
URC,SHA,André ESTERHUIZEN,Centre,32,,110,Afrique du sud,PRO,,2032-06-30
URC,SHA,Bongi MBONAMBI,Talonneur,35,,128,Afrique du sud,PRO,,2029-06-30
URC,SHA,Bradley DAVIDS,Mêlée,24,,93,Afrique du sud,PRO,,2030-06-30
URC,SHA,Cameron HANEKOM,Centre,24,,95,Afrique du sud,PRO,,2028-06-30
URC,SHA,Cammy DAWSON,Pilier,27,,113,Afrique du sud,PRO,,2030-06-30
URC,SHA,Ceano EVERSON,Mêlée,21,,50,Afrique du sud,PRO,,2028-06-30
URC,SHA,Coetzee LE ROUX,2ème ligne,23,,110,Afrique du sud,PRO,,2028-06-30
URC,SHA,Corné RAHL,2ème ligne,24,,137,Afrique du sud,PRO,,2029-06-30
URC,SHA,Cyle BRINK,Centre,32,,114,Afrique du sud,PRO,,2028-06-30
URC,SHA,Darrien LANDSBERG,2ème ligne,28,,126,Zimbabwe,PRO,,2029-06-30
URC,SHA,Deon SLABBERT,3ème ligne,26,,126,Afrique du sud,PRO,,2029-06-30
URC,SHA,Dian HEUNIS,Pilier,23,,120,Afrique du sud,PRO,,2029-06-30
URC,SHA,Donovan DON,Ailier,24,,68,Afrique du sud,PRO,,2029-06-30
URC,SHA,Dylan SMITH,Pilier,32,,107,Afrique du sud,PRO,,2027-06-30
URC,SHA,Eben ETZEBETH,2ème ligne,34,,125,Afrique du sud,PRO,,2028-06-30
URC,SHA,Eduan SWART,Talonneur,25,,105,Afrique du sud,PRO,,2030-06-30
URC,SHA,Edwill VAN DER MERWE,Ailier,30,,79,Afrique du sud,PRO,,2029-06-30
URC,SHA,Elrigh LOUW,Centre,27,,100,Afrique du sud,PRO,,2028-06-30
URC,SHA,Emile VAN HEERDEN,2ème ligne,26,,107,Afrique du sud,PRO,,2031-06-30
URC,SHA,Esethu MNEBELELE,Talonneur,20,,123,Afrique du sud,PRO,,2028-06-30
URC,SHA,Ethan BESTER,Talonneur,21,,102,Afrique du sud,PRO,,2029-06-30
URC,SHA,Ethan HOOKER,Centre,23,,95,Afrique du sud,PRO,,2031-06-30
URC,SHA,Fez MBATHA,Talonneur,27,,100,Afrique du sud,PRO,,2031-06-30
URC,SHA,François KLOPPER,Pilier,27,,129,Afrique du sud,PRO,,2028-06-30
URC,SHA,Gerhard STEENEKAMP,Pilier,29,,135,Afrique du sud,PRO,,2030-06-30
URC,SHA,Gianni LOMBARD,Ouverture,28,,83,Afrique du sud,PRO,,2031-06-30
URC,SHA,Hanro JACOBS,Pilier,26,,133,Afrique du sud,PRO,,2028-06-30
URC,SHA,Hendré STASSEN,3ème ligne,28,,128,Afrique du sud,PRO,,2028-06-30
URC,SHA,Ivan VAN ZYL,Mêlée,31,,97,Afrique du sud,PRO,,2028-06-30
URC,SHA,JF VAN HEERDEN,Mêlée,22,,121,Afrique du sud,PRO,,2028-06-30
URC,SHA,Jaco WILLIAMS,Ailier,21,,68,Afrique du sud,PRO,,2029-06-30
URC,SHA,Jaden HENDRIKSE,Mêlée,26,,91,Afrique du sud,PRO,,2028-06-30
URC,SHA,Jan-Hendrik WESSELS,2ème ligne,25,,110,Afrique du sud,PRO,,2028-06-30
URC,SHA,Janco PURCHASE,Centre,20,,97,Afrique du sud,PRO,,2029-06-30
URC,SHA,Janko SWANEPOEL,Mêlée,27,,102,Afrique du sud,PRO,,2028-06-30
URC,SHA,Jannes KIRSTEN,Mêlée,32,,115,Afrique du sud,PRO,,2027-06-30
URC,SHA,Jason JENKINS,2ème ligne,30,,120,Afrique du sud,PRO,,2028-06-30
URC,SHA,Joe VAN ZYL,2ème ligne,27,,121,Afrique du sud,PRO,,2028-06-30
URC,SHA,Johan GROBBELAAR,2ème ligne,28,,119,Afrique du sud,PRO,,2029-06-30
URC,SHA,Johan MOMSEN,2ème ligne,31,,107,Afrique du sud,PRO,,2028-06-30
URC,SHA,Jordan HENDRIKSE,Ouverture,25,,87,Afrique du sud,PRO,,2028-06-30
URC,SHA,Juan LOOTS,Mêlée,21,,,Afrique du sud,PRO,,2029-06-30
URC,SHA,Jurenzo JULIUS,Centre,22,,106,Afrique du sud,PRO,,2031-06-30
URC,SHA,Khutha MCHUNU,Pilier,29,,128,Afrique du sud,PRO,,2028-06-30
URC,SHA,Khuthadzo RASIVHAGA,Ailier,19,,79,Afrique du sud,PRO,,2029-06-30
URC,SHA,Lee-Marvin MAZIBUKO,Pilier,28,,98,Afrique du sud,PRO,,2028-06-30
URC,SHA,Liam VAN WYK,Talonneur,19,,102,Afrique du sud,PRO,,2028-06-30
URC,SHA,Litelihle BESTER,Centre,22,,98,Afrique du sud,PRO,,2029-06-30
URC,SHA,Luan GILIOMEE,Arrière,20,,84,Afrique du sud,PRO,,2029-06-30
URC,SHA,Lyle MATTHEWS,Centre,,,,Afrique du sud,PRO,,2029-06-30
URC,SHA,Ma'a NONU,Centre,44,,121,Nouvelle-Zélande,PRO,,2029-06-30
URC,SHA,Makazole MAPIMPI,Ailier,36,,101,Afrique du sud,PRO,,2029-06-30
URC,SHA,Manu TSHITUKA,3ème ligne,26,,105,République démocratique du Congo,PRO,,2032-06-30
URC,SHA,Marcell COETZEE,Ailier,35,,118,Afrique du sud,PRO,,2029-06-30
URC,SHA,Marco VAN STADEN,Ailier,31,,108,Afrique du sud,PRO,,2028-06-30
URC,SHA,Matt ROMAO,3ème ligne,21,,120,Afrique du sud,PRO,,2030-06-30
URC,SHA,Matthew FORTUIN,Ailier,,,,Afrique du sud,PRO,,2028-06-30
URC,SHA,Merwe OLIVIER,Ouverture,23,,100,Afrique du sud,PRO,,2028-06-30
URC,SHA,Mihlali MOSI,Ailier,30,,104,Afrique du sud,PRO,,2027-06-30
URC,SHA,Mornay SMITH,Pilier,28,,106,Afrique du sud,PRO,,2028-06-30
URC,SHA,Mpilo GUMEDE,Ailier,26,,106,Afrique du sud,PRO,,2030-06-30
URC,SHA,Muller UYS,Arrière,28,,112,Afrique du sud,PRO,,2028-06-30
URC,SHA,Murray KOSTER,Centre,27,,93,Afrique du sud,PRO,,2029-06-30
URC,SHA,Nemo ROELOFSE,Pilier,31,,113,Afrique du sud,PRO,,2031-06-30
URC,SHA,Nick HATTON,3ème ligne,23,,108,Afrique du sud,PRO,,2031-06-30
URC,SHA,Ox NCHÉ,Pilier,31,,116,Afrique du sud,PRO,,2030-06-30
URC,SHA,Phatu GANYANE,Pilier,23,,120,Afrique du sud,PRO,,2031-06-30
URC,SHA,Phepsi BUTHELEZI,3ème ligne,27,,120,Afrique du sud,PRO,,2030-06-30
URC,SHA,Phiko SOBAHLE,Ailier,30,,83,Afrique du sud,PRO,,2029-06-30
URC,SHA,Rambo KUBHEKA,Pilier,20,,115,Afrique du sud,PRO,,2030-06-30
URC,SHA,Reinhardt LUDWIG,Ouverture,24,,123,Afrique du sud,PRO,,2029-06-30
URC,SHA,Robert HUNT,Pilier,30,,110,Afrique du sud,PRO,,2028-06-30
URC,SHA,Ross BRAUDE,Mêlée,26,,77,Afrique du sud,PRO,,2028-06-30
URC,SHA,Ruan NORTJÉ,Centre,28,,115,Afrique du sud,PRO,,2028-06-30
URC,SHA,Ruan VERMAAK,Centre,28,,112,Afrique du sud,PRO,,2028-06-30
URC,SHA,Seb LOMBARD,Talonneur,23,,128,Afrique du sud,PRO,,2029-06-30
URC,SHA,Simphiwe MATANZIMA,Talonneur,29,,107,Afrique du sud,PRO,,2029-06-30
URC,SHA,Simphiwe NGOBESE,Pilier,21,,107,Afrique du sud,PRO,,2030-06-30
URC,SHA,Siya MASUKU,Ouverture,30,,108,Afrique du sud,PRO,,2030-06-30
URC,SHA,Stephan LEWIES,2ème ligne,34,,115,Afrique du sud,PRO,,2028-06-30
URC,SHA,Suleiman HARTZENBERG,Centre,23,,92,Afrique du sud,PRO,,2029-06-30
URC,SHA,Thomas DU TOIT,Pilier,31,,144,Afrique du sud,PRO,,2029-06-30
URC,SHA,Thomas DYER,2ème ligne,21,,127,Afrique du sud,PRO,,2029-06-30
URC,SHA,Tiaan LANGE,3ème ligne,24,,111,Afrique du sud,PRO,,2028-06-30
URC,SHA,Tielman NIEUWOUDT,Talonneur,24,,136,Afrique du sud,PRO,,2028-06-30
URC,SHA,Tino MAVESERE,3ème ligne,27,,94,Zimbabwe,PRO,,2030-06-30
URC,SHA,Trevor NYAKANE,Pilier,37,,136,Afrique du sud,PRO,,2028-06-30
URC,SHA,Vincent KOCH,Pilier,36,,110,Afrique du sud,PRO,,2030-06-30
URC,SHA,Vincent TSHITUKA,3ème ligne,28,,124,République démocratique du Congo,PRO,,2030-06-30
URC,SHA,Vusi MOYO,Ouverture,20,,81,Afrique du sud,PRO,,2031-06-30
URC,SHA,Wilco LOUW,2ème ligne,32,,157,Afrique du sud,PRO,,2027-06-30
URC,SHA,Yaw PENXE,Ailier,29,,103,Afrique du sud,PRO,,2029-06-30
URC,SHA,Zekhethelo SIYAYA,Arrière,19,,102,Afrique du sud,PRO,,2029-06-30
URC,STO,Adré SMITH,2ème ligne,29,,134,Afrique du sud,PRO,,2029-06-30
URC,STO,Akker VAN DER MERWE,3ème ligne,35,,102,Afrique du sud,PRO,,2028-06-30
URC,STO,André Riaan WARNER,Mêlée,33,,103,Afrique du sud,PRO,,2028-06-30
URC,STO,André-Hugo VENTER,Talonneur,25,,106,Afrique du sud,PRO,,2031-06-30
URC,STO,Ben-Jason DIXON,2ème ligne,28,,112,Afrique du sud,PRO,,2029-06-30
URC,STO,Cameron HANEKOM,Ailier,24,,104,Afrique du sud,PRO,,2028-06-30
URC,STO,Cheslin KOLBE,Ailier,32,,72,Afrique du sud,PRO,,2031-06-30
URC,STO,Cobus REINACH,Mêlée,36,,77,Afrique du sud,PRO,,2028-06-30
URC,STO,Connor EVANS,2ème ligne,24,,126,Afrique du sud,PRO,,2029-06-30
URC,STO,Cyle BRINK,Arrière,32,,104,Afrique du sud,PRO,,2029-06-30
URC,STO,Damian WILLEMSE,Arrière,28,,102,Afrique du sud,PRO,,2029-06-30
URC,STO,Deon FOURIE,3ème ligne,40,,101,Afrique du sud,PRO,,2028-06-30
URC,STO,Deon SLABBERT,Mêlée,26,,108,Afrique du sud,PRO,,2028-06-30
URC,STO,Divan FULLER,3ème ligne,21,,88,Afrique du sud,PRO,,2029-06-30
URC,STO,Dylan SMITH,Pilier,32,,112,Afrique du sud,PRO,,2029-06-30
URC,STO,Evan ROOS,3ème ligne,26,,114,Afrique du sud,PRO,,2030-06-30
URC,STO,Ezekiel NGOBENI,Mêlée,22,,82,Afrique du sud,PRO,,2028-06-30
URC,STO,François KLOPPER,Pilier,27,,125,Afrique du sud,PRO,,2028-06-30
URC,STO,Gary PORTER,2ème ligne,30,,124,Afrique du sud,PRO,,2029-06-30
URC,STO,Gerhard STEENEKAMP,Pilier,29,,142,Afrique du sud,PRO,,2029-06-30
URC,STO,Haashim PEAD,Mêlée,21,,74,Afrique du sud,PRO,,2032-06-30
URC,STO,Hacjivah DAYIMANI,3ème ligne,29,,95,Afrique du sud,PRO,,2029-06-30
URC,STO,Hencus VAN WYK,Pilier,34,,127,Afrique du sud,PRO,,2028-06-30
URC,STO,Herman LUBBE,Pilier,21,,129,Afrique du sud,PRO,,2028-06-30
URC,STO,Imad KHAN,Mêlée,22,,76,Afrique du sud,PRO,,2029-06-30
URC,STO,JD SCHICKERLING,2ème ligne,31,,123,Afrique du sud,PRO,,2029-06-30
URC,STO,JF VAN HEERDEN,Ouverture,22,,124,Afrique du sud,PRO,,2029-06-30
URC,STO,JJ KOTZÉ,Talonneur,25,,114,Afrique du sud,PRO,,2029-06-30
URC,STO,Jan-Hendrik WESSELS,3ème ligne,25,,133,Afrique du sud,PRO,,2027-06-30
URC,STO,Janko SWANEPOEL,Mêlée,27,,119,Afrique du sud,PRO,,2029-06-30
URC,STO,Jannes KIRSTEN,Ouverture,32,,129,Afrique du sud,PRO,,2028-06-30
URC,STO,Jean-Luc DU PLESSIS,Ouverture,32,,97,Afrique du sud,PRO,,2029-06-30
URC,STO,Joe VAN ZYL,3ème ligne,27,,118,Afrique du sud,PRO,,2029-06-30
URC,STO,Joel LEOTLELA,Ailier,22,,71,Afrique du sud,PRO,,2028-06-30
URC,STO,Johan GROBBELAAR,3ème ligne,28,,115,Afrique du sud,PRO,,2029-06-30
URC,STO,Jonathan ROCHE,Centre,23,,85,Afrique du sud,PRO,,2029-06-30
URC,STO,Joshua BOULLE,Centre,22,,103,Afrique du sud,PRO,,2029-06-30
URC,STO,Jurie MATTHEE,Ouverture,25,,95,Afrique du sud,PRO,,2031-06-30
URC,STO,Keke MORABE,3ème ligne,25,,120,Afrique du sud,PRO,,2030-06-30
URC,STO,Khutha MCHUNU,Pilier,29,,110,Afrique du sud,PRO,,2029-06-30
URC,STO,Kyle SMITH,Ouverture,21,,81,Afrique du sud,PRO,,2029-06-30
URC,STO,Leolin ZAS,Ailier,30,,100,Afrique du sud,PRO,,2029-06-30
URC,STO,Louw NEL,3ème ligne,24,,96,Afrique du sud,PRO,,2028-06-30
URC,STO,Luca BAKKES,Talonneur,22,,122,Afrique du sud,PRO,,2028-06-30
URC,STO,Lukhanyo VOKOZELA,Talonneur,24,,111,Afrique du sud,PRO,,2028-06-30
URC,STO,Marcel THEUNISSEN,3ème ligne,27,,91,Afrique du sud,PRO,,2029-06-30
URC,STO,Merwe OLIVIER,Centre,23,,111,Afrique du sud,PRO,,2029-06-30
URC,STO,Mfundo NDHLOVU,Ailier,29,,92,Afrique du sud,PRO,,2028-06-30
URC,STO,Mornay SMITH,Pilier,28,,125,Afrique du sud,PRO,,2027-06-30
URC,STO,Neethling FOUCHÉ,Pilier,33,,118,Afrique du sud,PRO,,2030-06-30
URC,STO,Ntuthuko MCHUNU,Pilier,27,,127,Afrique du sud,PRO,,2028-06-30
URC,STO,Oli KEBBLE,Pilier,34,,121,Afrique du sud,PRO,,2029-06-30
URC,STO,Oliver REID,Pilier,20,,108,Afrique du sud,PRO,,2028-06-30
URC,STO,Paul DE VILLIERS,3ème ligne,23,,100,Afrique du sud,PRO,,2030-06-30
URC,STO,Reinhardt LUDWIG,Centre,24,,118,Afrique du sud,PRO,,2029-06-30
URC,STO,Riley NORTON,2ème ligne,20,,116,Afrique du sud,PRO,,2028-06-30
URC,STO,Robert HUNT,Talonneur,30,,130,Afrique du sud,PRO,,2028-06-30
URC,STO,Ruan ACKERMANN,3ème ligne,30,,106,Afrique du sud,PRO,,2028-06-30
URC,STO,Ruan NORTJÉ,Centre,28,,110,Afrique du sud,PRO,,2029-06-30
URC,STO,Ruan VERMAAK,Ailier,28,,115,Afrique du sud,PRO,,2029-06-30
URC,STO,Ruhan NEL,Centre,35,,94,Afrique du sud,PRO,,2028-06-30
URC,STO,Sacha FEINBERG-MNGOMEZULU,Ouverture,24,,88,Afrique du sud,PRO,,2031-06-30
URC,STO,Sazi SANDI,Pilier,28,,137,Afrique du sud,PRO,,2029-06-30
URC,STO,Seabelo SENATLA,Ailier,33,,97,Afrique du sud,PRO,,2029-06-30
URC,STO,Seb LOMBARD,Talonneur,23,,135,Afrique du sud,PRO,,2028-06-30
URC,STO,Simphiwe MATANZIMA,2ème ligne,29,,106,Afrique du sud,PRO,,2028-06-30
URC,STO,Siya KOLISI,3ème ligne,35,,119,Afrique du sud,PRO,,2031-06-30
URC,STO,Stefan UNGERER,Mêlée,32,,83,Afrique du sud,PRO,,2028-06-30
URC,STO,Tiaan LANGE,3ème ligne,24,,103,Afrique du sud,PRO,,2028-06-30
URC,STO,Tielman NIEUWOUDT,2ème ligne,24,,117,Afrique du sud,PRO,,2028-06-30
URC,STO,Vernon MATONGO,Pilier,24,,118,Afrique du sud,PRO,,2029-06-30
URC,STO,Vernon PAULO,Talonneur,25,,106,Afrique du sud,PRO,,2029-06-30
URC,STO,Wandile MLABA,3ème ligne,21,,100,Afrique du sud,PRO,,2029-06-30
URC,STO,Wandisile SIMELANE,Centre,28,,98,Afrique du sud,PRO,,2029-06-30
URC,STO,Warrick GELANT,Arrière,31,,90,Afrique du sud,PRO,,2029-06-30
URC,STO,Wilco LOUW,2ème ligne,32,,149,Afrique du sud,PRO,,2027-06-30
URC,STO,Yaqeen AHMED,Ouverture,20,,74,Afrique du sud,PRO,,2028-06-30
URC,STO,Zach PORTHEN,Pilier,22,,131,Afrique du sud,PRO,,2028-06-30
URC,GLA,Alex CRAIG,2ème ligne,29,,113,Ecosse,PRO,,2029-06-30
URC,GLA,Alex SAMUEL,2ème ligne,23,,130,Ecosse,PRO,,2029-06-30
URC,GLA,Ally MILLER,3ème ligne,30,,106,Ecosse,PRO,,2028-06-30
URC,GLA,Angus FRASER,Talonneur,26,,102,Ecosse,PRO,,2030-06-30
URC,GLA,Archie GRIFFIN,Pilier,25,,113,Australie,PRO,,2028-06-30
URC,GLA,Arthur CORDWELL,Pilier,27,,123,Angleterre,PRO,,2029-06-30
URC,GLA,Bayley KUENZLE,Centre,28,,100,Australie,PRO,,2029-06-30
URC,GLA,Ben AFSHAR,Mêlée,23,,90,Ecosse,PRO,,2030-06-30
URC,GLA,Beno OBANO,Pilier,31,,120,Angleterre,PRO,,2029-06-30
URC,GLA,Callum REIDY,Mêlée,21,,90,Australie,PRO,,2029-06-30
URC,GLA,Charlie EWELS,Ouverture,31,,117,Angleterre,PRO,,2028-06-30
URC,GLA,Charlie SAVALA,Ouverture,26,,117,Australie,PRO,,2028-06-30
URC,GLA,Dan LANCASTER,Ouverture,25,,88,Angleterre,PRO,,2028-06-30
URC,GLA,Duncan MUNN,Centre,23,,84,Ecosse,PRO,,2028-06-30
URC,GLA,Elliot STOOKE,Centre,33,,127,Angleterre,PRO,,2028-06-30
URC,GLA,Euan FERRIE,2ème ligne,25,,99,Ecosse,PRO,,2029-06-30
URC,GLA,Fergus WATSON,Arrière,21,,87,Ecosse,PRO,,2029-06-30
URC,GLA,Fin RICHARDSON,Pilier,28,,128,Ecosse,PRO,,2028-06-30
URC,GLA,George HORNE,Mêlée,31,,90,Ecosse,PRO,,2028-06-30
URC,GLA,Gregor BROWN,2ème ligne,25,,107,Ecosse,PRO,,2029-06-30
URC,GLA,Gregor HIDDLESTON,Talonneur,24,,133,Ecosse,PRO,,2030-06-30
URC,GLA,Hame FAIVA,3ème ligne,32,,93,Nouvelle-Zélande,PRO,,2028-06-30
URC,GLA,Jack OLIVER,Mêlée,23,,87,Irlande,PRO,,2030-06-30
URC,GLA,Jacques DU PLESSIS,Centre,33,,111,Afrique du sud,PRO,,2027-06-30
URC,GLA,Jamie DOBIE,Mêlée,25,,92,Ecosse,PRO,,2030-06-30
URC,GLA,Jamie RITCHIE,3ème ligne,30,,109,Ecosse,PRO,,2030-06-30
URC,GLA,Jasper SPANDLER,3ème ligne,23,,119,Angleterre,PRO,,2029-06-30
URC,GLA,Johannes JONKER,Talonneur,32,,120,Afrique du sud,PRO,,2028-06-30
URC,GLA,John STEWART,3ème ligne,24,,95,Angleterre,PRO,,2028-06-30
URC,GLA,Johnny VENTISEI,Centre,21,,102,Ecosse,PRO,,2028-06-30
URC,GLA,Josh MCKAY,Arrière,28,,81,Nouvelle-Zélande,PRO,,2030-06-30
URC,GLA,Josh MCNALLY,Ailier,36,,131,Angleterre,PRO,,2029-06-30
URC,GLA,Juan SCHOEMAN,2ème ligne,35,,112,Afrique du sud,PRO,,2029-06-30
URC,GLA,Kerr JOHNSTON,Ailier,21,,119,Ecosse,PRO,,2029-06-30
URC,GLA,Kerr YULE,Centre,21,,96,Ecosse,PRO,,2030-06-30
URC,GLA,Kieran VERDEN,2ème ligne,27,,109,Angleterre,PRO,,2029-06-30
URC,GLA,Kyle ROWE,Arrière,28,,79,Ecosse,PRO,,2029-06-30
URC,GLA,Kyle STEYN,Centre,32,,96,Afrique du sud,PRO,,2030-06-30
URC,GLA,Macenzzie DUNCAN,3ème ligne,23,,116,Angleterre,PRO,,2028-06-30
URC,GLA,Matt FAGERSON,3ème ligne,28,,115,Ecosse,PRO,,2030-06-30
URC,GLA,Matthew URWIN,Ouverture,21,,82,Ecosse,PRO,,2028-06-30
URC,GLA,Max WILLIAMSON,2ème ligne,24,,116,Ecosse,PRO,,2029-06-30
URC,GLA,Mikey SUMMERFIELD,2ème ligne,23,,121,Angleterre,PRO,,2029-06-30
URC,GLA,Murphy WALKER,Pilier,26,,107,Ecosse,PRO,,2029-06-30
URC,GLA,Nathan MCBETH,Pilier,28,,120,Afrique du sud,PRO,,2028-06-30
URC,GLA,Niall ANNETT,Mêlée,35,,132,Irlande,PRO,,2027-06-30
URC,GLA,Ollie SMITH,Arrière,26,,84,Ecosse,PRO,,2029-06-30
URC,GLA,Olujare OGUNTIBEJU,2ème ligne,24,,109,Afrique du sud,PRO,,2029-06-30
URC,GLA,Patrick SCHICKERLING,Pilier,27,,108,Namibie,PRO,,2028-06-30
URC,GLA,Quinn ROUX,Arrière,35,,110,Afrique du sud,PRO,,2028-06-30
URC,GLA,Rory DARGE,3ème ligne,26,,95,Ecosse,PRO,,2029-06-30
URC,GLA,Rory SUTHERLAND,Pilier,34,,110,Ecosse,PRO,,2030-06-30
URC,GLA,Ruaraidh HART,2ème ligne,22,,107,Ecosse,PRO,,2029-06-30
URC,GLA,Ruwald VAN DER MERWE,3ème ligne,28,,107,Afrique du sud,PRO,,2029-06-30
URC,GLA,Ryan BURKE,2ème ligne,22,,121,Ecosse,PRO,,2029-06-30
URC,GLA,Sam TALAKAI,Pilier,35,,136,Australie,PRO,,2028-06-30
URC,GLA,Scott CUMMINGS,2ème ligne,29,,130,Ecosse,PRO,,2030-06-30
URC,GLA,Scott KIRK,2ème ligne,22,,101,Angleterre,PRO,,2029-06-30
URC,GLA,Seb STEPHEN,Talonneur,21,,127,Ecosse,PRO,,2029-06-30
URC,GLA,Sione TUIPULOTU,Centre,29,,115,Australie,PRO,,2030-06-30
URC,GLA,Stafford MCDOWALL,Centre,28,,113,Ecosse,PRO,,2029-06-30
URC,GLA,Tavi TUIPULOTU,Talonneur,22,,112,Australie,PRO,,2028-06-30
URC,GLA,Thomas DU TOIT,2ème ligne,31,,143,Afrique du sud,PRO,,2029-06-30
URC,GLA,Tom DUNN,Mêlée,33,,118,Angleterre,PRO,,2028-06-30
URC,GLA,Will STUART,3ème ligne,30,,139,Angleterre,PRO,,2028-06-30
URC,GLA,Zander FAGERSON,Pilier,30,,137,Ecosse,PRO,,2029-06-30
URC,EDI,Akker VAN DER MERWE,2ème ligne,35,,93,Afrique du sud,PRO,,2027-06-30
URC,EDI,Alec HEPBURN,Pilier,33,,101,Australie,PRO,,2029-06-30
URC,EDI,Ben MUNCASTER,3ème ligne,24,,99,Ecosse,PRO,,2029-06-30
URC,EDI,Ben VELLACOTT,Mêlée,31,,68,Angleterre,PRO,,2029-06-30
URC,EDI,Callum HUNTER-HILL,2ème ligne,29,,116,Ecosse,PRO,,2029-06-30
URC,EDI,Cameron HANEKOM,Centre,24,,111,Afrique du sud,PRO,,2029-06-30
URC,EDI,Cammy SCOTT,Ouverture,25,,90,Ecosse,PRO,,2028-06-30
URC,EDI,Charlie MCCAIG,Centre,23,,90,Angleterre,PRO,,2029-06-30
URC,EDI,Connor BOYLE,3ème ligne,26,,105,Ecosse,PRO,,2028-06-30
URC,EDI,Conor MCALPINE,Mêlée,22,,78,Ecosse,PRO,,2029-06-30
URC,EDI,Cyle BRINK,Centre,32,,123,Afrique du sud,PRO,,2029-06-30
URC,EDI,D'Arcy RAE,Pilier,31,,137,Ecosse,PRO,,2028-06-30
URC,EDI,Darcy GRAHAM,Ailier,29,,92,Ecosse,PRO,,2028-06-30
URC,EDI,Deon SLABBERT,3ème ligne,26,,123,Afrique du sud,PRO,,2028-06-30
URC,EDI,Duhan VAN DER MERWE,Ailier,31,,115,Afrique du sud,PRO,,2029-06-30
URC,EDI,Dylan RICHARDSON,3ème ligne,27,,104,Afrique du sud,PRO,,2029-06-30
URC,EDI,Dylan SMITH,Pilier,32,,108,Afrique du sud,PRO,,2027-06-30
URC,EDI,Elrigh LOUW,Centre,27,,104,Afrique du sud,PRO,,2028-06-30
URC,EDI,Euan MCVIE,2ème ligne,21,,126,Ecosse,PRO,,2029-06-30
URC,EDI,Ewan ASHMAN,Talonneur,26,,120,Canada,PRO,,2031-06-30
URC,EDI,François KLOPPER,Pilier,27,,143,Afrique du sud,PRO,,2029-06-30
URC,EDI,Freddy DOUGLAS,3ème ligne,21,,80,Ecosse,PRO,,2029-06-30
URC,EDI,Geordie GWYNN,Centre,22,,82,Angleterre,PRO,,2031-06-30
URC,EDI,Gerhard STEENEKAMP,Pilier,29,,132,Afrique du sud,PRO,,2030-06-30
URC,EDI,Glen YOUNG,2ème ligne,31,,126,Ecosse,PRO,,2029-06-30
URC,EDI,Grant GILCHRIST,2ème ligne,36,,114,Ecosse,PRO,,2029-06-30
URC,EDI,Harri MORRIS,3ème ligne,24,,89,Ecosse,PRO,,2029-06-30
URC,EDI,Harry PATERSON,Arrière,25,,98,Ecosse,PRO,,2029-06-30
URC,EDI,Hector PATTERSON,Mêlée,21,,79,Ecosse,PRO,,2029-06-30
URC,EDI,JF VAN HEERDEN,Mêlée,22,,122,Afrique du sud,PRO,,2028-06-30
URC,EDI,Jack BROWN,Arrière,21,,99,Ecosse,PRO,,2028-06-30
URC,EDI,James GRAYSON,Ouverture,28,,80,Angleterre,PRO,,2029-06-30
URC,EDI,James WHITCOMBE,Pilier,25,,114,Angleterre,PRO,,2030-06-30
URC,EDI,Jan-Hendrik WESSELS,2ème ligne,25,,129,Afrique du sud,PRO,,2027-06-30
URC,EDI,Janko SWANEPOEL,3ème ligne,27,,118,Afrique du sud,PRO,,2028-06-30
URC,EDI,Jannes KIRSTEN,Mêlée,32,,102,Afrique du sud,PRO,,2027-06-30
URC,EDI,Jerry BLYTH-LAFFERTY,Talonneur,22,,96,Ecosse,PRO,,2029-06-30
URC,EDI,Joe VAN ZYL,3ème ligne,27,,99,Afrique du sud,PRO,,2028-06-30
URC,EDI,Johan GROBBELAAR,3ème ligne,28,,93,Afrique du sud,PRO,,2029-06-30
URC,EDI,Khutha MCHUNU,Pilier,29,,128,Afrique du sud,PRO,,2028-06-30
URC,EDI,Kienan HIGGINS,Centre,26,,112,Nouvelle-Zélande,PRO,,2029-06-30
URC,EDI,Liam MCCONNELL,3ème ligne,22,,108,Ecosse,PRO,,2029-06-30
URC,EDI,Louie CHAPMAN,Mêlée,26,,99,Nouvelle-Zélande,PRO,,2030-06-30
URC,EDI,Luke CROSBIE,3ème ligne,29,,111,Ecosse,PRO,,2028-06-30
URC,EDI,Magnus BRADBURY,3ème ligne,31,,111,Ecosse,PRO,,2028-06-30
URC,EDI,Malelili SATALA,Ailier,21,,102,Fidji,PRO,,2028-06-30
URC,EDI,Marcell COETZEE,Centre,35,,130,Afrique du sud,PRO,,2028-06-30
URC,EDI,Marco VAN STADEN,Centre,31,,102,Afrique du sud,PRO,,2028-06-30
URC,EDI,Marshall SYKES,2ème ligne,26,,121,Angleterre,PRO,,2029-06-30
URC,EDI,Matt CURRIE,Centre,25,,109,Ecosse,PRO,,2028-06-30
URC,EDI,Merwe OLIVIER,Mêlée,23,,102,Afrique du sud,PRO,,2029-06-30
URC,EDI,Mihlali MOSI,Ailier,30,,107,Afrique du sud,PRO,,2027-06-30
URC,EDI,Mornay SMITH,Pilier,28,,130,Afrique du sud,PRO,,2027-06-30
URC,EDI,Mosese TUIPULOTU,Centre,25,,105,Australie,PRO,,2029-06-30
URC,EDI,Mpilo GUMEDE,Ailier,26,,118,Afrique du sud,PRO,,2030-06-30
URC,EDI,Muller UYS,Ailier,28,,120,Afrique du sud,PRO,,2028-06-30
URC,EDI,Nizaam CARR,Arrière,35,,117,Afrique du sud,PRO,,2028-06-30
URC,EDI,Ollie BLYTH-LAFFERTY,Pilier,20,,131,Ecosse,PRO,,2029-06-30
URC,EDI,Ollie DUNCAN,3ème ligne,21,,118,Ecosse,PRO,,2028-06-30
URC,EDI,Patrick HARRISON,Talonneur,24,,109,Ecosse,PRO,,2028-06-30
URC,EDI,Paul HILL,Pilier,31,,138,Angleterre,PRO,,2030-06-30
URC,EDI,Phumzile MAQONDWANA,Arrière,29,,102,Afrique du sud,PRO,,2029-06-30
URC,EDI,Pierre SCHOEMAN,Pilier,32,,122,Afrique du sud,PRO,,2029-06-30
URC,EDI,Piers O'CONOR,Centre,31,,101,Angleterre,PRO,,2029-06-30
URC,EDI,Reinhardt LUDWIG,Ouverture,24,,98,Afrique du sud,PRO,,2028-06-30
URC,EDI,Rhys LITTERICK,Pilier,27,,114,Angleterre,PRO,,2028-06-30
URC,EDI,Riley HIGGINS,Centre,23,,93,Nouvelle-Zélande,PRO,,2031-06-30
URC,EDI,Rob CARMICHAEL,2ème ligne,23,,115,Angleterre,PRO,,2029-06-30
URC,EDI,Robert HUNT,Talonneur,30,,134,Afrique du sud,PRO,,2028-06-30
URC,EDI,Rory MCHAFFIE,Arrière,19,,86,Ecosse,PRO,,2028-06-30
URC,EDI,Ross THOMPSON,Ouverture,27,,80,Ecosse,PRO,,2028-06-30
URC,EDI,Ruan NORTJÉ,Ouverture,28,,120,Afrique du sud,PRO,,2028-06-30
URC,EDI,Ruan VERMAAK,Centre,28,,134,Afrique du sud,PRO,,2029-06-30
URC,EDI,Seb LOMBARD,Talonneur,23,,119,Afrique du sud,PRO,,2028-06-30
URC,EDI,Simphiwe MATANZIMA,2ème ligne,29,,124,Afrique du sud,PRO,,2029-06-30
URC,EDI,Tiaan LANGE,3ème ligne,24,,88,Afrique du sud,PRO,,2028-06-30
URC,EDI,Tielman NIEUWOUDT,2ème ligne,24,,138,Afrique du sud,PRO,,2029-06-30
URC,EDI,Tom CURRIE,3ème ligne,22,,96,Ecosse,PRO,,2029-06-30
URC,EDI,Tom DODD,3ème ligne,28,,107,Angleterre,PRO,,2028-06-30
URC,EDI,Wes GOOSEN,Centre,30,,90,Afrique du sud,PRO,,2028-06-30
URC,EDI,Wilco LOUW,2ème ligne,32,,153,Afrique du sud,PRO,,2028-06-30
URC,CDF,Akker VAN DER MERWE,2ème ligne,35,,98,Afrique du sud,PRO,,2027-06-30
URC,CDF,Aled DAVIES,Mêlée,34,,75,Pays-de-Galles,PRO,,2028-06-30
URC,CDF,Alex MANN,3ème ligne,24,,101,Pays-de-Galles,PRO,,2028-06-30
URC,CDF,Alun LAWRENCE,3ème ligne,28,,111,Pays-de-Galles,PRO,,2029-06-30
URC,CDF,Ben THOMAS,Centre,27,,96,Pays-de-Galles,PRO,,2028-06-30
URC,CDF,Callum SHEEDY,Ouverture,30,,76,Pays-de-Galles,PRO,,2028-06-30
URC,CDF,Cam WINNETT,Arrière,23,,86,Pays-de-Galles,PRO,,2028-06-30
URC,CDF,Cameron HANEKOM,Centre,24,,118,Afrique du sud,PRO,,2029-06-30
URC,CDF,Cyle BRINK,Ailier,32,,113,Afrique du sud,PRO,,2029-06-30
URC,CDF,Dafydd HUGHES,Talonneur,30,,99,Pays-de-Galles,PRO,,2029-06-30
URC,CDF,Dan THOMAS,3ème ligne,32,,98,Pays-de-Galles,PRO,,2028-06-30
URC,CDF,Danny SOUTHWORTH,Pilier,27,,123,Angleterre,PRO,,2029-06-30
URC,CDF,Deon SLABBERT,3ème ligne,26,,122,Afrique du sud,PRO,,2028-06-30
URC,CDF,Dylan SMITH,Pilier,32,,129,Afrique du sud,PRO,,2027-06-30
URC,CDF,Ellis BEVAN,Mêlée,26,,104,Pays-de-Galles,PRO,,2028-06-30
URC,CDF,Elrigh LOUW,Ailier,27,,99,Afrique du sud,PRO,,2029-06-30
URC,CDF,Evan LLOYD,Talonneur,24,,112,Pays-de-Galles,PRO,,2029-06-30
URC,CDF,François KLOPPER,Pilier,27,,132,Afrique du sud,PRO,,2029-06-30
URC,CDF,George NOTT,2ème ligne,30,,120,Pays-de-Galles,PRO,,2029-06-30
URC,CDF,Gerhard STEENEKAMP,Pilier,29,,120,Afrique du sud,PRO,,2030-06-30
URC,CDF,Harri MILLARD,Centre,30,,98,Pays-de-Galles,PRO,,2028-06-30
URC,CDF,Ioan EMANUEL,Pilier,21,,108,Pays-de-Galles,PRO,,2029-06-30
URC,CDF,Ioan LLOYD,Ouverture,25,,84,Pays-de-Galles,PRO,,2029-06-30
URC,CDF,Iwan STEPHENS,Ailier,24,,97,Angleterre,PRO,,2028-06-30
URC,CDF,JF VAN HEERDEN,Ouverture,22,,128,Afrique du sud,PRO,,2028-06-30
URC,CDF,Jacob BEETHAM,Arrière,25,,97,Pays-de-Galles,PRO,,2029-06-30
URC,CDF,James BOTHAM,3ème ligne,28,,105,Pays-de-Galles,PRO,,2029-06-30
URC,CDF,Jan-Hendrik WESSELS,2ème ligne,25,,108,Afrique du sud,PRO,,2028-06-30
URC,CDF,Janko SWANEPOEL,Mêlée,27,,114,Afrique du sud,PRO,,2028-06-30
URC,CDF,Jannes KIRSTEN,Mêlée,32,,124,Afrique du sud,PRO,,2027-06-30
URC,CDF,Jarrod EVANS,Ouverture,30,,89,Pays-de-Galles,PRO,,2028-06-30
URC,CDF,Javan SEBASTIAN,Pilier,32,,137,Pays-de-Galles,PRO,,2028-06-30
URC,CDF,Joe COWELL,Pilier,24,,134,Pays-de-Galles,PRO,,2029-06-30
URC,CDF,Joe VAN ZYL,3ème ligne,27,,107,Afrique du sud,PRO,,2028-06-30
URC,CDF,Johan GROBBELAAR,3ème ligne,28,,90,Afrique du sud,PRO,,2028-06-30
URC,CDF,Johan MULDER,Mêlée,27,,95,Afrique du sud,PRO,,2028-06-30
URC,CDF,Josh ADAMS,Ailier,31,,98,Pays-de-Galles,PRO,,2029-06-30
URC,CDF,Josh MCNALLY,2ème ligne,36,,136,Angleterre,PRO,,2028-06-30
URC,CDF,Keiron ASSIRATTI,Pilier,29,,129,Pays-de-Galles,PRO,,2028-06-30
URC,CDF,Khutha MCHUNU,Pilier,29,,123,Afrique du sud,PRO,,2028-06-30
URC,CDF,Le Roux MALAN,Centre,27,,115,Namibie,PRO,,2028-06-30
URC,CDF,Liam BELCHER,Talonneur,30,,100,Pays-de-Galles,PRO,,2029-06-30
URC,CDF,Lucas DE LA RUA,3ème ligne,22,,91,Pays-de-Galles,PRO,,2028-06-30
URC,CDF,Marcell COETZEE,Ailier,35,,109,Afrique du sud,PRO,,2028-06-30
URC,CDF,Marco VAN STADEN,Arrière,31,,118,Afrique du sud,PRO,,2029-06-30
URC,CDF,Mason GRADY,Centre,24,,122,Pays-de-Galles,PRO,,2029-06-30
URC,CDF,Merwe OLIVIER,Ouverture,23,,110,Afrique du sud,PRO,,2028-06-30
URC,CDF,Mihlali MOSI,Arrière,30,,107,Afrique du sud,PRO,,2027-06-30
URC,CDF,Mornay SMITH,Pilier,28,,129,Afrique du sud,PRO,,2027-06-30
URC,CDF,Reinhardt LUDWIG,Centre,24,,100,Afrique du sud,PRO,,2028-06-30
URC,CDF,Rhys BARRATT,Pilier,23,,108,Pays-de-Galles,PRO,,2028-06-30
URC,CDF,Robert HUNT,Pilier,30,,138,Afrique du sud,PRO,,2029-06-30
URC,CDF,Rory THORNTON,2ème ligne,31,,107,Pays-de-Galles,PRO,,2029-06-30
URC,CDF,Ruan NORTJÉ,Centre,28,,126,Afrique du sud,PRO,,2029-06-30
URC,CDF,Ruan VERMAAK,Centre,28,,107,Afrique du sud,PRO,,2029-06-30
URC,CDF,Sam WAINWRIGHT,Pilier,28,,107,Pays-de-Galles,PRO,,2029-06-30
URC,CDF,Scott SIO,Pilier,34,,110,Australie,PRO,,2028-06-30
URC,CDF,Seb LOMBARD,Talonneur,23,,138,Afrique du sud,PRO,,2029-06-30
URC,CDF,Semisi PAEA,3ème ligne,27,,128,Tonga,PRO,,2029-06-30
URC,CDF,Simphiwe MATANZIMA,Talonneur,29,,114,Afrique du sud,PRO,,2028-06-30
URC,CDF,Steffan EMANUEL,Centre,20,,93,Pays-de-Galles,PRO,,2028-06-30
URC,CDF,Taine BASHAM,3ème ligne,26,,118,Pays-de-Galles,PRO,,2029-06-30
URC,CDF,Teddy WILLIAMS,3ème ligne,25,,126,Pays-de-Galles,PRO,,2029-06-30
URC,CDF,Theo CABANGO,Ailier,24,,93,Pays-de-Galles,PRO,,2028-06-30
URC,CDF,Tiaan LANGE,3ème ligne,24,,102,Afrique du sud,PRO,,2029-06-30
URC,CDF,Tielman NIEUWOUDT,2ème ligne,24,,141,Afrique du sud,PRO,,2028-06-30
URC,CDF,Toby FALETAU,3ème ligne,35,,108,Tonga,PRO,,2028-06-30
URC,CDF,Tom BOWEN,Arrière,20,,87,Pays-de-Galles,PRO,,2028-06-30
URC,CDF,Tom MANZ,2ème ligne,25,,114,Angleterre,PRO,,2028-06-30
URC,CDF,Wilco LOUW,2ème ligne,32,,138,Afrique du sud,PRO,,2028-06-30
URC,LIO,Akker VAN DER MERWE,2ème ligne,35,,123,Afrique du sud,PRO,,2028-06-30
URC,LIO,Angelo DAVIDS,Ailier,27,,92,Afrique du sud,PRO,,2029-06-30
URC,LIO,Asad MOOS,Mêlée,22,,77,Afrique du sud,PRO,,2028-06-30
URC,LIO,Batho HLEKANI,3ème ligne,21,,108,Afrique du sud,PRO,,2028-06-30
URC,LIO,Boan VENTER,Pilier,29,,119,Afrique du sud,PRO,,2028-06-30
URC,LIO,Boeta CHAMBERLAIN,Ouverture,27,,100,Afrique du sud,PRO,,2029-06-30
URC,LIO,Bronson MILLS,Centre,23,,95,Afrique du sud,PRO,,2031-06-30
URC,LIO,Cameron HANEKOM,Ailier,24,,103,Afrique du sud,PRO,,2028-06-30
URC,LIO,Chris SMITH,Ouverture,32,,82,Afrique du sud,PRO,,2028-06-30
URC,LIO,Conraad VAN VUUREN,Pilier,31,,116,Afrique du sud,PRO,,2028-06-30
URC,LIO,Cyle BRINK,Ailier,32,,115,Afrique du sud,PRO,,2029-06-30
URC,LIO,Daniel KASENDE,Arrière,31,,100,République démocratique du Congo,PRO,,2029-06-30
URC,LIO,Deon SLABBERT,3ème ligne,26,,114,Afrique du sud,PRO,,2028-06-30
URC,LIO,Dylan SJOBLOM,2ème ligne,26,,101,Afrique du sud,PRO,,2029-06-30
URC,LIO,Dylan SMITH,Pilier,32,,125,Afrique du sud,PRO,,2027-06-30
URC,LIO,Eddie DAVIDS,Pilier,28,,125,Afrique du sud,PRO,,2028-06-30
URC,LIO,Elrigh LOUW,Arrière,27,,127,Afrique du sud,PRO,,2028-06-30
URC,LIO,Erich CRONJÉ,Centre,29,,108,Afrique du sud,PRO,,2029-06-30
URC,LIO,Ethan ADAMS,Centre,19,,115,Afrique du sud,PRO,,2029-06-30
URC,LIO,Etienne OOSTHUIZEN,2ème ligne,33,,139,Afrique du sud,PRO,,2028-06-30
URC,LIO,Francke HORN,3ème ligne,27,,102,Afrique du sud,PRO,,2030-06-30
URC,LIO,François KLOPPER,Pilier,27,,117,Afrique du sud,PRO,,2028-06-30
URC,LIO,Gerhard STEENEKAMP,Pilier,29,,123,Afrique du sud,PRO,,2029-06-30
URC,LIO,Gilermo MENTOE,Arrière,21,,80,Afrique du sud,PRO,,2028-06-30
URC,LIO,Henco VAN WYK,Centre,25,,92,Afrique du sud,PRO,,2029-06-30
URC,LIO,Hyron ANDREWS,2ème ligne,31,,125,Afrique du sud,PRO,,2029-06-30
URC,LIO,JC PRETORIUS,3ème ligne,28,,94,Afrique du sud,PRO,,2029-06-30
URC,LIO,JF VAN HEERDEN,Ouverture,22,,131,Afrique du sud,PRO,,2029-06-30
URC,LIO,JP DU PREEZ,2ème ligne,31,,124,Afrique du sud,PRO,,2028-06-30
URC,LIO,Jan-Hendrik WESSELS,2ème ligne,25,,120,Afrique du sud,PRO,,2027-06-30
URC,LIO,Janko SWANEPOEL,Mêlée,27,,124,Afrique du sud,PRO,,2029-06-30
URC,LIO,Jannes KIRSTEN,Mêlée,32,,131,Afrique du sud,PRO,,2027-06-30
URC,LIO,Jarod CAIRNS,3ème ligne,25,,115,Afrique du sud,PRO,,2028-06-30
URC,LIO,Jason HUGO,Ailier,21,,,Afrique du sud,PRO,,2029-06-30
URC,LIO,Joe VAN ZYL,3ème ligne,27,,101,Afrique du sud,PRO,,2028-06-30
URC,LIO,Johan GROBBELAAR,3ème ligne,28,,102,Afrique du sud,PRO,,2028-06-30
URC,LIO,Juan SCHOEMAN,Pilier,35,,114,Afrique du sud,PRO,,2029-06-30
URC,LIO,Keagan SMITH,Ailier,23,,89,Afrique du sud,PRO,,2028-06-30
URC,LIO,Kelly MPEKU,Centre,22,,81,Afrique du sud,PRO,,2031-06-30
URC,LIO,Khutha MCHUNU,Pilier,29,,108,Afrique du sud,PRO,,2028-06-30
URC,LIO,Layton HORN,Mêlée,23,,76,Afrique du sud,PRO,,2029-06-30
URC,LIO,Likhona FINCA,Centre,22,,88,Afrique du sud,PRO,,2028-06-30
URC,LIO,Mahle SITHOLE,Talonneur,18,,95,Afrique du sud,PRO,,2028-06-30
URC,LIO,Marcell COETZEE,Arrière,35,,118,Afrique du sud,PRO,,2029-06-30
URC,LIO,Marco FERREIRA,3ème ligne,20,,121,Afrique du sud,PRO,,2029-06-30
URC,LIO,Marno GROBBELAAR,Talonneur,23,,97,Afrique du sud,PRO,,2029-06-30
URC,LIO,Merwe OLIVIER,Ouverture,23,,100,Afrique du sud,PRO,,2029-06-30
URC,LIO,Morgan NAUDÉ,Pilier,28,,98,Afrique du sud,PRO,,2028-06-30
URC,LIO,Mornay SMITH,Talonneur,28,,108,Afrique du sud,PRO,,2028-06-30
URC,LIO,Morné BRANDON,Talonneur,25,,94,Afrique du sud,PRO,,2029-06-30
URC,LIO,Morné VAN DEN BERG,Mêlée,28,,97,Afrique du sud,PRO,,2030-06-30
URC,LIO,Morné VENTER,2ème ligne,21,,109,Afrique du sud,PRO,,2029-06-30
URC,LIO,Nico STEYN,Mêlée,24,,70,Afrique du sud,PRO,,2029-06-30
URC,LIO,PJ BOTHA,Talonneur,28,,105,Afrique du sud,PRO,,2029-06-30
URC,LIO,Quan HORN,Arrière,25,,93,Afrique du sud,PRO,,2030-06-30
URC,LIO,RF SCHOEMAN,Pilier,23,,110,Afrique du sud,PRO,,2031-06-30
URC,LIO,Rabz MAXWANE,Ailier,31,,81,Afrique du sud,PRO,,2028-06-30
URC,LIO,Reinhard NOTHNAGEL,2ème ligne,29,,115,Afrique du sud,PRO,,2029-06-30
URC,LIO,Reinhardt LUDWIG,Centre,24,,100,Afrique du sud,PRO,,2029-06-30
URC,LIO,Renzo DU PLESSIS,3ème ligne,24,,96,Afrique du sud,PRO,,2028-06-30
URC,LIO,Richard KRIEL,Arrière,26,,86,Afrique du sud,PRO,,2029-06-30
URC,LIO,Robert HUNT,Talonneur,30,,121,Afrique du sud,PRO,,2028-06-30
URC,LIO,Ruan DELPORT,3ème ligne,24,,120,Afrique du sud,PRO,,2029-06-30
URC,LIO,Ruan NORTJÉ,Centre,28,,106,Afrique du sud,PRO,,2029-06-30
URC,LIO,Ruan SWART,Pilier,21,,120,Afrique du sud,PRO,,2028-06-30
URC,LIO,Ruan VENTER,2ème ligne,23,,124,Afrique du sud,PRO,,2029-06-30
URC,LIO,Ruan VERMAAK,Centre,28,,128,Afrique du sud,PRO,,2029-06-30
URC,LIO,Rynhardt JONKER,Centre,26,,79,Afrique du sud,PRO,,2028-06-30
URC,LIO,SJ KOTZE,Talonneur,23,,108,Afrique du sud,PRO,,2031-06-30
URC,LIO,Sam FRANCIS,Ouverture,23,,114,Afrique du sud,PRO,,2028-06-30
URC,LIO,Seb LOMBARD,Talonneur,23,,114,Afrique du sud,PRO,,2028-06-30
URC,LIO,Siba QOMA,2ème ligne,29,,98,Afrique du sud,PRO,,2029-06-30
URC,LIO,Sibabalwe MAHASHE,3ème ligne,22,,98,Afrique du sud,PRO,,2029-06-30
URC,LIO,Sikhumbuzo NOTSHE,3ème ligne,33,,101,Afrique du sud,PRO,,2029-06-30
URC,LIO,Simphiwe MATANZIMA,2ème ligne,29,,128,Afrique du sud,PRO,,2028-06-30
URC,LIO,Thando BIYELA,3ème ligne,21,,81,Afrique du sud,PRO,,2029-06-30
URC,LIO,Tiaan LANGE,3ème ligne,24,,100,Afrique du sud,PRO,,2029-06-30
URC,LIO,Tielman NIEUWOUDT,2ème ligne,24,,120,Afrique du sud,PRO,,2028-06-30
URC,LIO,Wilco LOUW,2ème ligne,32,,155,Afrique du sud,PRO,,2027-06-30
URC,LIO,Zian CILLIERS,Mêlée,21,,,Afrique du sud,PRO,,2029-06-30
URC,DRA,Aneurin OWEN,Centre,25,,104,Pays-de-Galles,PRO,,2028-06-30
URC,DRA,Angus O'BRIEN,Ouverture,32,,94,Pays-de-Galles,PRO,,2029-06-30
URC,DRA,Anzelo TU'ITAVUKI,Ailier,27,,112,Nouvelle-Zélande,PRO,,2030-06-30
URC,DRA,Barny LANGTON,2ème ligne,25,,102,Pays-de-Galles,PRO,,2028-06-30
URC,DRA,Ben CARTER,2ème ligne,25,,122,Pays-de-Galles,PRO,,2029-06-30
URC,DRA,Brodie COGHLAN,Talonneur,25,,123,Pays-de-Galles,PRO,,2029-06-30
URC,DRA,Cai EVANS,Ouverture,27,,79,Pays-de-Galles,PRO,,2028-06-30
URC,DRA,Che HOPE,Mêlée,23,,72,Pays-de-Galles,PRO,,2029-06-30
URC,DRA,Chris COLEMAN,Pilier,28,,134,Pays-de-Galles,PRO,,2028-06-30
URC,DRA,David RICHARDS,Arrière,27,,95,Pays-de-Galles,PRO,,2029-06-30
URC,DRA,Dillon LEWIS,Pilier,30,,134,Pays-de-Galles,PRO,,2028-06-30
URC,DRA,Dylan KELLEHER-GRIFFITHS,Pilier,23,,131,Pays-de-Galles,PRO,,2029-06-30
URC,DRA,Elliot DEE,Talonneur,32,,106,Pays-de-Galles,PRO,,2028-06-30
URC,DRA,Ere ENARI,Mêlée,29,,88,Nouvelle-Zélande,PRO,,2028-06-30
URC,DRA,Evan MINTO,3ème ligne,20,,96,Pays-de-Galles,PRO,,2029-06-30
URC,DRA,Facundo BOSCH,Ouverture,35,,99,Argentine,PRO,,2028-06-30
URC,DRA,Fetuli PAEA,Centre,32,,93,Tonga,PRO,,2029-06-30
URC,DRA,Fine INISI,Ailier,28,,103,Tonga,PRO,,2028-06-30
URC,DRA,Harri ACKERMAN,Centre,21,,78,Pays-de-Galles,PRO,,2028-06-30
URC,DRA,Harri KEDDIE,3ème ligne,30,,108,Pays-de-Galles,PRO,,2028-06-30
URC,DRA,Harry BEDDALL,3ème ligne,21,,88,Pays-de-Galles,PRO,,2029-06-30
URC,DRA,Harry REES-WELDON,Ailier,21,,103,Pays-de-Galles,PRO,,2028-06-30
URC,DRA,Huw ANDERSON,Arrière,22,,92,Pays-de-Galles,PRO,,2028-06-30
URC,DRA,Jac LLOYD,Ouverture,24,,85,Pays-de-Galles,PRO,,2029-06-30
URC,DRA,Jared ROSSER,Ailier,28,,91,Pays-de-Galles,PRO,,2028-06-30
URC,DRA,Joe WESTWOOD,Centre,23,,117,Pays-de-Galles,PRO,,2029-06-30
URC,DRA,Jordan MORRIS,Pilier,22,,95,Pays-de-Galles,PRO,,2028-06-30
URC,DRA,Levi DOUGLAS,2ème ligne,31,,125,Angleterre,PRO,,2028-06-30
URC,DRA,Louis ORTOLAN,Centre,24,,100,France,PRO,,2028-06-30
URC,DRA,Luke TAGI,Pilier,29,,121,Fidji,PRO,,2027-06-30
URC,DRA,Martin VILLAR,Talonneur,23,,113,Argentine,PRO,,2028-06-30
URC,DRA,Matis PERCHAUD,2ème ligne,24,,123,France,PRO,,2029-06-30
URC,DRA,Matthew SCREECH,2ème ligne,33,,128,Pays-de-Galles,PRO,,2028-06-30
URC,DRA,Morgan LLOYD,Mêlée,23,,90,Pays-de-Galles,PRO,,2029-06-30
URC,DRA,Nick THOMAS,2ème ligne,21,,104,Pays-de-Galles,PRO,,2028-06-30
URC,DRA,Oli BURROWS,Talonneur,24,,99,Pays-de-Galles,PRO,,2028-06-30
URC,DRA,Owain JAMES,Pilier,21,,122,Pays-de-Galles,PRO,,2029-06-30
URC,DRA,Pascal COTET,2ème ligne,32,,123,France,PRO,,2027-06-30
URC,DRA,Pierre CASTILLON,3ème ligne,23,,107,France,PRO,,2029-06-30
URC,DRA,Pieter SCHOLTZ,3ème ligne,32,,143,Afrique du sud,PRO,,2027-06-30
URC,DRA,Quentin BÉTHUNE,3ème ligne,31,,104,France,PRO,,2029-06-30
URC,DRA,Rhodri JONES,Pilier,34,,126,Pays-de-Galles,PRO,,2029-06-30
URC,DRA,Rhodri WILLIAMS,Mêlée,33,,88,Pays-de-Galles,PRO,,2029-06-30
URC,DRA,Rio DYER,Ailier,26,,85,Pays-de-Galles,PRO,,2029-06-30
URC,DRA,Robert HUNT,Pilier,30,,129,Afrique du sud,PRO,,2028-06-30
URC,DRA,Rodrigo MARTINEZ,Pilier,28,,111,Argentine,PRO,,2029-06-30
URC,DRA,Ryan WOODMAN,3ème ligne,22,,105,Pays-de-Galles,PRO,,2028-06-30
URC,DRA,Sam SCARFE,Talonneur,23,,116,Pays-de-Galles,PRO,,2028-06-30
URC,DRA,Seb DAVIES,2ème ligne,30,,107,Pays-de-Galles,PRO,,2029-06-30
URC,DRA,Shane LEWIS-HUGHES,3ème ligne,29,,101,Pays-de-Galles,PRO,,2029-06-30
URC,DRA,Swan CORMENIER,3ème ligne,30,,124,France,PRO,,2029-06-30
URC,DRA,Terrell PEITA,3ème ligne,26,,105,Nouvelle-Zélande,PRO,,2029-06-30
URC,DRA,Tevita TATAFU,Mêlée,23,,125,Tonga,PRO,,2027-06-30
URC,DRA,Thomas ACQUIER,Ailier,36,,99,France,PRO,,2029-06-30
URC,DRA,Tinus DE BEER,Ouverture,30,,82,Afrique du sud,PRO,,2028-06-30
URC,DRA,Tom YOUNG,3ème ligne,34,,108,Pays-de-Galles,PRO,,2029-06-30
URC,DRA,Vincent GIUDICELLI,Ailier,29,,116,France,PRO,,2028-06-30
URC,DRA,Wyn JONES,Pilier,34,,99,Pays-de-Galles,PRO,,2028-06-30
URC,TRE,Alessandro GARBISI,Mêlée,24,,74,Italie,PRO,,2029-06-30
URC,TRE,Alessandro IZEKOR,3ème ligne,26,,120,Italie,PRO,,2029-06-30
URC,TRE,Andy UREN,Mêlée,30,,107,Angleterre,PRO,,2029-06-30
URC,TRE,Antony MIRANDA,3ème ligne,20,,120,Italie,PRO,,2029-06-30
URC,TRE,Bautista BERNASCONI,Talonneur,25,,117,Argentine,PRO,,2030-06-30
URC,TRE,Cristiano TIZZANO,Mêlée,23,,74,Italie,PRO,,2028-06-30
URC,TRE,Destiny AMINU,Pilier,22,,126,Nigéria,PRO,,2031-06-30
URC,TRE,Facundo BOSCH,Ailier,35,,105,Argentine,PRO,,2027-06-30
URC,TRE,Federico RUZZA,2ème ligne,32,,115,Italie,PRO,,2029-06-30
URC,TRE,Federico ZANANDREA,Centre,21,,116,Italie,PRO,,2028-06-30
URC,TRE,Filippo DRAGO,Centre,24,,95,Italie,PRO,,2028-06-30
URC,TRE,François Carlo MEY,Arrière,23,,111,Italie,PRO,,2032-06-30
URC,TRE,Giosué ZILOCCHI,Pilier,29,,130,Italie,PRO,,2030-06-30
URC,TRE,Giulio MARINI,3ème ligne,24,,126,Italie,PRO,,2030-06-30
URC,TRE,Gonzalo HUGHES,Pilier,28,,113,Argentine,PRO,,2029-06-30
URC,TRE,Ignacio MENDY,Ailier,26,,76,Argentine,PRO,,2030-06-30
URC,TRE,Isaia WALKER-LEAWERE,2ème ligne,29,,130,Nouvelle-Zélande,PRO,,2029-06-30
URC,TRE,Ivan NEMER,Pilier,28,,121,Argentine,PRO,,2029-06-30
URC,TRE,Jacob UMAGA,Ouverture,28,,95,Angleterre,PRO,,2030-06-30
URC,TRE,Jadin KINGI,2ème ligne,24,,119,Nouvelle-Zélande,PRO,,2029-06-30
URC,TRE,Jean SMITH,Ouverture,23,,100,Afrique du sud,PRO,,2031-06-30
URC,TRE,Josh FLOOK,Centre,25,,102,Australie,PRO,,2029-06-30
URC,TRE,Leonardo MARIN,Ouverture,24,,99,Italie,PRO,,2030-06-30
URC,TRE,Lorenzo CANNONE,3ème ligne,25,,115,Italie,PRO,,2030-06-30
URC,TRE,Louis LYNAGH,Ailier,25,,97,Australie,PRO,,2028-06-30
URC,TRE,Louis WERCHON,Mêlée,23,,70,Australie,PRO,,2030-06-30
URC,TRE,Luke TAGI,Talonneur,29,,145,Fidji,PRO,,2027-06-30
URC,TRE,Manuel ZULIANI,3ème ligne,26,,112,Italie,PRO,,2029-06-30
URC,TRE,Marcos GALLORINI,Pilier,21,,128,Italie,PRO,,2030-06-30
URC,TRE,Martin VILLAR,2ème ligne,23,,125,Argentine,PRO,,2029-06-30
URC,TRE,Matis PERCHAUD,2ème ligne,24,,126,France,PRO,,2028-06-30
URC,TRE,Matt GALLAGHER,Arrière,29,,106,Angleterre,PRO,,2028-06-30
URC,TRE,Mattia MIDENA,2ème ligne,21,,131,Italie,PRO,,2029-06-30
URC,TRE,Matías MEDRANO,Pilier,22,,123,Argentine,PRO,,2030-06-30
URC,TRE,Michele LAMARO,3ème ligne,28,,117,Italie,PRO,,2030-06-30
URC,TRE,Mirco SPAGNOLO,Pilier,25,,117,Italie,PRO,,2031-06-30
URC,TRE,Niccolò CANNONE,2ème ligne,28,,113,Italie,PRO,,2031-06-30
URC,TRE,Nicholas GASPERINI,Talonneur,22,,115,Italie,PRO,,2031-06-30
URC,TRE,Onisi RATAVE,Ailier,34,,108,Fidji,PRO,,2028-06-30
URC,TRE,Paolo ODOGWU,Ailier,29,,100,Angleterre,PRO,,2028-06-30
URC,TRE,Pascal COTET,3ème ligne,32,,114,France,PRO,,2028-06-30
URC,TRE,Piero GRITTI,2ème ligne,21,,108,Italie,PRO,,2031-06-30
URC,TRE,Pierre CASTILLON,3ème ligne,23,,98,France,PRO,,2029-06-30
URC,TRE,Pieter SCHOLTZ,3ème ligne,32,,147,Afrique du sud,PRO,,2027-06-30
URC,TRE,Quentin BÉTHUNE,Mêlée,31,,119,France,PRO,,2028-06-30
URC,TRE,Rhyno SMITH,Arrière,33,,75,Afrique du sud,PRO,,2030-06-30
URC,TRE,Riccardo FAVRETTO,2ème ligne,24,,100,Italie,PRO,,2031-06-30
URC,TRE,Seb NEGRI,3ème ligne,32,,112,Italie,PRO,,2029-06-30
URC,TRE,Simone FERRARI,Pilier,32,,112,Italie,PRO,,2031-06-30
URC,TRE,Siua MAILE,Talonneur,29,,127,Tonga,PRO,,2030-06-30
URC,TRE,So'otala FA'ASO'O,3ème ligne,31,,145,Samoa,PRO,,2029-06-30
URC,TRE,Swan CORMENIER,Ouverture,30,,118,France,PRO,,2029-06-30
URC,TRE,Tevita TATAFU,Centre,23,,151,Tonga,PRO,,2027-06-30
URC,TRE,Tiziano PASQUALI,Pilier,32,,118,Italie,PRO,,2030-06-30
URC,TRE,Tomás MEDINA,Centre,21,,82,Argentine,PRO,,2029-06-30
URC,LEI,Akker VAN DER MERWE,2ème ligne,35,,113,Afrique du sud,PRO,,2027-06-30
URC,LEI,Alex SOROKA,3ème ligne,25,,98,Irlande,PRO,,2028-06-30
URC,LEI,Alex USANOV,Pilier,21,,106,Irlande,PRO,,2028-06-30
URC,LEI,Andrew OSBORNE,Ailier,23,,106,Irlande,PRO,,2029-06-30
URC,LEI,Andrew PORTER,Pilier,30,,115,Irlande,PRO,,2029-06-30
URC,LEI,Brian DEENY,2ème ligne,26,,121,Irlande,PRO,,2028-06-30
URC,LEI,Caelan DORIS,3ème ligne,28,,116,Irlande,PRO,,2028-06-30
URC,LEI,Cameron HANEKOM,Centre,24,,99,Afrique du sud,PRO,,2029-06-30
URC,LEI,Caspar GABRIEL,Ouverture,20,,82,Autriche,PRO,,2029-06-30
URC,LEI,Charlie TECTOR,Centre,24,,107,Irlande,PRO,,2029-06-30
URC,LEI,Ciarán MANGAN,Centre,21,,99,Irlande,PRO,,2029-06-30
URC,LEI,Conor O'TIGHEARNAIGH,2ème ligne,23,,132,Irlande,PRO,,2028-06-30
URC,LEI,Cormac FOLEY,Mêlée,26,,85,Irlande,PRO,,2028-06-30
URC,LEI,Cyle BRINK,Centre,32,,117,Afrique du sud,PRO,,2029-06-30
URC,LEI,Dan SHEEHAN,Talonneur,28,,117,Irlande,PRO,,2030-06-30
URC,LEI,Deon SLABBERT,3ème ligne,26,,103,Afrique du sud,PRO,,2029-06-30
URC,LEI,Diarmuid MANGAN,2ème ligne,23,,110,Irlande,PRO,,2028-06-30
URC,LEI,Dylan MCNEICE,2ème ligne,20,,111,Irlande,PRO,,2028-06-30
URC,LEI,Dylan SMITH,Pilier,32,,113,Afrique du sud,PRO,,2028-06-30
URC,LEI,Elrigh LOUW,Ailier,27,,115,Afrique du sud,PRO,,2029-06-30
URC,LEI,Fintan GUNNE,Mêlée,23,,75,Irlande,PRO,,2029-06-30
URC,LEI,François KLOPPER,Pilier,27,,125,Afrique du sud,PRO,,2029-06-30
URC,LEI,Garry RINGROSE,Centre,31,,105,Irlande,PRO,,2029-06-30
URC,LEI,Gerhard STEENEKAMP,Pilier,29,,125,Afrique du sud,PRO,,2030-06-30
URC,LEI,Gus MCCARTHY,Talonneur,23,,94,Irlande,PRO,,2028-06-30
URC,LEI,Harry BYRNE,Ouverture,27,,83,Irlande,PRO,,2029-06-30
URC,LEI,Hugh COONEY,Centre,23,,85,Irlande,PRO,,2029-06-30
URC,LEI,Hugo KEENAN,Arrière,30,,83,Irlande,PRO,,2029-06-30
URC,LEI,JF VAN HEERDEN,Mêlée,22,,135,Afrique du sud,PRO,,2029-06-30
URC,LEI,Jack BOYLE,Pilier,24,,124,Irlande,PRO,,2028-06-30
URC,LEI,Jack CONAN,3ème ligne,34,,109,Irlande,PRO,,2029-06-30
URC,LEI,James CULHANE,3ème ligne,23,,104,Irlande,PRO,,2029-06-30
URC,LEI,James RYAN,2ème ligne,30,,104,Irlande,PRO,,2030-06-30
URC,LEI,Jamie OSBORNE,Centre,24,,84,Irlande,PRO,,2028-06-30
URC,LEI,Jamison GIBSON-PARK,Mêlée,34,,90,Nouvelle-Zélande,PRO,,2030-06-30
URC,LEI,Jan-Hendrik WESSELS,2ème ligne,25,,134,Afrique du sud,PRO,,2027-06-30
URC,LEI,Janko SWANEPOEL,3ème ligne,27,,123,Afrique du sud,PRO,,2028-06-30
URC,LEI,Jannes KIRSTEN,Mêlée,32,,102,Afrique du sud,PRO,,2027-06-30
URC,LEI,Jimmy O'BRIEN,Arrière,29,,80,Irlande,PRO,,2029-06-30
URC,LEI,Joe MCCARTHY,2ème ligne,25,,114,Irlande,PRO,,2030-06-30
URC,LEI,Joe VAN ZYL,2ème ligne,27,,111,Afrique du sud,PRO,,2029-06-30
URC,LEI,Joey CARBERY,Ouverture,30,,79,Nouvelle-Zélande,PRO,,2029-06-30
URC,LEI,Johan GROBBELAAR,3ème ligne,28,,95,Afrique du sud,PRO,,2029-06-30
URC,LEI,Jordan LARMOUR,Ailier,29,,101,Irlande,PRO,,2028-06-30
URC,LEI,Josh ERICSON,3ème ligne,22,,120,Irlande,PRO,,2029-06-30
URC,LEI,Josh VAN DER FLIER,3ème ligne,33,,104,Irlande,PRO,,2030-06-30
URC,LEI,Joshua KENNY,Ailier,23,,90,Irlande,PRO,,2029-06-30
URC,LEI,Khutha MCHUNU,Pilier,29,,132,Afrique du sud,PRO,,2028-06-30
URC,LEI,Marcell COETZEE,Ailier,35,,124,Afrique du sud,PRO,,2029-06-30
URC,LEI,Marco VAN STADEN,Ailier,31,,98,Afrique du sud,PRO,,2028-06-30
URC,LEI,Max DEEGAN,3ème ligne,29,,110,Irlande,PRO,,2028-06-30
URC,LEI,Merwe OLIVIER,Ouverture,23,,97,Afrique du sud,PRO,,2028-06-30
URC,LEI,Mihlali MOSI,Ailier,30,,92,Afrique du sud,PRO,,2029-06-30
URC,LEI,Mornay SMITH,Pilier,28,,128,Afrique du sud,PRO,,2028-06-30
URC,LEI,Mpilo GUMEDE,Arrière,26,,100,Afrique du sud,PRO,,2030-06-30
URC,LEI,Niall SMYTH,Pilier,21,,129,Irlande,PRO,,2028-06-30
URC,LEI,Oliver COFFEY,Mêlée,22,,89,Irlande,PRO,,2029-06-30
URC,LEI,Paddy MCCARTHY,Pilier,23,,111,Irlande,PRO,,2029-06-30
URC,LEI,Peter DOOLEY,Pilier,32,,120,Irlande,PRO,,2029-06-30
URC,LEI,RG SNYMAN,2ème ligne,31,,130,Afrique du sud,PRO,,2029-06-30
URC,LEI,Reinhardt LUDWIG,Ouverture,24,,96,Afrique du sud,PRO,,2028-06-30
URC,LEI,Robbie HENSHAW,Centre,33,,112,Irlande,PRO,,2029-06-30
URC,LEI,Robert HUNT,Pilier,30,,125,Afrique du sud,PRO,,2028-06-30
URC,LEI,Ronan KELLEHER,Talonneur,28,,117,Irlande,PRO,,2029-06-30
URC,LEI,Ruan NORTJÉ,Centre,28,,103,Afrique du sud,PRO,,2028-06-30
URC,LEI,Ruan VERMAAK,Centre,28,,125,Afrique du sud,PRO,,2029-06-30
URC,LEI,Ryan BAIRD,2ème ligne,27,,114,Irlande,PRO,,2029-06-30
URC,LEI,Sam PRENDERGAST,Ouverture,23,,87,Irlande,PRO,,2029-06-30
URC,LEI,Scott PENNY,3ème ligne,27,,110,Irlande,PRO,,2028-06-30
URC,LEI,Seb LOMBARD,Talonneur,23,,127,Afrique du sud,PRO,,2029-06-30
URC,LEI,Simphiwe MATANZIMA,Talonneur,29,,119,Afrique du sud,PRO,,2028-06-30
URC,LEI,Stephen SMYTH,Talonneur,22,,117,Irlande,PRO,,2028-06-30
URC,LEI,Tadhg FURLONG,Pilier,33,,114,Irlande,PRO,,2028-06-30
URC,LEI,Tiaan LANGE,3ème ligne,24,,95,Afrique du sud,PRO,,2029-06-30
URC,LEI,Tielman NIEUWOUDT,2ème ligne,24,,114,Afrique du sud,PRO,,2029-06-30
URC,LEI,Todd LAWLOR,Ailier,20,,98,Irlande,PRO,,2029-06-30
URC,LEI,Tom CLARKSON,Pilier,26,,130,Irlande,PRO,,2028-06-30
URC,LEI,Tommy O'BRIEN,Ailier,28,,102,Irlande,PRO,,2029-06-30
URC,LEI,Wilco LOUW,2ème ligne,32,,139,Afrique du sud,PRO,,2027-06-30
URC,ULS,Aitzol KING,Ailier,24,,110,Irlande,PRO,,2028-06-30
URC,ULS,Akker VAN DER MERWE,2ème ligne,35,,107,Afrique du sud,PRO,,2028-06-30
URC,ULS,Ben CARSON,Centre,24,,105,Irlande,PRO,,2030-06-30
URC,ULS,Ben DONNELL,2ème ligne,26,,137,Angleterre,PRO,,2030-06-30
URC,ULS,Bryn WARD,3ème ligne,22,,125,Irlande,PRO,,2028-06-30
URC,ULS,Callum REID,Pilier,27,,112,Irlande,PRO,,2029-06-30
URC,ULS,Cameron HANEKOM,Ailier,24,,117,Afrique du sud,PRO,,2028-06-30
URC,ULS,Charlie IRVINE,2ème ligne,23,,114,Irlande,PRO,,2029-06-30
URC,ULS,Chay MULLINS,Arrière,24,,92,Angleterre,PRO,,2028-06-30
URC,ULS,Conor MCKEE,Mêlée,25,,88,Irlande,PRO,,2029-06-30
URC,ULS,Cormac IZUCHUKWU,2ème ligne,26,,131,Irlande,PRO,,2029-06-30
URC,ULS,Cyle BRINK,Ailier,32,,118,Afrique du sud,PRO,,2029-06-30
URC,ULS,Daniel HAWKSHAW,Centre,24,,111,Irlande,PRO,,2029-06-30
URC,ULS,Dave MCCANN,3ème ligne,26,,120,Irlande,PRO,,2030-06-30
URC,ULS,Deon SLABBERT,3ème ligne,26,,115,Afrique du sud,PRO,,2029-06-30
URC,ULS,Dylan SMITH,Pilier,32,,110,Afrique du sud,PRO,,2027-06-30
URC,ULS,Eduardo BELLO,Pilier,30,,145,Argentine,PRO,,2029-06-30
URC,ULS,Eli SNYMAN,2ème ligne,30,,133,Zimbabwe,PRO,,2030-06-30
URC,ULS,Elrigh LOUW,Arrière,27,,101,Afrique du sud,PRO,,2028-06-30
URC,ULS,Eric O'SULLIVAN,Pilier,30,,131,Irlande,PRO,,2028-06-30
URC,ULS,Ethan MCILROY,Arrière,26,,89,Irlande,PRO,,2028-06-30
URC,ULS,François KLOPPER,Pilier,27,,130,Afrique du sud,PRO,,2029-06-30
URC,ULS,Gerhard STEENEKAMP,Pilier,29,,117,Afrique du sud,PRO,,2030-06-30
URC,ULS,Harry SHERIDAN,2ème ligne,25,,137,Irlande,PRO,,2029-06-30
URC,ULS,Henry WALKER,Talonneur,21,,95,Irlande,PRO,,2029-06-30
URC,ULS,Iain HENDERSON,2ème ligne,34,,132,Irlande,PRO,,2028-06-30
URC,ULS,JF VAN HEERDEN,Ouverture,22,,110,Afrique du sud,PRO,,2028-06-30
URC,ULS,Jack MURPHY,Ouverture,22,,72,Irlande,PRO,,2030-06-30
URC,ULS,Jacob STOCKDALE,Ailier,30,,115,Irlande,PRO,,2029-06-30
URC,ULS,Jake FLANNERY,Ouverture,27,,107,Irlande,PRO,,2029-06-30
URC,ULS,James HUME,Centre,28,,100,Irlande,PRO,,2029-06-30
URC,ULS,James MCCORMICK,Talonneur,24,,107,Irlande,PRO,,2029-06-30
URC,ULS,James MCKILLOP,3ème ligne,21,,110,Irlande,PRO,,2029-06-30
URC,ULS,James MCNABNEY,3ème ligne,23,,125,Irlande,PRO,,2028-06-30
URC,ULS,Jamie BENSON,Ouverture,24,,105,Angleterre,PRO,,2030-06-30
URC,ULS,Jan-Hendrik WESSELS,2ème ligne,25,,131,Afrique du sud,PRO,,2028-06-30
URC,ULS,Janko SWANEPOEL,Mêlée,27,,120,Afrique du sud,PRO,,2028-06-30
URC,ULS,Jannes KIRSTEN,Ouverture,32,,132,Afrique du sud,PRO,,2027-06-30
URC,ULS,Joe HOPES,2ème ligne,22,,113,Irlande,PRO,,2029-06-30
URC,ULS,Joe VAN ZYL,3ème ligne,27,,122,Afrique du sud,PRO,,2028-06-30
URC,ULS,Johan GROBBELAAR,3ème ligne,28,,119,Afrique du sud,PRO,,2029-06-30
URC,ULS,Juarno AUGUSTUS,3ème ligne,28,,106,Afrique du sud,PRO,,2029-06-30
URC,ULS,Jude POSTLETHWAITE,Centre,24,,103,Irlande,PRO,,2031-06-30
URC,ULS,Keynan KNOX,Pilier,27,,131,Afrique du sud,PRO,,2029-06-30
URC,ULS,Khutha MCHUNU,Pilier,29,,114,Afrique du sud,PRO,,2029-06-30
URC,ULS,Marcell COETZEE,Arrière,35,,105,Afrique du sud,PRO,,2029-06-30
URC,ULS,Martin MOLONEY,3ème ligne,25,,106,Irlande,PRO,,2029-06-30
URC,ULS,Matt DEVINE,Mêlée,24,,99,Irlande,PRO,,2029-06-30
URC,ULS,Merwe OLIVIER,Centre,23,,106,Afrique du sud,PRO,,2028-06-30
URC,ULS,Mike LOWRY,Arrière,28,,79,Irlande,PRO,,2030-06-30
URC,ULS,Mornay SMITH,Pilier,28,,106,Afrique du sud,PRO,,2028-06-30
URC,ULS,Nathan DOAK,Mêlée,24,,78,Irlande,PRO,,2030-06-30
URC,ULS,Nick TIMONEY,3ème ligne,31,,105,Irlande,PRO,,2029-06-30
URC,ULS,Reinhardt LUDWIG,Centre,24,,114,Afrique du sud,PRO,,2028-06-30
URC,ULS,Rob HERRING,Talonneur,36,,112,Afrique du sud,PRO,,2029-06-30
URC,ULS,Robert BALOUCOUNE,Ailier,29,,94,Irlande,PRO,,2029-06-30
URC,ULS,Robert HUNT,Pilier,30,,116,Afrique du sud,PRO,,2029-06-30
URC,ULS,Ruan NORTJÉ,Centre,28,,102,Afrique du sud,PRO,,2029-06-30
URC,ULS,Ruan VERMAAK,Centre,28,,128,Afrique du sud,PRO,,2029-06-30
URC,ULS,Sam CREAN,Pilier,26,,119,Angleterre,PRO,,2029-06-30
URC,ULS,Scott WILSON,Pilier,24,,127,Irlande,PRO,,2029-06-30
URC,ULS,Seb LOMBARD,Talonneur,23,,136,Afrique du sud,PRO,,2028-06-30
URC,ULS,Simphiwe MATANZIMA,Talonneur,29,,107,Afrique du sud,PRO,,2028-06-30
URC,ULS,Stewart MOORE,Centre,27,,107,Irlande,PRO,,2029-06-30
URC,ULS,Stuart MCCLOSKEY,Centre,34,,117,Irlande,PRO,,2030-06-30
URC,ULS,Tiaan LANGE,3ème ligne,24,,95,Afrique du sud,PRO,,2028-06-30
URC,ULS,Tielman NIEUWOUDT,2ème ligne,24,,123,Afrique du sud,PRO,,2028-06-30
URC,ULS,Tom MCALLISTER,Pilier,21,,,Irlande,PRO,,2028-06-30
URC,ULS,Tom O'TOOLE,Pilier,28,,136,Irlande,PRO,,2028-06-30
URC,ULS,Tom STEWART,Talonneur,25,,99,Irlande,PRO,,2030-06-30
URC,ULS,Wilco LOUW,2ème ligne,32,,132,Afrique du sud,PRO,,2027-06-30
URC,ULS,Zac WARD,Ailier,27,,106,Irlande,PRO,,2030-06-30
URC,MUN,Akker VAN DER MERWE,2ème ligne,35,,117,Afrique du sud,PRO,,2028-06-30
URC,MUN,Alex KENDELLEN,3ème ligne,25,,118,Irlande,PRO,,2028-06-30
URC,MUN,Alex NANKIVELL,Centre,29,,110,Nouvelle-Zélande,PRO,,2028-06-30
URC,MUN,Ben O'CONNOR,Arrière,22,,112,Irlande,PRO,,2029-06-30
URC,MUN,Ben O'DONOVAN,Mêlée,21,,87,Nouvelle-Zélande,PRO,,2029-06-30
URC,MUN,Brian GLEESON,3ème ligne,22,,130,Irlande,PRO,,2029-06-30
URC,MUN,Calvin NASH,Ailier,29,,94,Irlande,PRO,,2029-06-30
URC,MUN,Cameron HANEKOM,Centre,24,,124,Afrique du sud,PRO,,2029-06-30
URC,MUN,Charlie O'SHEA,Ouverture,20,,,Irlande,PRO,,2028-06-30
URC,MUN,Conor RYAN,2ème ligne,22,,128,Irlande,PRO,,2030-06-30
URC,MUN,Craig CASEY,Mêlée,27,,77,Irlande,PRO,,2030-06-30
URC,MUN,Cyle BRINK,Ailier,32,,112,Afrique du sud,PRO,,2029-06-30
URC,MUN,Dan KELLY,Centre,25,,107,Angleterre,PRO,,2029-06-30
URC,MUN,Deon SLABBERT,3ème ligne,26,,111,Afrique du sud,PRO,,2029-06-30
URC,MUN,Diarmuid BARRON,Talonneur,28,,121,Irlande,PRO,,2029-06-30
URC,MUN,Diarmuid KILGALLEN,Ailier,26,,91,Irlande,PRO,,2030-06-30
URC,MUN,Dylan SMITH,Pilier,32,,122,Afrique du sud,PRO,,2028-06-30
URC,MUN,Edwin EDOGBO,2ème ligne,23,,123,Irlande,PRO,,2029-06-30
URC,MUN,Elrigh LOUW,Arrière,27,,124,Afrique du sud,PRO,,2029-06-30
URC,MUN,Ethan COUGHLAN,Mêlée,24,,94,Irlande,PRO,,2029-06-30
URC,MUN,Evan O'CONNELL,2ème ligne,22,,118,Irlande,PRO,,2029-06-30
URC,MUN,Fineen WYCHERLEY,2ème ligne,28,,115,Irlande,PRO,,2029-06-30
URC,MUN,François KLOPPER,Pilier,27,,118,Afrique du sud,PRO,,2029-06-30
URC,MUN,Gavin COOMBES,3ème ligne,28,,113,Irlande,PRO,,2029-06-30
URC,MUN,Gerhard STEENEKAMP,Pilier,29,,123,Afrique du sud,PRO,,2030-06-30
URC,MUN,JF VAN HEERDEN,Ouverture,22,,109,Afrique du sud,PRO,,2028-06-30
URC,MUN,JJ HANRAHAN,Ouverture,34,,86,Irlande,PRO,,2028-06-30
URC,MUN,Jack AUNGIER,Pilier,27,,118,Irlande,PRO,,2030-06-30
URC,MUN,Jack CROWLEY,Ouverture,26,,105,Irlande,PRO,,2029-06-30
URC,MUN,Jack O'DONOGHUE,3ème ligne,32,,101,Irlande,PRO,,2028-06-30
URC,MUN,Jake O'RIORDAN,Mêlée,21,,83,Irlande,PRO,,2028-06-30
URC,MUN,Jan-Hendrik WESSELS,2ème ligne,25,,129,Afrique du sud,PRO,,2027-06-30
URC,MUN,Janko SWANEPOEL,Mêlée,27,,128,Afrique du sud,PRO,,2029-06-30
URC,MUN,Jannes KIRSTEN,Mêlée,32,,121,Afrique du sud,PRO,,2028-06-30
URC,MUN,Jeremy LOUGHMAN,Pilier,31,,124,Irlande,PRO,,2030-06-30
URC,MUN,Joe VAN ZYL,3ème ligne,27,,122,Afrique du sud,PRO,,2029-06-30
URC,MUN,Johan GROBBELAAR,3ème ligne,28,,101,Afrique du sud,PRO,,2028-06-30
URC,MUN,John HODNETT,3ème ligne,27,,91,Irlande,PRO,,2029-06-30
URC,MUN,Josh WYCHERLEY,Pilier,27,,117,Irlande,PRO,,2028-06-30
URC,MUN,Khutha MCHUNU,Pilier,29,,127,Afrique du sud,PRO,,2029-06-30
URC,MUN,Kieran BROOKES,Pilier,36,,111,Angleterre,PRO,,2030-06-30
URC,MUN,Kieran RYAN,Pilier,24,,108,Irlande,PRO,,2028-06-30
URC,MUN,Lee BARRON,Talonneur,25,,112,Irlande,PRO,,2029-06-30
URC,MUN,Mark DONNELLY,Pilier,25,,124,Irlande,PRO,,2029-06-30
URC,MUN,Marnus VAN DER MERWE,Talonneur,29,,103,Afrique du sud,PRO,,2029-06-30
URC,MUN,Max CLEIN,Talonneur,23,,113,Irlande,PRO,,2028-06-30
URC,MUN,Merwe OLIVIER,Ouverture,23,,113,Afrique du sud,PRO,,2028-06-30
URC,MUN,Michael ALAALATOA,Pilier,35,,125,Australie,PRO,,2029-06-30
URC,MUN,Michael MILNE,Pilier,27,,126,Irlande,PRO,,2029-06-30
URC,MUN,Mike HALEY,Arrière,32,,104,Angleterre,PRO,,2029-06-30
URC,MUN,Mornay SMITH,Pilier,28,,113,Afrique du sud,PRO,,2027-06-30
URC,MUN,Reinhardt LUDWIG,Centre,24,,106,Afrique du sud,PRO,,2028-06-30
URC,MUN,Robert HUNT,Pilier,30,,123,Afrique du sud,PRO,,2028-06-30
URC,MUN,Ronan FOXE,Pilier,23,,130,Irlande,PRO,,2030-06-30
URC,MUN,Ruadhán QUINN,3ème ligne,22,,109,Irlande,PRO,,2029-06-30
URC,MUN,Ruan NORTJÉ,Centre,28,,108,Afrique du sud,PRO,,2028-06-30
URC,MUN,Ruan VERMAAK,Centre,28,,113,Afrique du sud,PRO,,2029-06-30
URC,MUN,Seb LOMBARD,Talonneur,23,,117,Afrique du sud,PRO,,2029-06-30
URC,MUN,Seán EDOGBO,3ème ligne,22,,97,Irlande,PRO,,2029-06-30
URC,MUN,Seán O'BRIEN,Centre,28,,96,Irlande,PRO,,2028-06-30
URC,MUN,Shane DALY,Centre,29,,84,Irlande,PRO,,2029-06-30
URC,MUN,Shay MCCARTHY,Ailier,23,,92,Irlande,PRO,,2029-06-30
URC,MUN,Simphiwe MATANZIMA,Talonneur,29,,135,Afrique du sud,PRO,,2028-06-30
URC,MUN,Tadhg BEIRNE,2ème ligne,34,,128,Irlande,PRO,,2029-06-30
URC,MUN,Tiaan LANGE,3ème ligne,24,,111,Afrique du sud,PRO,,2028-06-30
URC,MUN,Tielman NIEUWOUDT,2ème ligne,24,,133,Afrique du sud,PRO,,2029-06-30
URC,MUN,Tom AHERN,2ème ligne,26,,109,Irlande,PRO,,2028-06-30
URC,MUN,Tom FARRELL,Centre,32,,117,Irlande,PRO,,2029-06-30
URC,MUN,Wilco LOUW,2ème ligne,32,,152,Afrique du sud,PRO,,2028-06-30
URC,MUN,Will HARRISON,Ouverture,27,,94,Australie,PRO,,2028-06-30
URC,SCA,Alex GROVES,2ème ligne,25,,126,Afrique du sud,PRO,,2029-06-30
URC,SCA,Archer HOLZ,Pilier,26,,140,Australie,PRO,,2029-06-30
URC,SCA,Archie HUGHES,Mêlée,23,,88,Pays-de-Galles,PRO,,2028-06-30
URC,SCA,Blair MURRAY,Arrière,24,,71,Nouvelle-Zélande,PRO,,2029-06-30
URC,SCA,Corey DOMACHOWSKI,Pilier,30,,120,Pays-de-Galles,PRO,,2028-06-30
URC,SCA,Cullen GRACE,2ème ligne,26,,93,Nouvelle-Zélande,PRO,,2028-06-30
URC,SCA,Dan DAVIS,3ème ligne,28,,86,Pays-de-Galles,PRO,,2029-06-30
URC,SCA,Dane BLACKER,Mêlée,28,,70,Pays-de-Galles,PRO,,2029-06-30
URC,SCA,Denis MARCHOIS,Arrière,32,,100,France,PRO,,2028-06-30
URC,SCA,Eddie JAMES,Centre,24,,95,Pays-de-Galles,PRO,,2028-06-30
URC,SCA,Ellis MEE,Ailier,22,,83,Angleterre,PRO,,2029-06-30
URC,SCA,Facundo BOSCH,Mêlée,35,,100,Argentine,PRO,,2027-06-30
URC,SCA,Fletcher ANDERSON,3ème ligne,23,,104,Nouvelle-Zélande,PRO,,2028-06-30
URC,SCA,Gabe HAWLEY,Pilier,23,,129,Angleterre,PRO,,2029-06-30
URC,SCA,Gareth ANSCOMBE,Ouverture,35,,93,Nouvelle-Zélande,PRO,,2028-06-30
URC,SCA,Gareth DAVIES,Mêlée,36,,77,Pays-de-Galles,PRO,,2029-06-30
URC,SCA,George ROBERTS,Talonneur,28,,117,Pays-de-Galles,PRO,,2028-06-30
URC,SCA,Harri O'CONNOR,Pilier,25,,125,Angleterre,PRO,,2029-06-30
URC,SCA,Harvey CUCKSON,2ème ligne,22,,129,Angleterre,PRO,,2029-06-30
URC,SCA,Henry THOMAS,Pilier,34,,112,Angleterre,PRO,,2029-06-30
URC,SCA,Ioan JONES,Arrière,21,,81,Angleterre,PRO,,2028-06-30
URC,SCA,Ioan NICHOLAS,Centre,28,,85,Pays-de-Galles,PRO,,2028-06-30
URC,SCA,Isaac MURRAY-MACGREGOR,Arrière,20,,77,Nouvelle-Zélande,PRO,,2029-06-30
URC,SCA,Isaac YOUNG,Talonneur,22,,94,Pays-de-Galles,PRO,,2028-06-30
URC,SCA,Jac DAVIES,Arrière,23,,85,Pays-de-Galles,PRO,,2029-06-30
URC,SCA,Jac PRICE,2ème ligne,26,,106,Pays-de-Galles,PRO,,2028-06-30
URC,SCA,Joe HAWKINS,Centre,24,,102,Pays-de-Galles,PRO,,2029-06-30
URC,SCA,Joe ROBERTS,Centre,26,,89,Pays-de-Galles,PRO,,2029-06-30
URC,SCA,John MCKEE,Talonneur,26,,95,Irlande,PRO,,2028-06-30
URC,SCA,Johnny WILLIAMS,Centre,29,,91,Angleterre,PRO,,2029-06-30
URC,SCA,Josh MACLEOD,3ème ligne,29,,125,Pays-de-Galles,PRO,,2029-06-30
URC,SCA,Josh MORSE,Pilier,21,,108,Pays-de-Galles,PRO,,2028-06-30
URC,SCA,Kemsley MATHIAS,Pilier,27,,125,Pays-de-Galles,PRO,,2028-06-30
URC,SCA,Louis ORTOLAN,Ouverture,24,,115,France,PRO,,2029-06-30
URC,SCA,Luke TAGI,Pilier,29,,124,Fidji,PRO,,2027-06-30
URC,SCA,Macs PAGE,Centre,21,,73,Pays-de-Galles,PRO,,2029-06-30
URC,SCA,Martin VILLAR,Talonneur,23,,129,Argentine,PRO,,2029-06-30
URC,SCA,Matis PERCHAUD,2ème ligne,24,,108,France,PRO,,2028-06-30
URC,SCA,Osian WILLIAMS,3ème ligne,20,,100,Pays-de-Galles,PRO,,2028-06-30
URC,SCA,Pascal COTET,2ème ligne,32,,133,France,PRO,,2027-06-30
URC,SCA,Pierre CASTILLON,2ème ligne,23,,121,France,PRO,,2029-06-30
URC,SCA,Pieter SCHOLTZ,2ème ligne,32,,133,Afrique du sud,PRO,,2028-06-30
URC,SCA,Quentin BÉTHUNE,2ème ligne,31,,105,France,PRO,,2027-06-30
URC,SCA,Ryan ELIAS,Talonneur,31,,121,Pays-de-Galles,PRO,,2029-06-30
URC,SCA,Sam COSTELOW,Ouverture,25,,87,Pays-de-Galles,PRO,,2028-06-30
URC,SCA,Sam LOUSI,2ème ligne,35,,133,Nouvelle-Zélande,PRO,,2029-06-30
URC,SCA,Sam O'CONNOR,Pilier,24,,128,Pays-de-Galles,PRO,,2028-06-30
URC,SCA,Swan CORMENIER,3ème ligne,30,,114,France,PRO,,2028-06-30
URC,SCA,Taine PLUMTREE,2ème ligne,26,,108,Nouvelle-Zélande,PRO,,2028-06-30
URC,SCA,Tevita TATAFU,3ème ligne,23,,130,Tonga,PRO,,2028-06-30
URC,SCA,Thomas ACQUIER,Centre,36,,100,France,PRO,,2029-06-30
URC,SCA,Tom ALLEN,2ème ligne,22,,128,Nouvelle-Zélande,PRO,,2028-06-30
URC,SCA,Tomi LEWIS,Arrière,27,,97,Pays-de-Galles,PRO,,2028-06-30
URC,SCA,Tristan DAVIES,3ème ligne,25,,98,Pays-de-Galles,PRO,,2029-06-30
URC,SCA,Vincent GIUDICELLI,Centre,29,,113,France,PRO,,2028-06-30
URC,SCA,Will EVANS,2ème ligne,20,,126,Pays-de-Galles,PRO,,2029-06-30
URC,OSP,Akker VAN DER MERWE,3ème ligne,35,,109,Afrique du sud,PRO,,2028-06-30
URC,OSP,Ben ROBERTS,2ème ligne,25,,,Pays-de-Galles,PRO,,2029-06-30
URC,OSP,Ben WARREN,Pilier,26,,131,Pays-de-Galles,PRO,,2029-06-30
URC,OSP,Cameron HANEKOM,Ailier,24,,114,Afrique du sud,PRO,,2028-06-30
URC,OSP,Cameron JONES,Pilier,24,,133,Pays-de-Galles,PRO,,2028-06-30
URC,OSP,Cyle BRINK,Arrière,32,,102,Afrique du sud,PRO,,2029-06-30
URC,OSP,Dan EDWARDS,Ouverture,23,,75,Pays-de-Galles,PRO,,2029-06-30
URC,OSP,Dan JOHN,Centre,24,,84,Pays-de-Galles,PRO,,2029-06-30
URC,OSP,Deon SLABBERT,Mêlée,26,,111,Afrique du sud,PRO,,2028-06-30
URC,OSP,Dylan SMITH,Pilier,32,,108,Afrique du sud,PRO,,2028-06-30
URC,OSP,Efan DANIEL,Talonneur,23,,98,Pays-de-Galles,PRO,,2028-06-30
URC,OSP,Ethan LEWIS,Talonneur,32,,113,Pays-de-Galles,PRO,,2028-06-30
URC,OSP,Evardi BOSHOFF,Centre,27,,99,Afrique du sud,PRO,,2028-06-30
URC,OSP,François KLOPPER,Pilier,27,,128,Afrique du sud,PRO,,2028-06-30
URC,OSP,Gareth THOMAS,Pilier,33,,109,Pays-de-Galles,PRO,,2029-06-30
URC,OSP,Garyn PHILLIPS,Pilier,25,,131,Pays-de-Galles,PRO,,2029-06-30
URC,OSP,Gerhard STEENEKAMP,Pilier,29,,132,Afrique du sud,PRO,,2029-06-30
URC,OSP,Harri DEAVES-SMALL,3ème ligne,25,,94,Pays-de-Galles,PRO,,2029-06-30
URC,OSP,Harri HOUSTON,Ailier,22,,95,Pays-de-Galles,PRO,,2029-06-30
URC,OSP,Harri WILDE,Ouverture,21,,96,Pays-de-Galles,PRO,,2029-06-30
URC,OSP,Harri WILLIAMS,Mêlée,23,,77,Angleterre,PRO,,2029-06-30
URC,OSP,Huw SUTTON,2ème ligne,26,,119,Pays-de-Galles,PRO,,2028-06-30
URC,OSP,Iestyn HOPKINS,Arrière,24,,95,Pays-de-Galles,PRO,,2029-06-30
URC,OSP,JF VAN HEERDEN,Centre,22,,113,Afrique du sud,PRO,,2029-06-30
URC,OSP,James RATTI,2ème ligne,28,,133,Pays-de-Galles,PRO,,2029-06-30
URC,OSP,Jan-Hendrik WESSELS,3ème ligne,25,,118,Afrique du sud,PRO,,2028-06-30
URC,OSP,Janko SWANEPOEL,Ouverture,27,,118,Afrique du sud,PRO,,2029-06-30
URC,OSP,Jannes KIRSTEN,Ouverture,32,,116,Afrique du sud,PRO,,2027-06-30
URC,OSP,Joe VAN ZYL,3ème ligne,27,,110,Afrique du sud,PRO,,2028-06-30
URC,OSP,Johan GROBBELAAR,3ème ligne,28,,94,Afrique du sud,PRO,,2029-06-30
URC,OSP,Keelan GILES,Ailier,28,,95,Pays-de-Galles,PRO,,2029-06-30
URC,OSP,Keiran WILLIAMS,Centre,28,,85,Pays-de-Galles,PRO,,2029-06-30
URC,OSP,Khutha MCHUNU,Pilier,29,,114,Afrique du sud,PRO,,2029-06-30
URC,OSP,Kieran HARDY,Mêlée,30,,103,Pays-de-Galles,PRO,,2028-06-30
URC,OSP,Lalakai FOKETI,Centre,31,,97,Nouvelle-Zélande,PRO,,2028-06-30
URC,OSP,Lawson CREIGHTON,Ouverture,28,,84,Australie,PRO,,2029-06-30
URC,OSP,Lewis JONES,2ème ligne,24,,115,Pays-de-Galles,PRO,,2028-06-30
URC,OSP,Lewis LLOYD,Talonneur,23,,120,Pays-de-Galles,PRO,,2028-06-30
URC,OSP,Liam WRIGHT,3ème ligne,28,,109,Afrique du sud,PRO,,2029-06-30
URC,OSP,Luke DAVIES,Mêlée,24,,75,Pays-de-Galles,PRO,,2028-06-30
URC,OSP,Luke MORGAN,Ailier,34,,94,Pays-de-Galles,PRO,,2028-06-30
URC,OSP,Marika KOROIBETE,Ailier,34,,90,Fidji,PRO,,2028-06-30
URC,OSP,Math IORWERTH-SCOTT,Pilier,26,,130,Pays-de-Galles,PRO,,2028-06-30
URC,OSP,Merwe OLIVIER,Centre,23,,101,Afrique du sud,PRO,,2028-06-30
URC,OSP,Morgan MORRIS,3ème ligne,28,,115,Pays-de-Galles,PRO,,2028-06-30
URC,OSP,Morgan MORSE,3ème ligne,21,,114,Pays-de-Galles,PRO,,2028-06-30
URC,OSP,Mornay SMITH,Talonneur,28,,115,Afrique du sud,PRO,,2027-06-30
URC,OSP,Owen WATKIN,Centre,29,,119,Pays-de-Galles,PRO,,2028-06-30
URC,OSP,Reinhardt LUDWIG,Centre,24,,108,Afrique du sud,PRO,,2028-06-30
URC,OSP,Reuben MORGAN-WILLIAMS,Mêlée,28,,100,Pays-de-Galles,PRO,,2028-06-30
URC,OSP,Rhys DAVIES,2ème ligne,27,,118,Pays-de-Galles,PRO,,2029-06-30
URC,OSP,Rhys HENRY,Pilier,28,,117,Pays-de-Galles,PRO,,2029-06-30
URC,OSP,Robert HUNT,Talonneur,30,,120,Afrique du sud,PRO,,2029-06-30
URC,OSP,Ross MORIARTY,3ème ligne,32,,106,Angleterre,PRO,,2028-06-30
URC,OSP,Ruan NORTJÉ,Centre,28,,121,Afrique du sud,PRO,,2028-06-30
URC,OSP,Ruan VERMAAK,Ailier,28,,128,Afrique du sud,PRO,,2029-06-30
URC,OSP,Ryan SMITH,2ème ligne,30,,123,Australie,PRO,,2029-06-30
URC,OSP,Sam PARRY,Talonneur,34,,115,Pays-de-Galles,PRO,,2029-06-30
URC,OSP,Seb LOMBARD,2ème ligne,23,,134,Afrique du sud,PRO,,2028-06-30
URC,OSP,Simphiwe MATANZIMA,2ème ligne,29,,134,Afrique du sud,PRO,,2029-06-30
URC,OSP,Steff THOMAS,Pilier,29,,131,Pays-de-Galles,PRO,,2029-06-30
URC,OSP,Tiaan LANGE,Mêlée,24,,100,Afrique du sud,PRO,,2028-06-30
URC,OSP,Tielman NIEUWOUDT,2ème ligne,24,,136,Afrique du sud,PRO,,2028-06-30
URC,OSP,Tom BOTHA,Pilier,36,,113,Afrique du sud,PRO,,2028-06-30
URC,OSP,Tom ROGERS,Ailier,27,,76,Pays-de-Galles,PRO,,2028-06-30
URC,OSP,Wilco LOUW,2ème ligne,32,,159,Afrique du sud,PRO,,2028-06-30
URC,CON,Akker VAN DER MERWE,2ème ligne,35,,100,Afrique du sud,PRO,,2027-06-30
URC,CON,Ben MURPHY,Mêlée,25,,80,Irlande,PRO,,2028-06-30
URC,CON,Billy BOHAN,Pilier,20,,99,Irlande,PRO,,2031-06-30
URC,CON,Bundee AKI,Centre,36,,110,Nouvelle-Zélande,PRO,,2029-06-30
URC,CON,Byron RALSTON,Ailier,26,,96,Australie,PRO,,2029-06-30
URC,CON,Cameron HANEKOM,Ailier,24,,102,Afrique du sud,PRO,,2029-06-30
URC,CON,Caolin BLADE,Mêlée,32,,95,Irlande,PRO,,2029-06-30
URC,CON,Cathal FORDE,Centre,25,,87,Irlande,PRO,,2030-06-30
URC,CON,Cian PRENDERGAST,3ème ligne,26,,121,Irlande,PRO,,2029-06-30
URC,CON,Ciarán FRAWLEY,Ouverture,28,,86,Irlande,PRO,,2030-06-30
URC,CON,Colm REILLY,Mêlée,27,,81,Irlande,PRO,,2028-06-30
URC,CON,Cyle BRINK,Arrière,32,,129,Afrique du sud,PRO,,2029-06-30
URC,CON,Darragh MURRAY,2ème ligne,25,,124,Irlande,PRO,,2030-06-30
URC,CON,Dave HEFFERNAN,Talonneur,35,,120,Irlande,PRO,,2028-06-30
URC,CON,David O'CONNOR,2ème ligne,31,,95,Irlande,PRO,,2029-06-30
URC,CON,Deon SLABBERT,3ème ligne,26,,105,Afrique du sud,PRO,,2029-06-30
URC,CON,Dylan SMITH,Pilier,32,,102,Afrique du sud,PRO,,2028-06-30
URC,CON,Dylan TIERNEY-MARTIN,Talonneur,27,,108,Irlande,PRO,,2030-06-30
URC,CON,Elrigh LOUW,Arrière,27,,125,Afrique du sud,PRO,,2029-06-30
URC,CON,Eoin DE BUITLÉAR,Talonneur,24,,110,Irlande,PRO,,2028-06-30
URC,CON,Fiachna BARRETT,Pilier,23,,115,Irlande,PRO,,2028-06-30
URC,CON,Finlay BEALHAM,Pilier,34,,121,Australie,PRO,,2028-06-30
URC,CON,Finn TREACY,Ailier,22,,91,Irlande,PRO,,2029-06-30
URC,CON,François KLOPPER,Pilier,27,,134,Afrique du sud,PRO,,2029-06-30
URC,CON,François VAN WYK,Pilier,35,,118,Afrique du sud,PRO,,2028-06-30
URC,CON,Gerhard STEENEKAMP,Pilier,29,,130,Afrique du sud,PRO,,2029-06-30
URC,CON,Harry WEST,Arrière,23,,97,Irlande,PRO,,2029-06-30
URC,CON,Hugh GAVIN,Centre,22,,92,Irlande,PRO,,2029-06-30
URC,CON,JF VAN HEERDEN,Centre,22,,126,Afrique du sud,PRO,,2029-06-30
URC,CON,Jan-Hendrik WESSELS,3ème ligne,25,,119,Afrique du sud,PRO,,2028-06-30
URC,CON,Janko SWANEPOEL,Mêlée,27,,127,Afrique du sud,PRO,,2029-06-30
URC,CON,Jannes KIRSTEN,Ouverture,32,,114,Afrique du sud,PRO,,2027-06-30
URC,CON,Jerry CAHIR,Pilier,26,,119,Irlande,PRO,,2028-06-30
URC,CON,Joe VAN ZYL,3ème ligne,27,,125,Afrique du sud,PRO,,2028-06-30
URC,CON,Johan GROBBELAAR,3ème ligne,28,,118,Afrique du sud,PRO,,2028-06-30
URC,CON,John DEVINE,Centre,22,,113,Irlande,PRO,,2029-06-30
URC,CON,Jordan DUGGAN,Pilier,28,,111,Irlande,PRO,,2029-06-30
URC,CON,Josh IOANE,Ouverture,31,,90,Nouvelle-Zélande,PRO,,2028-06-30
URC,CON,Josh MURPHY,2ème ligne,31,,122,Irlande,PRO,,2028-06-30
URC,CON,Khutha MCHUNU,Pilier,29,,113,Afrique du sud,PRO,,2028-06-30
URC,CON,Mack HANSEN,Arrière,28,,102,Australie,PRO,,2029-06-30
URC,CON,Matthew VICTORY,Talonneur,23,,101,Irlande,PRO,,2028-06-30
URC,CON,Max FLYNN,3ème ligne,21,,109,Irlande,PRO,,2029-06-30
URC,CON,Merwe OLIVIER,Centre,23,,100,Afrique du sud,PRO,,2028-06-30
URC,CON,Mornay SMITH,Pilier,28,,110,Afrique du sud,PRO,,2028-06-30
URC,CON,Niall MURRAY,2ème ligne,26,,120,Irlande,PRO,,2028-06-30
URC,CON,Paul BOYLE,3ème ligne,29,,114,Irlande,PRO,,2029-06-30
URC,CON,Reinhardt LUDWIG,Centre,24,,119,Afrique du sud,PRO,,2028-06-30
URC,CON,Robert HUNT,Talonneur,30,,114,Afrique du sud,PRO,,2029-06-30
URC,CON,Ruan NORTJÉ,Ailier,28,,98,Afrique du sud,PRO,,2029-06-30
URC,CON,Ruan VERMAAK,Ailier,28,,126,Afrique du sud,PRO,,2029-06-30
URC,CON,Sam GILBERT,Ailier,27,,87,Nouvelle-Zélande,PRO,,2028-06-30
URC,CON,Sam ILLO,Pilier,25,,121,Irlande,PRO,,2028-06-30
URC,CON,Sean JANSEN,3ème ligne,27,,125,Nouvelle-Zélande,PRO,,2031-06-30
URC,CON,Seb LOMBARD,Talonneur,23,,113,Afrique du sud,PRO,,2029-06-30
URC,CON,Seán F. O'BRIEN,3ème ligne,26,,99,Irlande,PRO,,2030-06-30
URC,CON,Seán NAUGHTON,Ouverture,21,,75,Irlande,PRO,,2028-06-30
URC,CON,Shamus HURLEY-LANGTON,3ème ligne,26,,109,Nouvelle-Zélande,PRO,,2029-06-30
URC,CON,Shane JENNINGS,Ailier,25,,89,Irlande,PRO,,2028-06-30
URC,CON,Shayne BOLTON,Ailier,26,,93,Afrique du sud,PRO,,2030-06-30
URC,CON,Simphiwe MATANZIMA,Talonneur,29,,114,Afrique du sud,PRO,,2028-06-30
URC,CON,Tiaan LANGE,3ème ligne,24,,109,Afrique du sud,PRO,,2028-06-30
URC,CON,Tielman NIEUWOUDT,2ème ligne,24,,143,Afrique du sud,PRO,,2029-06-30
URC,CON,Tom CONNOLLY,Pilier,26,,,Irlande,PRO,,2028-06-30
URC,CON,Wilco LOUW,2ème ligne,32,,132,Afrique du sud,PRO,,2027-06-30
URC,CON,Will CONNORS,3ème ligne,30,,114,Irlande,PRO,,2029-06-30
URC,ZEB,Alessandro FUSCO,Mêlée,26,,76,Italie,PRO,,2031-06-30
URC,ZEB,Alessandro ORTOMBINA,3ème ligne,23,,103,Italie,PRO,,2029-06-30
URC,ZEB,Alex MATTIOLI,2ème ligne,23,,123,Italie,PRO,,2030-06-30
URC,ZEB,Bautista STAVILE,3ème ligne,29,,86,Argentine,PRO,,2029-06-30
URC,ZEB,Damiano MAZZA,Centre,27,,96,Italie,PRO,,2029-06-30
URC,ZEB,David ODIASE,3ème ligne,23,,100,Italie,PRO,,2029-06-30
URC,ZEB,Davide RUGGERI,3ème ligne,27,,119,Italie,PRO,,2028-06-30
URC,ZEB,Facundo BOSCH,Centre,35,,90,Argentine,PRO,,2027-06-30
URC,ZEB,Federico PISANI,Pilier,22,,127,Italie,PRO,,2028-06-30
URC,ZEB,Filippo ALONGI,Pilier,26,,104,Italie,PRO,,2028-06-30
URC,ZEB,Francesco RUFFOLO,3ème ligne,23,,132,Italie,PRO,,2029-06-30
URC,ZEB,Francisco MINERVINO,Talonneur,27,,126,Argentine,PRO,,2029-06-30
URC,ZEB,Franco CARRERA,2ème ligne,27,,102,Argentine,PRO,,2028-06-30
URC,ZEB,Giacomo DA RE,Ouverture,27,,83,Italie,PRO,,2030-06-30
URC,ZEB,Giacomo FERRARI,3ème ligne,24,,103,Italie,PRO,,2029-06-30
URC,ZEB,Giampietro RIBALDI,Talonneur,29,,114,Italie,PRO,,2029-06-30
URC,ZEB,Giovanni LICATA,3ème ligne,29,,111,Italie,PRO,,2029-06-30
URC,ZEB,Giovanni MONTEMAURI,Ouverture,25,,90,Italie,PRO,,2030-06-30
URC,ZEB,Giovanni QUATTRINI,Talonneur,23,,101,Italie,PRO,,2028-06-30
URC,ZEB,Giulio BERTACCINI,Centre,25,,87,Italie,PRO,,2028-06-30
URC,ZEB,Jacopo BOTTURI,3ème ligne,22,,119,Italie,PRO,,2029-06-30
URC,ZEB,Jacopo TRULLA,Ailier,26,,73,Italie,PRO,,2030-06-30
URC,ZEB,Juan BARBOTTI,Pilier,29,,132,Argentine,PRO,,2029-06-30
URC,ZEB,Juan PITINARI,Pilier,31,,121,Argentine,PRO,,2028-06-30
URC,ZEB,Juan-Ignacio CASTELLANO,Pilier,32,,134,Argentine,PRO,,2029-06-30
URC,ZEB,Leonard KRUMOV,2ème ligne,30,,109,Italie,PRO,,2029-06-30
URC,ZEB,Leonardo SODO MIGLIORI,Ailier,22,,122,Italie,PRO,,2028-06-30
URC,ZEB,Lorenzo CITTON,Mêlée,27,,108,Italie,PRO,,2030-06-30
URC,ZEB,Lorenzo PANI,Arrière,24,,86,Italie,PRO,,2028-06-30
URC,ZEB,Luca FRANCESCHETTO,Pilier,27,,136,Italie,PRO,,2029-06-30
URC,ZEB,Luca RIZZOLI,Pilier,24,,124,Italie,PRO,,2030-06-30
URC,ZEB,Luke TAGI,Pilier,29,,129,Fidji,PRO,,2027-06-30
URC,ZEB,Marco ZANON,Centre,28,,103,Italie,PRO,,2028-06-30
URC,ZEB,Martin VILLAR,Talonneur,23,,113,Argentine,PRO,,2028-06-30
URC,ZEB,Matis PERCHAUD,2ème ligne,24,,106,France,PRO,,2029-06-30
URC,ZEB,Matteo CANALI,2ème ligne,28,,123,Italie,PRO,,2030-06-30
URC,ZEB,Mirko BELLONI,Ailier,22,,105,Italie,PRO,,2028-06-30
URC,ZEB,Muhamed HASA,Pilier,25,,112,Italie,PRO,,2030-06-30
URC,ZEB,Paolo BUONFIGLIO,Pilier,31,,110,Italie,PRO,,2029-06-30
URC,ZEB,Pascal COTET,2ème ligne,32,,108,France,PRO,,2028-06-30
URC,ZEB,Patricio BARONIO,Mêlée,30,,84,Argentine,PRO,,2028-06-30
URC,ZEB,Pierre CASTILLON,3ème ligne,23,,100,France,PRO,,2029-06-30
URC,ZEB,Pieter SCHOLTZ,3ème ligne,32,,126,Afrique du sud,PRO,,2027-06-30
URC,ZEB,Pietro TURRISI,2ème ligne,23,,113,Italie,PRO,,2030-06-30
URC,ZEB,Quentin BÉTHUNE,3ème ligne,31,,120,France,PRO,,2029-06-30
URC,ZEB,Samuele LOCATELLI,3ème ligne,25,,95,Italie,PRO,,2030-06-30
URC,ZEB,Sergio PELLICCIOLI,Pilier,21,,114,Italie,PRO,,2029-06-30
URC,ZEB,Simone GESI,Ailier,25,,76,Italie,PRO,,2029-06-30
URC,ZEB,Swan CORMENIER,Mêlée,30,,122,France,PRO,,2029-06-30
URC,ZEB,Tevita TATAFU,Ouverture,23,,127,Tonga,PRO,,2028-06-30
URC,ZEB,Thomas DOMINGUEZ,Mêlée,26,,91,Argentine,PRO,,2029-06-30
URC,ZEB,Tommaso ALLAN,Ouverture,33,,96,Italie,PRO,,2029-06-30
URC,ZEB,Tommaso DI BARTOLOMEO,Talonneur,25,,112,Italie,PRO,,2029-06-30
URC,ZEB,Zane BESTER,Centre,24,,75,Afrique du sud,PRO,,2028-06-30
